backend,n_qubits,benchmark,seed,temp_mK,hot_frac,profile_seed,method,metric_type,metric_val,esp_standard,esp_thermal,esp_thermal_gate,cx_count,depth,layout_changed,hot_qubits
fake_vigo,3,ghz,0,15,0.0,0,qiskit_L0,success_prob,0.41796875,0.8520527582068321,0.8520518292364438,0.8520527562261434,2,6,False,[]
fake_vigo,3,ghz,1,15,0.0,0,qiskit_L0,success_prob,0.4443359375,0.8520527582068321,0.8520518292364438,0.8520527562261434,2,6,False,[]
fake_vigo,3,ghz,2,15,0.0,0,qiskit_L0,success_prob,0.458984375,0.8520527582068321,0.8520518292364438,0.8520527562261434,2,6,False,[]
fake_vigo,3,ghz,3,15,0.0,0,qiskit_L0,success_prob,0.4365234375,0.8520527582068321,0.8520518292364438,0.8520527562261434,2,6,False,[]
fake_vigo,3,ghz,4,15,0.0,0,qiskit_L0,success_prob,0.427734375,0.8520527582068321,0.8520518292364438,0.8520527562261434,2,6,False,[]
fake_vigo,3,ghz,0,15,0.0,0,qiskit_L1,success_prob,0.41796875,0.8520527582068321,0.8520518292364438,0.8520527562261434,2,6,False,[]
fake_vigo,3,ghz,1,15,0.0,0,qiskit_L1,success_prob,0.4443359375,0.8520527582068321,0.8520518292364438,0.8520527562261434,2,6,False,[]
fake_vigo,3,ghz,2,15,0.0,0,qiskit_L1,success_prob,0.458984375,0.8520527582068321,0.8520518292364438,0.8520527562261434,2,6,False,[]
fake_vigo,3,ghz,3,15,0.0,0,qiskit_L1,success_prob,0.4365234375,0.8520527582068321,0.8520518292364438,0.8520527562261434,2,6,False,[]
fake_vigo,3,ghz,4,15,0.0,0,qiskit_L1,success_prob,0.427734375,0.8520527582068321,0.8520518292364438,0.8520527562261434,2,6,False,[]
fake_vigo,3,ghz,0,15,0.0,0,qiskit_L3,success_prob,0.4599609375,0.9120050539100861,0.9120040737123967,0.912005051739687,2,6,False,[]
fake_vigo,3,ghz,1,15,0.0,0,qiskit_L3,success_prob,0.4736328125,0.9120050539100861,0.9120040737123967,0.912005051739687,2,6,False,[]
fake_vigo,3,ghz,2,15,0.0,0,qiskit_L3,success_prob,0.4921875,0.9120050539100861,0.9120040737123967,0.912005051739687,2,6,False,[]
fake_vigo,3,ghz,3,15,0.0,0,qiskit_L3,success_prob,0.46484375,0.9120050539100861,0.9120040737123967,0.912005051739687,2,6,False,[]
fake_vigo,3,ghz,4,15,0.0,0,qiskit_L3,success_prob,0.451171875,0.9120050539100861,0.9120040737123967,0.912005051739687,2,6,False,[]
fake_vigo,3,ghz,0,15,0.0,0,esp_no_thermal,success_prob,0.458984375,0.9131207011563436,0.9131197197595875,0.9131206991846489,2,6,False,[]
fake_vigo,3,ghz,1,15,0.0,0,esp_no_thermal,success_prob,0.4775390625,0.9131207011563436,0.9131197197595875,0.9131206991846489,2,6,False,[]
fake_vigo,3,ghz,2,15,0.0,0,esp_no_thermal,success_prob,0.4892578125,0.9131207011563436,0.9131197197595875,0.9131206991846489,2,6,False,[]
fake_vigo,3,ghz,3,15,0.0,0,esp_no_thermal,success_prob,0.4658203125,0.9131207011563436,0.9131197197595875,0.9131206991846489,2,6,False,[]
fake_vigo,3,ghz,4,15,0.0,0,esp_no_thermal,success_prob,0.4560546875,0.9131207011563436,0.9131197197595875,0.9131206991846489,2,6,False,[]
fake_vigo,3,ghz,0,15,0.0,0,esp_thermal,success_prob,0.458984375,0.9131207011563436,0.9131197197595875,0.9131206991846489,2,6,False,[]
fake_vigo,3,ghz,1,15,0.0,0,esp_thermal,success_prob,0.4775390625,0.9131207011563436,0.9131197197595875,0.9131206991846489,2,6,False,[]
fake_vigo,3,ghz,2,15,0.0,0,esp_thermal,success_prob,0.4892578125,0.9131207011563436,0.9131197197595875,0.9131206991846489,2,6,False,[]
fake_vigo,3,ghz,3,15,0.0,0,esp_thermal,success_prob,0.4658203125,0.9131207011563436,0.9131197197595875,0.9131206991846489,2,6,False,[]
fake_vigo,3,ghz,4,15,0.0,0,esp_thermal,success_prob,0.4560546875,0.9131207011563436,0.9131197197595875,0.9131206991846489,2,6,False,[]
fake_vigo,3,ghz,0,15,0.4,0,qiskit_L0,success_prob,0.41796875,0.8520527582068321,0.8322807228791632,0.8520187197279896,2,6,False,"[2, 0]"
fake_vigo,3,ghz,1,15,0.4,0,qiskit_L0,success_prob,0.4443359375,0.8520527582068321,0.8322807228791632,0.8520187197279896,2,6,False,"[2, 0]"
fake_vigo,3,ghz,2,15,0.4,0,qiskit_L0,success_prob,0.458984375,0.8520527582068321,0.8322807228791632,0.8520187197279896,2,6,False,"[2, 0]"
fake_vigo,3,ghz,3,15,0.4,0,qiskit_L0,success_prob,0.4365234375,0.8520527582068321,0.8322807228791632,0.8520187197279896,2,6,False,"[2, 0]"
fake_vigo,3,ghz,4,15,0.4,0,qiskit_L0,success_prob,0.427734375,0.8520527582068321,0.8322807228791632,0.8520187197279896,2,6,False,"[2, 0]"
fake_vigo,3,ghz,0,15,0.4,0,qiskit_L1,success_prob,0.41796875,0.8520527582068321,0.8322807228791632,0.8520187197279896,2,6,False,"[2, 0]"
fake_vigo,3,ghz,1,15,0.4,0,qiskit_L1,success_prob,0.4443359375,0.8520527582068321,0.8322807228791632,0.8520187197279896,2,6,False,"[2, 0]"
fake_vigo,3,ghz,2,15,0.4,0,qiskit_L1,success_prob,0.458984375,0.8520527582068321,0.8322807228791632,0.8520187197279896,2,6,False,"[2, 0]"
fake_vigo,3,ghz,3,15,0.4,0,qiskit_L1,success_prob,0.4365234375,0.8520527582068321,0.8322807228791632,0.8520187197279896,2,6,False,"[2, 0]"
fake_vigo,3,ghz,4,15,0.4,0,qiskit_L1,success_prob,0.427734375,0.8520527582068321,0.8322807228791632,0.8520187197279896,2,6,False,"[2, 0]"
fake_vigo,3,ghz,0,15,0.4,0,qiskit_L3,success_prob,0.4599609375,0.9120050539100861,0.9015687232174715,0.9119897206533777,2,6,False,"[2, 0]"
fake_vigo,3,ghz,1,15,0.4,0,qiskit_L3,success_prob,0.4736328125,0.9120050539100861,0.9015687232174715,0.9119897206533777,2,6,False,"[2, 0]"
fake_vigo,3,ghz,2,15,0.4,0,qiskit_L3,success_prob,0.4921875,0.9120050539100861,0.9015687232174715,0.9119897206533777,2,6,False,"[2, 0]"
fake_vigo,3,ghz,3,15,0.4,0,qiskit_L3,success_prob,0.46484375,0.9120050539100861,0.9015687232174715,0.9119897206533777,2,6,False,"[2, 0]"
fake_vigo,3,ghz,4,15,0.4,0,qiskit_L3,success_prob,0.451171875,0.9120050539100861,0.9015687232174715,0.9119897206533777,2,6,False,"[2, 0]"
fake_vigo,3,ghz,0,15,0.4,0,esp_no_thermal,success_prob,0.458984375,0.9131207011563436,0.9026716037980747,0.9131090035623127,2,6,False,"[2, 0]"
fake_vigo,3,ghz,1,15,0.4,0,esp_no_thermal,success_prob,0.4775390625,0.9131207011563436,0.9026716037980747,0.9131090035623127,2,6,False,"[2, 0]"
fake_vigo,3,ghz,2,15,0.4,0,esp_no_thermal,success_prob,0.4892578125,0.9131207011563436,0.9026716037980747,0.9131090035623127,2,6,False,"[2, 0]"
fake_vigo,3,ghz,3,15,0.4,0,esp_no_thermal,success_prob,0.466796875,0.9131207011563436,0.9026716037980747,0.9131090035623127,2,6,False,"[2, 0]"
fake_vigo,3,ghz,4,15,0.4,0,esp_no_thermal,success_prob,0.4560546875,0.9131207011563436,0.9026716037980747,0.9131090035623127,2,6,False,"[2, 0]"
fake_vigo,3,ghz,0,15,0.4,0,esp_thermal,success_prob,0.458984375,0.9131207011563436,0.9026716037980747,0.9131090035623127,2,6,False,"[2, 0]"
fake_vigo,3,ghz,1,15,0.4,0,esp_thermal,success_prob,0.4775390625,0.9131207011563436,0.9026716037980747,0.9131090035623127,2,6,False,"[2, 0]"
fake_vigo,3,ghz,2,15,0.4,0,esp_thermal,success_prob,0.4892578125,0.9131207011563436,0.9026716037980747,0.9131090035623127,2,6,False,"[2, 0]"
fake_vigo,3,ghz,3,15,0.4,0,esp_thermal,success_prob,0.466796875,0.9131207011563436,0.9026716037980747,0.9131090035623127,2,6,False,"[2, 0]"
fake_vigo,3,ghz,4,15,0.4,0,esp_thermal,success_prob,0.4560546875,0.9131207011563436,0.9026716037980747,0.9131090035623127,2,6,False,"[2, 0]"
fake_vigo,3,ghz,0,50,0.0,0,qiskit_L0,success_prob,0.41796875,0.8520527582068321,0.8052234427949037,0.851946977412257,2,6,False,[]
fake_vigo,3,ghz,1,50,0.0,0,qiskit_L0,success_prob,0.4443359375,0.8520527582068321,0.8052234427949037,0.851946977412257,2,6,False,[]
fake_vigo,3,ghz,2,50,0.0,0,qiskit_L0,success_prob,0.458984375,0.8520527582068321,0.8052234427949037,0.851946977412257,2,6,False,[]
fake_vigo,3,ghz,3,50,0.0,0,qiskit_L0,success_prob,0.4365234375,0.8520527582068321,0.8052234427949037,0.851946977412257,2,6,False,[]
fake_vigo,3,ghz,4,50,0.0,0,qiskit_L0,success_prob,0.427734375,0.8520527582068321,0.8052234427949037,0.851946977412257,2,6,False,[]
fake_vigo,3,ghz,0,50,0.0,0,qiskit_L1,success_prob,0.41796875,0.8520527582068321,0.8052234427949037,0.851946977412257,2,6,False,[]
fake_vigo,3,ghz,1,50,0.0,0,qiskit_L1,success_prob,0.4443359375,0.8520527582068321,0.8052234427949037,0.851946977412257,2,6,False,[]
fake_vigo,3,ghz,2,50,0.0,0,qiskit_L1,success_prob,0.458984375,0.8520527582068321,0.8052234427949037,0.851946977412257,2,6,False,[]
fake_vigo,3,ghz,3,50,0.0,0,qiskit_L1,success_prob,0.4365234375,0.8520527582068321,0.8052234427949037,0.851946977412257,2,6,False,[]
fake_vigo,3,ghz,4,50,0.0,0,qiskit_L1,success_prob,0.427734375,0.8520527582068321,0.8052234427949037,0.851946977412257,2,6,False,[]
fake_vigo,3,ghz,0,50,0.0,0,qiskit_L3,success_prob,0.458984375,0.9120050539100861,0.8620667836579629,0.9118877966938576,2,6,False,[]
fake_vigo,3,ghz,1,50,0.0,0,qiskit_L3,success_prob,0.4755859375,0.9120050539100861,0.8620667836579629,0.9118877966938576,2,6,False,[]
fake_vigo,3,ghz,2,50,0.0,0,qiskit_L3,success_prob,0.4921875,0.9120050539100861,0.8620667836579629,0.9118877966938576,2,6,False,[]
fake_vigo,3,ghz,3,50,0.0,0,qiskit_L3,success_prob,0.46484375,0.9120050539100861,0.8620667836579629,0.9118877966938576,2,6,False,[]
fake_vigo,3,ghz,4,50,0.0,0,qiskit_L3,success_prob,0.451171875,0.9120050539100861,0.8620667836579629,0.9118877966938576,2,6,False,[]
fake_vigo,3,ghz,0,50,0.0,0,esp_no_thermal,success_prob,0.458984375,0.9131207011563436,0.8631213418856334,0.9130143956490727,2,6,False,[]
fake_vigo,3,ghz,1,50,0.0,0,esp_no_thermal,success_prob,0.4775390625,0.9131207011563436,0.8631213418856334,0.9130143956490727,2,6,False,[]
fake_vigo,3,ghz,2,50,0.0,0,esp_no_thermal,success_prob,0.4892578125,0.9131207011563436,0.8631213418856334,0.9130143956490727,2,6,False,[]
fake_vigo,3,ghz,3,50,0.0,0,esp_no_thermal,success_prob,0.466796875,0.9131207011563436,0.8631213418856334,0.9130143956490727,2,6,False,[]
fake_vigo,3,ghz,4,50,0.0,0,esp_no_thermal,success_prob,0.455078125,0.9131207011563436,0.8631213418856334,0.9130143956490727,2,6,False,[]
fake_vigo,3,ghz,0,50,0.0,0,esp_thermal,success_prob,0.458984375,0.9131207011563436,0.8631213418856334,0.9130143956490727,2,6,False,[]
fake_vigo,3,ghz,1,50,0.0,0,esp_thermal,success_prob,0.4775390625,0.9131207011563436,0.8631213418856334,0.9130143956490727,2,6,False,[]
fake_vigo,3,ghz,2,50,0.0,0,esp_thermal,success_prob,0.4892578125,0.9131207011563436,0.8631213418856334,0.9130143956490727,2,6,False,[]
fake_vigo,3,ghz,3,50,0.0,0,esp_thermal,success_prob,0.466796875,0.9131207011563436,0.8631213418856334,0.9130143956490727,2,6,False,[]
fake_vigo,3,ghz,4,50,0.0,0,esp_thermal,success_prob,0.455078125,0.9131207011563436,0.8631213418856334,0.9130143956490727,2,6,False,[]
fake_vigo,3,ghz,0,50,0.4,0,qiskit_L0,success_prob,0.4169921875,0.8520527582068321,0.38518750142331026,0.8509828058284704,2,6,True,"[2, 0]"
fake_vigo,3,ghz,1,50,0.4,0,qiskit_L0,success_prob,0.4453125,0.8520527582068321,0.38518750142331026,0.8509828058284704,2,6,True,"[2, 0]"
fake_vigo,3,ghz,2,50,0.4,0,qiskit_L0,success_prob,0.45703125,0.8520527582068321,0.38518750142331026,0.8509828058284704,2,6,True,"[2, 0]"
fake_vigo,3,ghz,3,50,0.4,0,qiskit_L0,success_prob,0.4375,0.8520527582068321,0.38518750142331026,0.8509828058284704,2,6,True,"[2, 0]"
fake_vigo,3,ghz,4,50,0.4,0,qiskit_L0,success_prob,0.4267578125,0.8520527582068321,0.38518750142331026,0.8509828058284704,2,6,True,"[2, 0]"
fake_vigo,3,ghz,0,50,0.4,0,qiskit_L1,success_prob,0.4169921875,0.8520527582068321,0.38518750142331026,0.8509828058284704,2,6,True,"[2, 0]"
fake_vigo,3,ghz,1,50,0.4,0,qiskit_L1,success_prob,0.4453125,0.8520527582068321,0.38518750142331026,0.8509828058284704,2,6,True,"[2, 0]"
fake_vigo,3,ghz,2,50,0.4,0,qiskit_L1,success_prob,0.45703125,0.8520527582068321,0.38518750142331026,0.8509828058284704,2,6,True,"[2, 0]"
fake_vigo,3,ghz,3,50,0.4,0,qiskit_L1,success_prob,0.4375,0.8520527582068321,0.38518750142331026,0.8509828058284704,2,6,True,"[2, 0]"
fake_vigo,3,ghz,4,50,0.4,0,qiskit_L1,success_prob,0.4267578125,0.8520527582068321,0.38518750142331026,0.8509828058284704,2,6,True,"[2, 0]"
fake_vigo,3,ghz,0,50,0.4,0,qiskit_L3,success_prob,0.4580078125,0.9120050539100861,0.5972756508863275,0.9114442390683071,2,6,True,"[2, 0]"
fake_vigo,3,ghz,1,50,0.4,0,qiskit_L3,success_prob,0.4755859375,0.9120050539100861,0.5972756508863275,0.9114442390683071,2,6,True,"[2, 0]"
fake_vigo,3,ghz,2,50,0.4,0,qiskit_L3,success_prob,0.4921875,0.9120050539100861,0.5972756508863275,0.9114442390683071,2,6,True,"[2, 0]"
fake_vigo,3,ghz,3,50,0.4,0,qiskit_L3,success_prob,0.46484375,0.9120050539100861,0.5972756508863275,0.9114442390683071,2,6,True,"[2, 0]"
fake_vigo,3,ghz,4,50,0.4,0,qiskit_L3,success_prob,0.451171875,0.9120050539100861,0.5972756508863275,0.9114442390683071,2,6,True,"[2, 0]"
fake_vigo,3,ghz,0,50,0.4,0,esp_no_thermal,success_prob,0.458984375,0.9131207011563436,0.5980062925996723,0.9126759984178985,2,6,True,"[2, 0]"
fake_vigo,3,ghz,1,50,0.4,0,esp_no_thermal,success_prob,0.4775390625,0.9131207011563436,0.5980062925996723,0.9126759984178985,2,6,True,"[2, 0]"
fake_vigo,3,ghz,2,50,0.4,0,esp_no_thermal,success_prob,0.4892578125,0.9131207011563436,0.5980062925996723,0.9126759984178985,2,6,True,"[2, 0]"
fake_vigo,3,ghz,3,50,0.4,0,esp_no_thermal,success_prob,0.466796875,0.9131207011563436,0.5980062925996723,0.9126759984178985,2,6,True,"[2, 0]"
fake_vigo,3,ghz,4,50,0.4,0,esp_no_thermal,success_prob,0.455078125,0.9131207011563436,0.5980062925996723,0.9126759984178985,2,6,True,"[2, 0]"
fake_vigo,3,ghz,0,50,0.4,0,esp_thermal,success_prob,0.4521484375,0.8917571007600869,0.8415771240055084,0.8916315316323359,2,6,True,"[2, 0]"
fake_vigo,3,ghz,1,50,0.4,0,esp_thermal,success_prob,0.4658203125,0.8917571007600869,0.8415771240055084,0.8916315316323359,2,6,True,"[2, 0]"
fake_vigo,3,ghz,2,50,0.4,0,esp_thermal,success_prob,0.482421875,0.8917571007600869,0.8415771240055084,0.8916315316323359,2,6,True,"[2, 0]"
fake_vigo,3,ghz,3,50,0.4,0,esp_thermal,success_prob,0.45703125,0.8917571007600869,0.8415771240055084,0.8916315316323359,2,6,True,"[2, 0]"
fake_vigo,3,ghz,4,50,0.4,0,esp_thermal,success_prob,0.4443359375,0.8917571007600869,0.8415771240055084,0.8916315316323359,2,6,True,"[2, 0]"
fake_vigo,3,ghz,0,120,0.0,0,qiskit_L0,success_prob,0.416015625,0.8520527582068321,0.38131220801558907,0.8506246258320516,2,6,False,[]
fake_vigo,3,ghz,1,120,0.0,0,qiskit_L0,success_prob,0.4453125,0.8520527582068321,0.38131220801558907,0.8506246258320516,2,6,False,[]
fake_vigo,3,ghz,2,120,0.0,0,qiskit_L0,success_prob,0.4560546875,0.8520527582068321,0.38131220801558907,0.8506246258320516,2,6,False,[]
fake_vigo,3,ghz,3,120,0.0,0,qiskit_L0,success_prob,0.4375,0.8520527582068321,0.38131220801558907,0.8506246258320516,2,6,False,[]
fake_vigo,3,ghz,4,120,0.0,0,qiskit_L0,success_prob,0.4267578125,0.8520527582068321,0.38131220801558907,0.8506246258320516,2,6,False,[]
fake_vigo,3,ghz,0,120,0.0,0,qiskit_L1,success_prob,0.416015625,0.8520527582068321,0.38131220801558907,0.8506246258320516,2,6,False,[]
fake_vigo,3,ghz,1,120,0.0,0,qiskit_L1,success_prob,0.4453125,0.8520527582068321,0.38131220801558907,0.8506246258320516,2,6,False,[]
fake_vigo,3,ghz,2,120,0.0,0,qiskit_L1,success_prob,0.4560546875,0.8520527582068321,0.38131220801558907,0.8506246258320516,2,6,False,[]
fake_vigo,3,ghz,3,120,0.0,0,qiskit_L1,success_prob,0.4375,0.8520527582068321,0.38131220801558907,0.8506246258320516,2,6,False,[]
fake_vigo,3,ghz,4,120,0.0,0,qiskit_L1,success_prob,0.4267578125,0.8520527582068321,0.38131220801558907,0.8506246258320516,2,6,False,[]
fake_vigo,3,ghz,0,120,0.0,0,qiskit_L3,success_prob,0.45703125,0.9120050539100861,0.4086182457788924,0.9104180948289071,2,6,False,[]
fake_vigo,3,ghz,1,120,0.0,0,qiskit_L3,success_prob,0.4755859375,0.9120050539100861,0.4086182457788924,0.9104180948289071,2,6,False,[]
fake_vigo,3,ghz,2,120,0.0,0,qiskit_L3,success_prob,0.490234375,0.9120050539100861,0.4086182457788924,0.9104180948289071,2,6,False,[]
fake_vigo,3,ghz,3,120,0.0,0,qiskit_L3,success_prob,0.4658203125,0.9120050539100861,0.4086182457788924,0.9104180948289071,2,6,False,[]
fake_vigo,3,ghz,4,120,0.0,0,qiskit_L3,success_prob,0.4501953125,0.9120050539100861,0.4086182457788924,0.9104180948289071,2,6,False,[]
fake_vigo,3,ghz,0,120,0.0,0,esp_no_thermal,success_prob,0.45703125,0.9131207011563436,0.40911810465436604,0.9116825470968846,2,6,False,[]
fake_vigo,3,ghz,1,120,0.0,0,esp_no_thermal,success_prob,0.4775390625,0.9131207011563436,0.40911810465436604,0.9116825470968846,2,6,False,[]
fake_vigo,3,ghz,2,120,0.0,0,esp_no_thermal,success_prob,0.4892578125,0.9131207011563436,0.40911810465436604,0.9116825470968846,2,6,False,[]
fake_vigo,3,ghz,3,120,0.0,0,esp_no_thermal,success_prob,0.466796875,0.9131207011563436,0.40911810465436604,0.9116825470968846,2,6,False,[]
fake_vigo,3,ghz,4,120,0.0,0,esp_no_thermal,success_prob,0.455078125,0.9131207011563436,0.40911810465436604,0.9116825470968846,2,6,False,[]
fake_vigo,3,ghz,0,120,0.0,0,esp_thermal,success_prob,0.45703125,0.9131207011563436,0.40911810465436604,0.9116825470968846,2,6,False,[]
fake_vigo,3,ghz,1,120,0.0,0,esp_thermal,success_prob,0.4775390625,0.9131207011563436,0.40911810465436604,0.9116825470968846,2,6,False,[]
fake_vigo,3,ghz,2,120,0.0,0,esp_thermal,success_prob,0.4892578125,0.9131207011563436,0.40911810465436604,0.9116825470968846,2,6,False,[]
fake_vigo,3,ghz,3,120,0.0,0,esp_thermal,success_prob,0.466796875,0.9131207011563436,0.40911810465436604,0.9116825470968846,2,6,False,[]
fake_vigo,3,ghz,4,120,0.0,0,esp_thermal,success_prob,0.455078125,0.9131207011563436,0.40911810465436604,0.9116825470968846,2,6,False,[]
fake_vigo,3,ghz,0,120,0.4,0,qiskit_L0,success_prob,0.416015625,0.8520527582068321,0.30229354070442144,0.8503405265579271,2,6,True,"[2, 0]"
fake_vigo,3,ghz,1,120,0.4,0,qiskit_L0,success_prob,0.4453125,0.8520527582068321,0.30229354070442144,0.8503405265579271,2,6,True,"[2, 0]"
fake_vigo,3,ghz,2,120,0.4,0,qiskit_L0,success_prob,0.4560546875,0.8520527582068321,0.30229354070442144,0.8503405265579271,2,6,True,"[2, 0]"
fake_vigo,3,ghz,3,120,0.4,0,qiskit_L0,success_prob,0.4375,0.8520527582068321,0.30229354070442144,0.8503405265579271,2,6,True,"[2, 0]"
fake_vigo,3,ghz,4,120,0.4,0,qiskit_L0,success_prob,0.4267578125,0.8520527582068321,0.30229354070442144,0.8503405265579271,2,6,True,"[2, 0]"
fake_vigo,3,ghz,0,120,0.4,0,qiskit_L1,success_prob,0.416015625,0.8520527582068321,0.30229354070442144,0.8503405265579271,2,6,True,"[2, 0]"
fake_vigo,3,ghz,1,120,0.4,0,qiskit_L1,success_prob,0.4453125,0.8520527582068321,0.30229354070442144,0.8503405265579271,2,6,True,"[2, 0]"
fake_vigo,3,ghz,2,120,0.4,0,qiskit_L1,success_prob,0.4560546875,0.8520527582068321,0.30229354070442144,0.8503405265579271,2,6,True,"[2, 0]"
fake_vigo,3,ghz,3,120,0.4,0,qiskit_L1,success_prob,0.4375,0.8520527582068321,0.30229354070442144,0.8503405265579271,2,6,True,"[2, 0]"
fake_vigo,3,ghz,4,120,0.4,0,qiskit_L1,success_prob,0.4267578125,0.8520527582068321,0.30229354070442144,0.8503405265579271,2,6,True,"[2, 0]"
fake_vigo,3,ghz,0,120,0.4,0,qiskit_L3,success_prob,0.45703125,0.9120050539100861,0.36389935091208603,0.9102868555539544,2,6,True,"[2, 0]"
fake_vigo,3,ghz,1,120,0.4,0,qiskit_L3,success_prob,0.4755859375,0.9120050539100861,0.36389935091208603,0.9102868555539544,2,6,True,"[2, 0]"
fake_vigo,3,ghz,2,120,0.4,0,qiskit_L3,success_prob,0.490234375,0.9120050539100861,0.36389935091208603,0.9102868555539544,2,6,True,"[2, 0]"
fake_vigo,3,ghz,3,120,0.4,0,qiskit_L3,success_prob,0.4658203125,0.9120050539100861,0.36389935091208603,0.9102868555539544,2,6,True,"[2, 0]"
fake_vigo,3,ghz,4,120,0.4,0,qiskit_L3,success_prob,0.4501953125,0.9120050539100861,0.36389935091208603,0.9102868555539544,2,6,True,"[2, 0]"
fake_vigo,3,ghz,0,120,0.4,0,esp_no_thermal,success_prob,0.45703125,0.9131207011563436,0.3643445055820293,0.9115824117700686,2,6,True,"[2, 0]"
fake_vigo,3,ghz,1,120,0.4,0,esp_no_thermal,success_prob,0.4775390625,0.9131207011563436,0.3643445055820293,0.9115824117700686,2,6,True,"[2, 0]"
fake_vigo,3,ghz,2,120,0.4,0,esp_no_thermal,success_prob,0.48828125,0.9131207011563436,0.3643445055820293,0.9115824117700686,2,6,True,"[2, 0]"
fake_vigo,3,ghz,3,120,0.4,0,esp_no_thermal,success_prob,0.466796875,0.9131207011563436,0.3643445055820293,0.9115824117700686,2,6,True,"[2, 0]"
fake_vigo,3,ghz,4,120,0.4,0,esp_no_thermal,success_prob,0.455078125,0.9131207011563436,0.3643445055820293,0.9115824117700686,2,6,True,"[2, 0]"
fake_vigo,3,ghz,0,120,0.4,0,esp_thermal,success_prob,0.4501953125,0.8917571007600869,0.3961241359495614,0.8901069833216606,2,6,True,"[2, 0]"
fake_vigo,3,ghz,1,120,0.4,0,esp_thermal,success_prob,0.466796875,0.8917571007600869,0.3961241359495614,0.8901069833216606,2,6,True,"[2, 0]"
fake_vigo,3,ghz,2,120,0.4,0,esp_thermal,success_prob,0.48046875,0.8917571007600869,0.3961241359495614,0.8901069833216606,2,6,True,"[2, 0]"
fake_vigo,3,ghz,3,120,0.4,0,esp_thermal,success_prob,0.4580078125,0.8917571007600869,0.3961241359495614,0.8901069833216606,2,6,True,"[2, 0]"
fake_vigo,3,ghz,4,120,0.4,0,esp_thermal,success_prob,0.4443359375,0.8917571007600869,0.3961241359495614,0.8901069833216606,2,6,True,"[2, 0]"
fake_vigo,3,qft,0,15,0.0,0,qiskit_L0,fidelity,0.7841796875,0.661114015345265,0.6611132945502936,0.6611140062129763,12,32,False,[]
fake_vigo,3,qft,1,15,0.0,0,qiskit_L0,fidelity,0.7724609375000001,0.661114015345265,0.6611132945502936,0.6611140062129763,12,32,False,[]
fake_vigo,3,qft,2,15,0.0,0,qiskit_L0,fidelity,0.7783203125,0.661114015345265,0.6611132945502936,0.6611140062129763,12,32,False,[]
fake_vigo,3,qft,3,15,0.0,0,qiskit_L0,fidelity,0.7548828125,0.661114015345265,0.6611132945502936,0.6611140062129763,12,32,False,[]
fake_vigo,3,qft,4,15,0.0,0,qiskit_L0,fidelity,0.7626953125,0.661114015345265,0.6611132945502936,0.6611140062129763,12,32,False,[]
fake_vigo,3,qft,0,15,0.0,0,qiskit_L1,fidelity,0.857421875,0.7772030707460916,0.7772022354298278,0.7772030607573928,12,26,False,[]
fake_vigo,3,qft,1,15,0.0,0,qiskit_L1,fidelity,0.8535156249999999,0.7772030707460916,0.7772022354298278,0.7772030607573928,12,26,False,[]
fake_vigo,3,qft,2,15,0.0,0,qiskit_L1,fidelity,0.8720703125,0.7772030707460916,0.7772022354298278,0.7772030607573928,12,26,False,[]
fake_vigo,3,qft,3,15,0.0,0,qiskit_L1,fidelity,0.8515625,0.7772030707460916,0.7772022354298278,0.7772030607573928,12,26,False,[]
fake_vigo,3,qft,4,15,0.0,0,qiskit_L1,fidelity,0.8535156249999999,0.7772030707460916,0.7772022354298278,0.7772030607573928,12,26,False,[]
fake_vigo,3,qft,0,15,0.0,0,qiskit_L3,fidelity,0.876953125,0.8142204828035796,0.81421960770203,0.8142204749716886,9,23,False,[]
fake_vigo,3,qft,1,15,0.0,0,qiskit_L3,fidelity,0.8691406250000001,0.8142204828035796,0.81421960770203,0.8142204749716886,9,23,False,[]
fake_vigo,3,qft,2,15,0.0,0,qiskit_L3,fidelity,0.888671875,0.8142204828035796,0.81421960770203,0.8142204749716886,9,23,False,[]
fake_vigo,3,qft,3,15,0.0,0,qiskit_L3,fidelity,0.8671875,0.8142204828035796,0.81421960770203,0.8142204749716886,9,23,False,[]
fake_vigo,3,qft,4,15,0.0,0,qiskit_L3,fidelity,0.875,0.8142204828035796,0.81421960770203,0.8142204749716886,9,23,False,[]
fake_vigo,3,qft,0,15,0.0,0,esp_no_thermal,fidelity,0.8642578125,0.7899474384534011,0.7899465894398451,0.7899474290662847,12,24,False,[]
fake_vigo,3,qft,1,15,0.0,0,esp_no_thermal,fidelity,0.8623046875000001,0.7899474384534011,0.7899465894398451,0.7899474290662847,12,24,False,[]
fake_vigo,3,qft,2,15,0.0,0,esp_no_thermal,fidelity,0.8779296875,0.7899474384534011,0.7899465894398451,0.7899474290662847,12,24,False,[]
fake_vigo,3,qft,3,15,0.0,0,esp_no_thermal,fidelity,0.8583984375,0.7899474384534011,0.7899465894398451,0.7899474290662847,12,24,False,[]
fake_vigo,3,qft,4,15,0.0,0,esp_no_thermal,fidelity,0.8652343750000001,0.7899474384534011,0.7899465894398451,0.7899474290662847,12,24,False,[]
fake_vigo,3,qft,0,15,0.0,0,esp_thermal,fidelity,0.8642578125,0.7899474384534011,0.7899465894398451,0.7899474290662847,12,24,False,[]
fake_vigo,3,qft,1,15,0.0,0,esp_thermal,fidelity,0.8623046875000001,0.7899474384534011,0.7899465894398451,0.7899474290662847,12,24,False,[]
fake_vigo,3,qft,2,15,0.0,0,esp_thermal,fidelity,0.8779296875,0.7899474384534011,0.7899465894398451,0.7899474290662847,12,24,False,[]
fake_vigo,3,qft,3,15,0.0,0,esp_thermal,fidelity,0.8583984375,0.7899474384534011,0.7899465894398451,0.7899474290662847,12,24,False,[]
fake_vigo,3,qft,4,15,0.0,0,esp_thermal,fidelity,0.8652343750000001,0.7899474384534011,0.7899465894398451,0.7899474290662847,12,24,False,[]
fake_vigo,3,qft,0,15,0.4,0,qiskit_L0,fidelity,0.7841796875,0.661114015345265,0.645772747400152,0.6609580988854036,12,32,False,"[2, 0]"
fake_vigo,3,qft,1,15,0.4,0,qiskit_L0,fidelity,0.7724609375000001,0.661114015345265,0.645772747400152,0.6609580988854036,12,32,False,"[2, 0]"
fake_vigo,3,qft,2,15,0.4,0,qiskit_L0,fidelity,0.7783203125,0.661114015345265,0.645772747400152,0.6609580988854036,12,32,False,"[2, 0]"
fake_vigo,3,qft,3,15,0.4,0,qiskit_L0,fidelity,0.7548828125,0.661114015345265,0.645772747400152,0.6609580988854036,12,32,False,"[2, 0]"
fake_vigo,3,qft,4,15,0.4,0,qiskit_L0,fidelity,0.7626953125,0.661114015345265,0.645772747400152,0.6609580988854036,12,32,False,"[2, 0]"
fake_vigo,3,qft,0,15,0.4,0,qiskit_L1,fidelity,0.857421875,0.7772030707460916,0.7683093171129879,0.7771256138339816,12,26,False,"[2, 0]"
fake_vigo,3,qft,1,15,0.4,0,qiskit_L1,fidelity,0.8535156249999999,0.7772030707460916,0.7683093171129879,0.7771256138339816,12,26,False,"[2, 0]"
fake_vigo,3,qft,2,15,0.4,0,qiskit_L1,fidelity,0.8720703125,0.7772030707460916,0.7683093171129879,0.7771256138339816,12,26,False,"[2, 0]"
fake_vigo,3,qft,3,15,0.4,0,qiskit_L1,fidelity,0.8515625,0.7772030707460916,0.7683093171129879,0.7771256138339816,12,26,False,"[2, 0]"
fake_vigo,3,qft,4,15,0.4,0,qiskit_L1,fidelity,0.8535156249999999,0.7772030707460916,0.7683093171129879,0.7771256138339816,12,26,False,"[2, 0]"
fake_vigo,3,qft,0,15,0.4,0,qiskit_L3,fidelity,0.876953125,0.8142204828035796,0.8049031284985713,0.8141618190757801,9,23,False,"[2, 0]"
fake_vigo,3,qft,1,15,0.4,0,qiskit_L3,fidelity,0.8691406250000001,0.8142204828035796,0.8049031284985713,0.8141618190757801,9,23,False,"[2, 0]"
fake_vigo,3,qft,2,15,0.4,0,qiskit_L3,fidelity,0.888671875,0.8142204828035796,0.8049031284985713,0.8141618190757801,9,23,False,"[2, 0]"
fake_vigo,3,qft,3,15,0.4,0,qiskit_L3,fidelity,0.8671875,0.8142204828035796,0.8049031284985713,0.8141618190757801,9,23,False,"[2, 0]"
fake_vigo,3,qft,4,15,0.4,0,qiskit_L3,fidelity,0.875,0.8142204828035796,0.8049031284985713,0.8141618190757801,9,23,False,"[2, 0]"
fake_vigo,3,qft,0,15,0.4,0,esp_no_thermal,fidelity,0.8642578125,0.7899474384534011,0.7809078474312483,0.78986174919314,12,24,False,"[2, 0]"
fake_vigo,3,qft,1,15,0.4,0,esp_no_thermal,fidelity,0.8623046875000001,0.7899474384534011,0.7809078474312483,0.78986174919314,12,24,False,"[2, 0]"
fake_vigo,3,qft,2,15,0.4,0,esp_no_thermal,fidelity,0.8779296875,0.7899474384534011,0.7809078474312483,0.78986174919314,12,24,False,"[2, 0]"
fake_vigo,3,qft,3,15,0.4,0,esp_no_thermal,fidelity,0.8583984375,0.7899474384534011,0.7809078474312483,0.78986174919314,12,24,False,"[2, 0]"
fake_vigo,3,qft,4,15,0.4,0,esp_no_thermal,fidelity,0.8642578125,0.7899474384534011,0.7809078474312483,0.78986174919314,12,24,False,"[2, 0]"
fake_vigo,3,qft,0,15,0.4,0,esp_thermal,fidelity,0.8642578125,0.7899474384534011,0.7809078474312483,0.78986174919314,12,24,False,"[2, 0]"
fake_vigo,3,qft,1,15,0.4,0,esp_thermal,fidelity,0.8623046875000001,0.7899474384534011,0.7809078474312483,0.78986174919314,12,24,False,"[2, 0]"
fake_vigo,3,qft,2,15,0.4,0,esp_thermal,fidelity,0.8779296875,0.7899474384534011,0.7809078474312483,0.78986174919314,12,24,False,"[2, 0]"
fake_vigo,3,qft,3,15,0.4,0,esp_thermal,fidelity,0.8583984375,0.7899474384534011,0.7809078474312483,0.78986174919314,12,24,False,"[2, 0]"
fake_vigo,3,qft,4,15,0.4,0,esp_thermal,fidelity,0.8642578125,0.7899474384534011,0.7809078474312483,0.78986174919314,12,24,False,"[2, 0]"
fake_vigo,3,qft,0,50,0.0,0,qiskit_L0,fidelity,0.7841796875,0.661114015345265,0.6247788043508131,0.6606225110740424,12,32,False,[]
fake_vigo,3,qft,1,50,0.0,0,qiskit_L0,fidelity,0.7714843750000001,0.661114015345265,0.6247788043508131,0.6606225110740424,12,32,False,[]
fake_vigo,3,qft,2,50,0.0,0,qiskit_L0,fidelity,0.7783203125,0.661114015345265,0.6247788043508131,0.6606225110740424,12,32,False,[]
fake_vigo,3,qft,3,50,0.0,0,qiskit_L0,fidelity,0.7548828125,0.661114015345265,0.6247788043508131,0.6606225110740424,12,32,False,[]
fake_vigo,3,qft,4,50,0.0,0,qiskit_L0,fidelity,0.7626953125,0.661114015345265,0.6247788043508131,0.6606225110740424,12,32,False,[]
fake_vigo,3,qft,0,50,0.0,0,qiskit_L1,fidelity,0.8583984375,0.7772030707460916,0.7346460949691516,0.776660602975341,12,26,False,[]
fake_vigo,3,qft,1,50,0.0,0,qiskit_L1,fidelity,0.8535156249999999,0.7772030707460916,0.7346460949691516,0.776660602975341,12,26,False,[]
fake_vigo,3,qft,2,50,0.0,0,qiskit_L1,fidelity,0.8720703125,0.7772030707460916,0.7346460949691516,0.776660602975341,12,26,False,[]
fake_vigo,3,qft,3,50,0.0,0,qiskit_L1,fidelity,0.8515625,0.7772030707460916,0.7346460949691516,0.776660602975341,12,26,False,[]
fake_vigo,3,qft,4,50,0.0,0,qiskit_L1,fidelity,0.8505859374999999,0.7772030707460916,0.7346460949691516,0.776660602975341,12,26,False,[]
fake_vigo,3,qft,0,50,0.0,0,qiskit_L3,fidelity,0.876953125,0.8142204828035796,0.7696365604440132,0.8137951063632751,9,23,False,[]
fake_vigo,3,qft,1,50,0.0,0,qiskit_L3,fidelity,0.8691406250000001,0.8142204828035796,0.7696365604440132,0.8137951063632751,9,23,False,[]
fake_vigo,3,qft,2,50,0.0,0,qiskit_L3,fidelity,0.888671875,0.8142204828035796,0.7696365604440132,0.8137951063632751,9,23,False,[]
fake_vigo,3,qft,3,50,0.0,0,qiskit_L3,fidelity,0.8671875,0.8142204828035796,0.7696365604440132,0.8137951063632751,9,23,False,[]
fake_vigo,3,qft,4,50,0.0,0,qiskit_L3,fidelity,0.8740234375,0.8142204828035796,0.7696365604440132,0.8137951063632751,9,23,False,[]
fake_vigo,3,qft,0,50,0.0,0,esp_no_thermal,fidelity,0.8632812500000001,0.7899474384534011,0.7466926247905509,0.7894378562490467,12,24,False,[]
fake_vigo,3,qft,1,50,0.0,0,esp_no_thermal,fidelity,0.8603515624999999,0.7899474384534011,0.7466926247905509,0.7894378562490467,12,24,False,[]
fake_vigo,3,qft,2,50,0.0,0,esp_no_thermal,fidelity,0.8779296875,0.7899474384534011,0.7466926247905509,0.7894378562490467,12,24,False,[]
fake_vigo,3,qft,3,50,0.0,0,esp_no_thermal,fidelity,0.8583984375,0.7899474384534011,0.7466926247905509,0.7894378562490467,12,24,False,[]
fake_vigo,3,qft,4,50,0.0,0,esp_no_thermal,fidelity,0.8642578125,0.7899474384534011,0.7466926247905509,0.7894378562490467,12,24,False,[]
fake_vigo,3,qft,0,50,0.0,0,esp_thermal,fidelity,0.8632812500000001,0.7899474384534011,0.7466926247905509,0.7894378562490467,12,24,False,[]
fake_vigo,3,qft,1,50,0.0,0,esp_thermal,fidelity,0.8603515624999999,0.7899474384534011,0.7466926247905509,0.7894378562490467,12,24,False,[]
fake_vigo,3,qft,2,50,0.0,0,esp_thermal,fidelity,0.8779296875,0.7899474384534011,0.7466926247905509,0.7894378562490467,12,24,False,[]
fake_vigo,3,qft,3,50,0.0,0,esp_thermal,fidelity,0.8583984375,0.7899474384534011,0.7466926247905509,0.7894378562490467,12,24,False,[]
fake_vigo,3,qft,4,50,0.0,0,esp_thermal,fidelity,0.8642578125,0.7899474384534011,0.7466926247905509,0.7894378562490467,12,24,False,[]
fake_vigo,3,qft,0,50,0.4,0,qiskit_L0,fidelity,0.7812500000000001,0.661114015345265,0.2988698214682133,0.6562043357012328,12,32,True,"[2, 0]"
fake_vigo,3,qft,1,50,0.4,0,qiskit_L0,fidelity,0.7695312499999999,0.661114015345265,0.2988698214682133,0.6562043357012328,12,32,True,"[2, 0]"
fake_vigo,3,qft,2,50,0.4,0,qiskit_L0,fidelity,0.7763671875,0.661114015345265,0.2988698214682133,0.6562043357012328,12,32,True,"[2, 0]"
fake_vigo,3,qft,3,50,0.4,0,qiskit_L0,fidelity,0.7548828125,0.661114015345265,0.2988698214682133,0.6562043357012328,12,32,True,"[2, 0]"
fake_vigo,3,qft,4,50,0.4,0,qiskit_L0,fidelity,0.76171875,0.661114015345265,0.2988698214682133,0.6562043357012328,12,32,True,"[2, 0]"
fake_vigo,3,qft,0,50,0.4,0,qiskit_L1,fidelity,0.8583984375,0.7772030707460916,0.5089933087108637,0.7744237458015163,12,26,True,"[2, 0]"
fake_vigo,3,qft,1,50,0.4,0,qiskit_L1,fidelity,0.8525390625000001,0.7772030707460916,0.5089933087108637,0.7744237458015163,12,26,True,"[2, 0]"
fake_vigo,3,qft,2,50,0.4,0,qiskit_L1,fidelity,0.87109375,0.7772030707460916,0.5089933087108637,0.7744237458015163,12,26,True,"[2, 0]"
fake_vigo,3,qft,3,50,0.4,0,qiskit_L1,fidelity,0.8505859374999999,0.7772030707460916,0.5089933087108637,0.7744237458015163,12,26,True,"[2, 0]"
fake_vigo,3,qft,4,50,0.4,0,qiskit_L1,fidelity,0.8496093750000001,0.7772030707460916,0.5089933087108637,0.7744237458015163,12,26,True,"[2, 0]"
fake_vigo,3,qft,0,50,0.4,0,qiskit_L3,fidelity,0.876953125,0.8142204828035796,0.5332361555963846,0.8121000437204645,9,23,True,"[2, 0]"
fake_vigo,3,qft,1,50,0.4,0,qiskit_L3,fidelity,0.8691406250000001,0.8142204828035796,0.5332361555963846,0.8121000437204645,9,23,True,"[2, 0]"
fake_vigo,3,qft,2,50,0.4,0,qiskit_L3,fidelity,0.8876953124999999,0.8142204828035796,0.5332361555963846,0.8121000437204645,9,23,True,"[2, 0]"
fake_vigo,3,qft,3,50,0.4,0,qiskit_L3,fidelity,0.8671875,0.8142204828035796,0.5332361555963846,0.8121000437204645,9,23,True,"[2, 0]"
fake_vigo,3,qft,4,50,0.4,0,qiskit_L3,fidelity,0.87109375,0.8142204828035796,0.5332361555963846,0.8121000437204645,9,23,True,"[2, 0]"
fake_vigo,3,qft,0,50,0.4,0,esp_no_thermal,fidelity,0.8632812500000001,0.7899474384534011,0.5173396446054764,0.7869634289437456,12,24,True,"[2, 0]"
fake_vigo,3,qft,1,50,0.4,0,esp_no_thermal,fidelity,0.859375,0.7899474384534011,0.5173396446054764,0.7869634289437456,12,24,True,"[2, 0]"
fake_vigo,3,qft,2,50,0.4,0,esp_no_thermal,fidelity,0.8759765624999999,0.7899474384534011,0.5173396446054764,0.7869634289437456,12,24,True,"[2, 0]"
fake_vigo,3,qft,3,50,0.4,0,esp_no_thermal,fidelity,0.857421875,0.7899474384534011,0.5173396446054764,0.7869634289437456,12,24,True,"[2, 0]"
fake_vigo,3,qft,4,50,0.4,0,esp_no_thermal,fidelity,0.8613281249999999,0.7899474384534011,0.5173396446054764,0.7869634289437456,12,24,True,"[2, 0]"
fake_vigo,3,qft,0,50,0.4,0,esp_thermal,fidelity,0.841796875,0.7598512997002201,0.7170937813991112,0.7592621729323733,12,24,True,"[2, 0]"
fake_vigo,3,qft,1,50,0.4,0,esp_thermal,fidelity,0.8408203125,0.7598512997002201,0.7170937813991112,0.7592621729323733,12,24,True,"[2, 0]"
fake_vigo,3,qft,2,50,0.4,0,esp_thermal,fidelity,0.8583984375,0.7598512997002201,0.7170937813991112,0.7592621729323733,12,24,True,"[2, 0]"
fake_vigo,3,qft,3,50,0.4,0,esp_thermal,fidelity,0.837890625,0.7598512997002201,0.7170937813991112,0.7592621729323733,12,24,True,"[2, 0]"
fake_vigo,3,qft,4,50,0.4,0,esp_thermal,fidelity,0.8310546875000001,0.7598512997002201,0.7170937813991112,0.7592621729323733,12,24,True,"[2, 0]"
fake_vigo,3,qft,0,120,0.0,0,qiskit_L0,fidelity,0.77734375,0.661114015345265,0.2958629527494131,0.6544911869470368,12,32,False,[]
fake_vigo,3,qft,1,120,0.0,0,qiskit_L0,fidelity,0.7666015625,0.661114015345265,0.2958629527494131,0.6544911869470368,12,32,False,[]
fake_vigo,3,qft,2,120,0.0,0,qiskit_L0,fidelity,0.7724609375000001,0.661114015345265,0.2958629527494131,0.6544911869470368,12,32,False,[]
fake_vigo,3,qft,3,120,0.0,0,qiskit_L0,fidelity,0.7539062499999999,0.661114015345265,0.2958629527494131,0.6544911869470368,12,32,False,[]
fake_vigo,3,qft,4,120,0.0,0,qiskit_L0,fidelity,0.7568359375000001,0.661114015345265,0.2958629527494131,0.6544911869470368,12,32,False,[]
fake_vigo,3,qft,0,120,0.0,0,qiskit_L1,fidelity,0.8535156249999999,0.7772030707460916,0.3482210477021614,0.7698771908846688,12,26,False,[]
fake_vigo,3,qft,1,120,0.0,0,qiskit_L1,fidelity,0.8515625,0.7772030707460916,0.3482210477021614,0.7698771908846688,12,26,False,[]
fake_vigo,3,qft,2,120,0.0,0,qiskit_L1,fidelity,0.8691406250000001,0.7772030707460916,0.3482210477021614,0.7698771908846688,12,26,False,[]
fake_vigo,3,qft,3,120,0.0,0,qiskit_L1,fidelity,0.8496093750000001,0.7772030707460916,0.3482210477021614,0.7698771908846688,12,26,False,[]
fake_vigo,3,qft,4,120,0.0,0,qiskit_L1,fidelity,0.8476562500000001,0.7772030707460916,0.3482210477021614,0.7698771908846688,12,26,False,[]
fake_vigo,3,qft,0,120,0.0,0,qiskit_L3,fidelity,0.875,0.8142204828035796,0.3648064711198878,0.8084694548316808,9,23,False,[]
fake_vigo,3,qft,1,120,0.0,0,qiskit_L3,fidelity,0.8691406250000001,0.8142204828035796,0.3648064711198878,0.8084694548316808,9,23,False,[]
fake_vigo,3,qft,2,120,0.0,0,qiskit_L3,fidelity,0.8857421875,0.8142204828035796,0.3648064711198878,0.8084694548316808,9,23,False,[]
fake_vigo,3,qft,3,120,0.0,0,qiskit_L3,fidelity,0.8642578125,0.8142204828035796,0.3648064711198878,0.8084694548316808,9,23,False,[]
fake_vigo,3,qft,4,120,0.0,0,qiskit_L3,fidelity,0.8701171874999999,0.8142204828035796,0.3648064711198878,0.8084694548316808,9,23,False,[]
fake_vigo,3,qft,0,120,0.0,0,esp_no_thermal,fidelity,0.8603515624999999,0.7899474384534011,0.35393108313869237,0.7830649649739908,12,24,False,[]
fake_vigo,3,qft,1,120,0.0,0,esp_no_thermal,fidelity,0.8564453125,0.7899474384534011,0.35393108313869237,0.7830649649739908,12,24,False,[]
fake_vigo,3,qft,2,120,0.0,0,esp_no_thermal,fidelity,0.8740234375,0.7899474384534011,0.35393108313869237,0.7830649649739908,12,24,False,[]
fake_vigo,3,qft,3,120,0.0,0,esp_no_thermal,fidelity,0.8544921875,0.7899474384534011,0.35393108313869237,0.7830649649739908,12,24,False,[]
fake_vigo,3,qft,4,120,0.0,0,esp_no_thermal,fidelity,0.857421875,0.7899474384534011,0.35393108313869237,0.7830649649739908,12,24,False,[]
fake_vigo,3,qft,0,120,0.0,0,esp_thermal,fidelity,0.8603515624999999,0.7899474384534011,0.35393108313869237,0.7830649649739908,12,24,False,[]
fake_vigo,3,qft,1,120,0.0,0,esp_thermal,fidelity,0.8564453125,0.7899474384534011,0.35393108313869237,0.7830649649739908,12,24,False,[]
fake_vigo,3,qft,2,120,0.0,0,esp_thermal,fidelity,0.8740234375,0.7899474384534011,0.35393108313869237,0.7830649649739908,12,24,False,[]
fake_vigo,3,qft,3,120,0.0,0,esp_thermal,fidelity,0.8544921875,0.7899474384534011,0.35393108313869237,0.7830649649739908,12,24,False,[]
fake_vigo,3,qft,4,120,0.0,0,esp_thermal,fidelity,0.857421875,0.7899474384534011,0.35393108313869237,0.7830649649739908,12,24,False,[]
fake_vigo,3,qft,0,120,0.4,0,qiskit_L0,fidelity,0.77734375,0.661114015345265,0.23455178635725338,0.6531958411209753,12,32,True,"[2, 0]"
fake_vigo,3,qft,1,120,0.4,0,qiskit_L0,fidelity,0.7666015625,0.661114015345265,0.23455178635725338,0.6531958411209753,12,32,True,"[2, 0]"
fake_vigo,3,qft,2,120,0.4,0,qiskit_L0,fidelity,0.7705078125,0.661114015345265,0.23455178635725338,0.6531958411209753,12,32,True,"[2, 0]"
fake_vigo,3,qft,3,120,0.4,0,qiskit_L0,fidelity,0.7529296875000002,0.661114015345265,0.23455178635725338,0.6531958411209753,12,32,True,"[2, 0]"
fake_vigo,3,qft,4,120,0.4,0,qiskit_L0,fidelity,0.7548828125,0.661114015345265,0.23455178635725338,0.6531958411209753,12,32,True,"[2, 0]"
fake_vigo,3,qft,0,120,0.4,0,qiskit_L1,fidelity,0.8535156249999999,0.7772030707460916,0.31011197992688555,0.7692195126794694,12,26,True,"[2, 0]"
fake_vigo,3,qft,1,120,0.4,0,qiskit_L1,fidelity,0.8505859374999999,0.7772030707460916,0.31011197992688555,0.7692195126794694,12,26,True,"[2, 0]"
fake_vigo,3,qft,2,120,0.4,0,qiskit_L1,fidelity,0.8691406250000001,0.7772030707460916,0.31011197992688555,0.7692195126794694,12,26,True,"[2, 0]"
fake_vigo,3,qft,3,120,0.4,0,qiskit_L1,fidelity,0.8486328125000001,0.7772030707460916,0.31011197992688555,0.7692195126794694,12,26,True,"[2, 0]"
fake_vigo,3,qft,4,120,0.4,0,qiskit_L1,fidelity,0.845703125,0.7772030707460916,0.31011197992688555,0.7692195126794694,12,26,True,"[2, 0]"
fake_vigo,3,qft,0,120,0.4,0,qiskit_L3,fidelity,0.875,0.8142204828035796,0.3248823062122629,0.8079701166021671,9,23,True,"[2, 0]"
fake_vigo,3,qft,1,120,0.4,0,qiskit_L3,fidelity,0.8691406250000001,0.8142204828035796,0.3248823062122629,0.8079701166021671,9,23,True,"[2, 0]"
fake_vigo,3,qft,2,120,0.4,0,qiskit_L3,fidelity,0.8857421875,0.8142204828035796,0.3248823062122629,0.8079701166021671,9,23,True,"[2, 0]"
fake_vigo,3,qft,3,120,0.4,0,qiskit_L3,fidelity,0.8642578125,0.8142204828035796,0.3248823062122629,0.8079701166021671,9,23,True,"[2, 0]"
fake_vigo,3,qft,4,120,0.4,0,qiskit_L3,fidelity,0.8701171874999999,0.8142204828035796,0.3248823062122629,0.8079701166021671,9,23,True,"[2, 0]"
fake_vigo,3,qft,0,120,0.4,0,esp_no_thermal,fidelity,0.8603515624999999,0.7899474384534011,0.315197113081128,0.7823368943964742,12,24,True,"[2, 0]"
fake_vigo,3,qft,1,120,0.4,0,esp_no_thermal,fidelity,0.85546875,0.7899474384534011,0.315197113081128,0.7823368943964742,12,24,True,"[2, 0]"
fake_vigo,3,qft,2,120,0.4,0,esp_no_thermal,fidelity,0.8730468750000001,0.7899474384534011,0.315197113081128,0.7823368943964742,12,24,True,"[2, 0]"
fake_vigo,3,qft,3,120,0.4,0,esp_no_thermal,fidelity,0.8535156249999999,0.7899474384534011,0.315197113081128,0.7823368943964742,12,24,True,"[2, 0]"
fake_vigo,3,qft,4,120,0.4,0,esp_no_thermal,fidelity,0.857421875,0.7899474384534011,0.315197113081128,0.7823368943964742,12,24,True,"[2, 0]"
fake_vigo,3,qft,0,120,0.4,0,esp_thermal,fidelity,0.8359375,0.7598512997002201,0.33753074608247946,0.7521896535425858,12,24,True,"[2, 0]"
fake_vigo,3,qft,1,120,0.4,0,esp_thermal,fidelity,0.8349609375,0.7598512997002201,0.33753074608247946,0.7521896535425858,12,24,True,"[2, 0]"
fake_vigo,3,qft,2,120,0.4,0,esp_thermal,fidelity,0.8544921875,0.7598512997002201,0.33753074608247946,0.7521896535425858,12,24,True,"[2, 0]"
fake_vigo,3,qft,3,120,0.4,0,esp_thermal,fidelity,0.8320312499999999,0.7598512997002201,0.33753074608247946,0.7521896535425858,12,24,True,"[2, 0]"
fake_vigo,3,qft,4,120,0.4,0,esp_thermal,fidelity,0.822265625,0.7598512997002201,0.33753074608247946,0.7521896535425858,12,24,True,"[2, 0]"
fake_vigo,3,routing,0,15,0.0,0,qiskit_L0,fidelity,0.9931345956513689,0.7133440923928199,0.713343314652789,0.713344083120052,9,13,False,[]
fake_vigo,3,routing,1,15,0.0,0,qiskit_L0,fidelity,0.9954930644863774,0.7133440923928199,0.713343314652789,0.713344083120052,9,13,False,[]
fake_vigo,3,routing,2,15,0.0,0,qiskit_L0,fidelity,0.9974142695906075,0.7133440923928199,0.713343314652789,0.713344083120052,9,13,False,[]
fake_vigo,3,routing,3,15,0.0,0,qiskit_L0,fidelity,0.996526559352551,0.7133440923928199,0.713343314652789,0.713344083120052,9,13,False,[]
fake_vigo,3,routing,4,15,0.0,0,qiskit_L0,fidelity,0.9961617636940083,0.7133440923928199,0.713343314652789,0.713344083120052,9,13,False,[]
fake_vigo,3,routing,0,15,0.0,0,qiskit_L1,fidelity,0.9948385966200797,0.8621684721159188,0.8621675454812027,0.8621684669455765,6,10,False,[]
fake_vigo,3,routing,1,15,0.0,0,qiskit_L1,fidelity,0.9978491319599627,0.8621684721159188,0.8621675454812027,0.8621684669455765,6,10,False,[]
fake_vigo,3,routing,2,15,0.0,0,qiskit_L1,fidelity,0.9965145876523894,0.8621684721159188,0.8621675454812027,0.8621684669455765,6,10,False,[]
fake_vigo,3,routing,3,15,0.0,0,qiskit_L1,fidelity,0.9978972090849703,0.8621684721159188,0.8621675454812027,0.8621684669455765,6,10,False,[]
fake_vigo,3,routing,4,15,0.0,0,qiskit_L1,fidelity,0.9936601125030283,0.8621684721159188,0.8621675454812027,0.8621684669455765,6,10,False,[]
fake_vigo,3,routing,0,15,0.0,0,qiskit_L3,fidelity,0.9948261043250742,0.8817177687850903,0.8817168211393334,0.8817177647445336,4,8,False,[]
fake_vigo,3,routing,1,15,0.0,0,qiskit_L3,fidelity,0.9978541351976484,0.8817177687850903,0.8817168211393334,0.8817177647445336,4,8,False,[]
fake_vigo,3,routing,2,15,0.0,0,qiskit_L3,fidelity,0.9965894292229988,0.8817177687850903,0.8817168211393334,0.8817177647445336,4,8,False,[]
fake_vigo,3,routing,3,15,0.0,0,qiskit_L3,fidelity,0.998053820896044,0.8817177687850903,0.8817168211393334,0.8817177647445336,4,8,False,[]
fake_vigo,3,routing,4,15,0.0,0,qiskit_L3,fidelity,0.9934316933225928,0.8817177687850903,0.8817168211393334,0.8817177647445336,4,8,False,[]
fake_vigo,3,routing,0,15,0.0,0,esp_no_thermal,fidelity,0.992910034890917,0.8823516241194894,0.8823506757924823,0.8823516201733999,4,8,False,[]
fake_vigo,3,routing,1,15,0.0,0,esp_no_thermal,fidelity,0.99657026946856,0.8823516241194894,0.8823506757924823,0.8823516201733999,4,8,False,[]
fake_vigo,3,routing,2,15,0.0,0,esp_no_thermal,fidelity,0.996528341921762,0.8823516241194894,0.8823506757924823,0.8823516201733999,4,8,False,[]
fake_vigo,3,routing,3,15,0.0,0,esp_no_thermal,fidelity,0.997401656961099,0.8823516241194894,0.8823506757924823,0.8823516201733999,4,8,False,[]
fake_vigo,3,routing,4,15,0.0,0,esp_no_thermal,fidelity,0.9972637887001533,0.8823516241194894,0.8823506757924823,0.8823516201733999,4,8,False,[]
fake_vigo,3,routing,0,15,0.0,0,esp_thermal,fidelity,0.992910034890917,0.8823516241194894,0.8823506757924823,0.8823516201733999,4,8,False,[]
fake_vigo,3,routing,1,15,0.0,0,esp_thermal,fidelity,0.99657026946856,0.8823516241194894,0.8823506757924823,0.8823516201733999,4,8,False,[]
fake_vigo,3,routing,2,15,0.0,0,esp_thermal,fidelity,0.996528341921762,0.8823516241194894,0.8823506757924823,0.8823516201733999,4,8,False,[]
fake_vigo,3,routing,3,15,0.0,0,esp_thermal,fidelity,0.997401656961099,0.8823516241194894,0.8823506757924823,0.8823516201733999,4,8,False,[]
fake_vigo,3,routing,4,15,0.0,0,esp_thermal,fidelity,0.9972637887001533,0.8823516241194894,0.8823506757924823,0.8823516201733999,4,8,False,[]
fake_vigo,3,routing,0,15,0.4,0,qiskit_L0,fidelity,0.9931345956513689,0.7133440923928199,0.6967908162491483,0.7131901516147384,9,13,False,"[2, 0]"
fake_vigo,3,routing,1,15,0.4,0,qiskit_L0,fidelity,0.9954930644863774,0.7133440923928199,0.6967908162491483,0.7131901516147384,9,13,False,"[2, 0]"
fake_vigo,3,routing,2,15,0.4,0,qiskit_L0,fidelity,0.9974142695906075,0.7133440923928199,0.6967908162491483,0.7131901516147384,9,13,False,"[2, 0]"
fake_vigo,3,routing,3,15,0.4,0,qiskit_L0,fidelity,0.996526559352551,0.7133440923928199,0.6967908162491483,0.7131901516147384,9,13,False,"[2, 0]"
fake_vigo,3,routing,4,15,0.4,0,qiskit_L0,fidelity,0.9961617636940083,0.7133440923928199,0.6967908162491483,0.7131901516147384,9,13,False,"[2, 0]"
fake_vigo,3,routing,0,15,0.4,0,qiskit_L1,fidelity,0.9948385966200797,0.8621684721159188,0.8523024354649474,0.8621208455927705,6,10,False,"[2, 0]"
fake_vigo,3,routing,1,15,0.4,0,qiskit_L1,fidelity,0.9978491319599627,0.8621684721159188,0.8523024354649474,0.8621208455927705,6,10,False,"[2, 0]"
fake_vigo,3,routing,2,15,0.4,0,qiskit_L1,fidelity,0.9965145876523894,0.8621684721159188,0.8523024354649474,0.8621208455927705,6,10,False,"[2, 0]"
fake_vigo,3,routing,3,15,0.4,0,qiskit_L1,fidelity,0.9978972090849703,0.8621684721159188,0.8523024354649474,0.8621208455927705,6,10,False,"[2, 0]"
fake_vigo,3,routing,4,15,0.4,0,qiskit_L1,fidelity,0.9936601125030283,0.8621684721159188,0.8523024354649474,0.8621208455927705,6,10,False,"[2, 0]"
fake_vigo,3,routing,0,15,0.4,0,qiskit_L3,fidelity,0.9948261043250742,0.8817177687850903,0.8716280240263922,0.881691649585965,4,8,False,"[2, 0]"
fake_vigo,3,routing,1,15,0.4,0,qiskit_L3,fidelity,0.9978541351976484,0.8817177687850903,0.8716280240263922,0.881691649585965,4,8,False,"[2, 0]"
fake_vigo,3,routing,2,15,0.4,0,qiskit_L3,fidelity,0.9965894292229988,0.8817177687850903,0.8716280240263922,0.881691649585965,4,8,False,"[2, 0]"
fake_vigo,3,routing,3,15,0.4,0,qiskit_L3,fidelity,0.998053820896044,0.8817177687850903,0.8716280240263922,0.881691649585965,4,8,False,"[2, 0]"
fake_vigo,3,routing,4,15,0.4,0,qiskit_L3,fidelity,0.9934316933225928,0.8817177687850903,0.8716280240263922,0.881691649585965,4,8,False,"[2, 0]"
fake_vigo,3,routing,0,15,0.4,0,esp_no_thermal,fidelity,0.992910034890917,0.8823516241194894,0.8722546259756782,0.8823272497968322,4,8,False,"[2, 0]"
fake_vigo,3,routing,1,15,0.4,0,esp_no_thermal,fidelity,0.99657026946856,0.8823516241194894,0.8722546259756782,0.8823272497968322,4,8,False,"[2, 0]"
fake_vigo,3,routing,2,15,0.4,0,esp_no_thermal,fidelity,0.996528341921762,0.8823516241194894,0.8722546259756782,0.8823272497968322,4,8,False,"[2, 0]"
fake_vigo,3,routing,3,15,0.4,0,esp_no_thermal,fidelity,0.997401656961099,0.8823516241194894,0.8722546259756782,0.8823272497968322,4,8,False,"[2, 0]"
fake_vigo,3,routing,4,15,0.4,0,esp_no_thermal,fidelity,0.9972637887001533,0.8823516241194894,0.8722546259756782,0.8823272497968322,4,8,False,"[2, 0]"
fake_vigo,3,routing,0,15,0.4,0,esp_thermal,fidelity,0.992910034890917,0.8823516241194894,0.8722546259756782,0.8823272497968322,4,8,False,"[2, 0]"
fake_vigo,3,routing,1,15,0.4,0,esp_thermal,fidelity,0.99657026946856,0.8823516241194894,0.8722546259756782,0.8823272497968322,4,8,False,"[2, 0]"
fake_vigo,3,routing,2,15,0.4,0,esp_thermal,fidelity,0.996528341921762,0.8823516241194894,0.8722546259756782,0.8823272497968322,4,8,False,"[2, 0]"
fake_vigo,3,routing,3,15,0.4,0,esp_thermal,fidelity,0.997401656961099,0.8823516241194894,0.8722546259756782,0.8823272497968322,4,8,False,"[2, 0]"
fake_vigo,3,routing,4,15,0.4,0,esp_thermal,fidelity,0.9972637887001533,0.8823516241194894,0.8722546259756782,0.8823272497968322,4,8,False,"[2, 0]"
fake_vigo,3,routing,0,50,0.0,0,qiskit_L0,fidelity,0.9931345956513689,0.7133440923928199,0.6741382859704549,0.7128512760753895,9,13,False,[]
fake_vigo,3,routing,1,50,0.0,0,qiskit_L0,fidelity,0.9956032633300266,0.7133440923928199,0.6741382859704549,0.7128512760753895,9,13,False,[]
fake_vigo,3,routing,2,50,0.0,0,qiskit_L0,fidelity,0.9973281021928132,0.7133440923928199,0.6741382859704549,0.7128512760753895,9,13,False,[]
fake_vigo,3,routing,3,50,0.0,0,qiskit_L0,fidelity,0.9963498239528696,0.7133440923928199,0.6741382859704549,0.7128512760753895,9,13,False,[]
fake_vigo,3,routing,4,50,0.0,0,qiskit_L0,fidelity,0.9961617636940083,0.7133440923928199,0.6741382859704549,0.7128512760753895,9,13,False,[]
fake_vigo,3,routing,0,50,0.0,0,qiskit_L1,fidelity,0.9948385966200797,0.8621684721159188,0.8149590822350271,0.8618877156296083,6,10,False,[]
fake_vigo,3,routing,1,50,0.0,0,qiskit_L1,fidelity,0.9979335697828919,0.8621684721159188,0.8149590822350271,0.8618877156296083,6,10,False,[]
fake_vigo,3,routing,2,50,0.0,0,qiskit_L1,fidelity,0.9965145876523894,0.8621684721159188,0.8149590822350271,0.8618877156296083,6,10,False,[]
fake_vigo,3,routing,3,50,0.0,0,qiskit_L1,fidelity,0.998052484431372,0.8621684721159188,0.8149590822350271,0.8618877156296083,6,10,False,[]
fake_vigo,3,routing,4,50,0.0,0,qiskit_L1,fidelity,0.9936601125030283,0.8621684721159188,0.8149590822350271,0.8618877156296083,6,10,False,[]
fake_vigo,3,routing,0,50,0.0,0,qiskit_L3,fidelity,0.9948261043250742,0.8817177687850903,0.8334379264367276,0.8814993428119992,4,8,False,[]
fake_vigo,3,routing,1,50,0.0,0,qiskit_L3,fidelity,0.9978311242096215,0.8817177687850903,0.8334379264367276,0.8814993428119992,4,8,False,[]
fake_vigo,3,routing,2,50,0.0,0,qiskit_L3,fidelity,0.9966545740858631,0.8817177687850903,0.8334379264367276,0.8814993428119992,4,8,False,[]
fake_vigo,3,routing,3,50,0.0,0,qiskit_L3,fidelity,0.9980725092212251,0.8817177687850903,0.8334379264367276,0.8814993428119992,4,8,False,[]
fake_vigo,3,routing,4,50,0.0,0,qiskit_L3,fidelity,0.9934316933225928,0.8817177687850903,0.8334379264367276,0.8814993428119992,4,8,False,[]
fake_vigo,3,routing,0,50,0.0,0,esp_no_thermal,fidelity,0.992910034890917,0.8823516241194894,0.834037074025973,0.8821384055256897,4,8,False,[]
fake_vigo,3,routing,1,50,0.0,0,esp_no_thermal,fidelity,0.99657026946856,0.8823516241194894,0.834037074025973,0.8821384055256897,4,8,False,[]
fake_vigo,3,routing,2,50,0.0,0,esp_no_thermal,fidelity,0.996528341921762,0.8823516241194894,0.834037074025973,0.8821384055256897,4,8,False,[]
fake_vigo,3,routing,3,50,0.0,0,esp_no_thermal,fidelity,0.997401656961099,0.8823516241194894,0.834037074025973,0.8821384055256897,4,8,False,[]
fake_vigo,3,routing,4,50,0.0,0,esp_no_thermal,fidelity,0.9972637887001533,0.8823516241194894,0.834037074025973,0.8821384055256897,4,8,False,[]
fake_vigo,3,routing,0,50,0.0,0,esp_thermal,fidelity,0.992910034890917,0.8823516241194894,0.834037074025973,0.8821384055256897,4,8,False,[]
fake_vigo,3,routing,1,50,0.0,0,esp_thermal,fidelity,0.99657026946856,0.8823516241194894,0.834037074025973,0.8821384055256897,4,8,False,[]
fake_vigo,3,routing,2,50,0.0,0,esp_thermal,fidelity,0.996528341921762,0.8823516241194894,0.834037074025973,0.8821384055256897,4,8,False,[]
fake_vigo,3,routing,3,50,0.0,0,esp_thermal,fidelity,0.997401656961099,0.8823516241194894,0.834037074025973,0.8821384055256897,4,8,False,[]
fake_vigo,3,routing,4,50,0.0,0,esp_thermal,fidelity,0.9972637887001533,0.8823516241194894,0.834037074025973,0.8821384055256897,4,8,False,[]
fake_vigo,3,routing,0,50,0.4,0,qiskit_L0,fidelity,0.9932629838550331,0.7133440923928199,0.32248147307466346,0.7085293902663352,9,13,True,"[2, 0]"
fake_vigo,3,routing,1,50,0.4,0,qiskit_L0,fidelity,0.9958245630589649,0.7133440923928199,0.32248147307466346,0.7085293902663352,9,13,True,"[2, 0]"
fake_vigo,3,routing,2,50,0.4,0,qiskit_L0,fidelity,0.9972271943214438,0.7133440923928199,0.32248147307466346,0.7085293902663352,9,13,True,"[2, 0]"
fake_vigo,3,routing,3,50,0.4,0,qiskit_L0,fidelity,0.9962226602063554,0.7133440923928199,0.32248147307466346,0.7085293902663352,9,13,True,"[2, 0]"
fake_vigo,3,routing,4,50,0.4,0,qiskit_L0,fidelity,0.9960264935850245,0.7133440923928199,0.32248147307466346,0.7085293902663352,9,13,True,"[2, 0]"
fake_vigo,3,routing,0,50,0.4,0,qiskit_L1,fidelity,0.9948162639883181,0.8621684721159188,0.5646374799667225,0.8605109567007623,6,10,True,"[2, 0]"
fake_vigo,3,routing,1,50,0.4,0,qiskit_L1,fidelity,0.9978688801837563,0.8621684721159188,0.5646374799667225,0.8605109567007623,6,10,True,"[2, 0]"
fake_vigo,3,routing,2,50,0.4,0,qiskit_L1,fidelity,0.9965510287161143,0.8621684721159188,0.5646374799667225,0.8605109567007623,6,10,True,"[2, 0]"
fake_vigo,3,routing,3,50,0.4,0,qiskit_L1,fidelity,0.9980138102225055,0.8621684721159188,0.5646374799667225,0.8605109567007623,6,10,True,"[2, 0]"
fake_vigo,3,routing,4,50,0.4,0,qiskit_L1,fidelity,0.9936601125030283,0.8621684721159188,0.5646374799667225,0.8605109567007623,6,10,True,"[2, 0]"
fake_vigo,3,routing,0,50,0.4,0,qiskit_L3,fidelity,0.9948261043250742,0.8817177687850903,0.5774403902602443,0.8807440089884438,4,8,True,"[2, 0]"
fake_vigo,3,routing,1,50,0.4,0,qiskit_L3,fidelity,0.997781468150838,0.8817177687850903,0.5774403902602443,0.8807440089884438,4,8,True,"[2, 0]"
fake_vigo,3,routing,2,50,0.4,0,qiskit_L3,fidelity,0.9964522309493968,0.8817177687850903,0.5774403902602443,0.8807440089884438,4,8,True,"[2, 0]"
fake_vigo,3,routing,3,50,0.4,0,qiskit_L3,fidelity,0.9980725092212251,0.8817177687850903,0.5774403902602443,0.8807440089884438,4,8,True,"[2, 0]"
fake_vigo,3,routing,4,50,0.4,0,qiskit_L3,fidelity,0.9934316933225928,0.8817177687850903,0.5774403902602443,0.8807440089884438,4,8,True,"[2, 0]"
fake_vigo,3,routing,0,50,0.4,0,esp_no_thermal,fidelity,0.9929614207916755,0.8823516241194894,0.5778555045798391,0.8814335240003205,4,8,True,"[2, 0]"
fake_vigo,3,routing,1,50,0.4,0,esp_no_thermal,fidelity,0.9967285529803731,0.8823516241194894,0.5778555045798391,0.8814335240003205,4,8,True,"[2, 0]"
fake_vigo,3,routing,2,50,0.4,0,esp_no_thermal,fidelity,0.996528341921762,0.8823516241194894,0.5778555045798391,0.8814335240003205,4,8,True,"[2, 0]"
fake_vigo,3,routing,3,50,0.4,0,esp_no_thermal,fidelity,0.997401656961099,0.8823516241194894,0.5778555045798391,0.8814335240003205,4,8,True,"[2, 0]"
fake_vigo,3,routing,4,50,0.4,0,esp_no_thermal,fidelity,0.9972637887001533,0.8823516241194894,0.5778555045798391,0.8814335240003205,4,8,True,"[2, 0]"
fake_vigo,3,routing,0,50,0.4,0,esp_thermal,fidelity,0.9932893012836895,0.8581296920668106,0.8098419599437657,0.8578929453416752,4,8,True,"[2, 0]"
fake_vigo,3,routing,1,50,0.4,0,esp_thermal,fidelity,0.9972484331829826,0.8581296920668106,0.8098419599437657,0.8578929453416752,4,8,True,"[2, 0]"
fake_vigo,3,routing,2,50,0.4,0,esp_thermal,fidelity,0.9971337543233393,0.8581296920668106,0.8098419599437657,0.8578929453416752,4,8,True,"[2, 0]"
fake_vigo,3,routing,3,50,0.4,0,esp_thermal,fidelity,0.9985582647717055,0.8581296920668106,0.8098419599437657,0.8578929453416752,4,8,True,"[2, 0]"
fake_vigo,3,routing,4,50,0.4,0,esp_thermal,fidelity,0.9965159019437052,0.8581296920668106,0.8098419599437657,0.8578929453416752,4,8,True,"[2, 0]"
fake_vigo,3,routing,0,120,0.0,0,qiskit_L0,fidelity,0.9933643337621145,0.7133440923928199,0.3192370523130847,0.7067196686587142,9,13,False,[]
fake_vigo,3,routing,1,120,0.0,0,qiskit_L0,fidelity,0.9959696951729677,0.7133440923928199,0.3192370523130847,0.7067196686587142,9,13,False,[]
fake_vigo,3,routing,2,120,0.0,0,qiskit_L0,fidelity,0.9973238897304156,0.7133440923928199,0.3192370523130847,0.7067196686587142,9,13,False,[]
fake_vigo,3,routing,3,120,0.0,0,qiskit_L0,fidelity,0.9964146621476908,0.7133440923928199,0.3192370523130847,0.7067196686587142,9,13,False,[]
fake_vigo,3,routing,4,120,0.0,0,qiskit_L0,fidelity,0.9963095576996231,0.7133440923928199,0.3192370523130847,0.7067196686587142,9,13,False,[]
fake_vigo,3,routing,0,120,0.0,0,qiskit_L1,fidelity,0.994898323370636,0.8621684721159188,0.3862892723362117,0.8583688246044878,6,10,False,[]
fake_vigo,3,routing,1,120,0.0,0,qiskit_L1,fidelity,0.997686005247236,0.8621684721159188,0.3862892723362117,0.8583688246044878,6,10,False,[]
fake_vigo,3,routing,2,120,0.0,0,qiskit_L1,fidelity,0.9964616986213662,0.8621684721159188,0.3862892723362117,0.8583688246044878,6,10,False,[]
fake_vigo,3,routing,3,120,0.0,0,qiskit_L1,fidelity,0.9980725092212251,0.8621684721159188,0.3862892723362117,0.8583688246044878,6,10,False,[]
fake_vigo,3,routing,4,120,0.0,0,qiskit_L1,fidelity,0.9931217795828214,0.8621684721159188,0.3862892723362117,0.8583688246044878,6,10,False,[]
fake_vigo,3,routing,0,120,0.0,0,qiskit_L3,fidelity,0.9948781985183469,0.8817177687850903,0.3950482142707106,0.8787631703013088,4,8,False,[]
fake_vigo,3,routing,1,120,0.0,0,qiskit_L3,fidelity,0.9976064079579932,0.8817177687850903,0.3950482142707106,0.8787631703013088,4,8,False,[]
fake_vigo,3,routing,2,120,0.0,0,qiskit_L3,fidelity,0.9964101712128426,0.8817177687850903,0.3950482142707106,0.8787631703013088,4,8,False,[]
fake_vigo,3,routing,3,120,0.0,0,qiskit_L3,fidelity,0.9980725092212251,0.8817177687850903,0.3950482142707106,0.8787631703013088,4,8,False,[]
fake_vigo,3,routing,4,120,0.0,0,qiskit_L3,fidelity,0.993063992393001,0.8817177687850903,0.3950482142707106,0.8787631703013088,4,8,False,[]
fake_vigo,3,routing,0,120,0.0,0,esp_no_thermal,fidelity,0.9928620764005591,0.8823516241194894,0.3953322092482705,0.8794676668773903,4,8,False,[]
fake_vigo,3,routing,1,120,0.0,0,esp_no_thermal,fidelity,0.9966061903827451,0.8823516241194894,0.3953322092482705,0.8794676668773903,4,8,False,[]
fake_vigo,3,routing,2,120,0.0,0,esp_no_thermal,fidelity,0.9965282577772652,0.8823516241194894,0.3953322092482705,0.8794676668773903,4,8,False,[]
fake_vigo,3,routing,3,120,0.0,0,esp_no_thermal,fidelity,0.9973869768892308,0.8823516241194894,0.3953322092482705,0.8794676668773903,4,8,False,[]
fake_vigo,3,routing,4,120,0.0,0,esp_no_thermal,fidelity,0.9970529128867066,0.8823516241194894,0.3953322092482705,0.8794676668773903,4,8,False,[]
fake_vigo,3,routing,0,120,0.0,0,esp_thermal,fidelity,0.9928620764005591,0.8823516241194894,0.3953322092482705,0.8794676668773903,4,8,False,[]
fake_vigo,3,routing,1,120,0.0,0,esp_thermal,fidelity,0.9966061903827451,0.8823516241194894,0.3953322092482705,0.8794676668773903,4,8,False,[]
fake_vigo,3,routing,2,120,0.0,0,esp_thermal,fidelity,0.9965282577772652,0.8823516241194894,0.3953322092482705,0.8794676668773903,4,8,False,[]
fake_vigo,3,routing,3,120,0.0,0,esp_thermal,fidelity,0.9973869768892308,0.8823516241194894,0.3953322092482705,0.8794676668773903,4,8,False,[]
fake_vigo,3,routing,4,120,0.0,0,esp_thermal,fidelity,0.9970529128867066,0.8823516241194894,0.3953322092482705,0.8794676668773903,4,8,False,[]
fake_vigo,3,routing,0,120,0.4,0,qiskit_L0,fidelity,0.9930686969541827,0.7133440923928199,0.2530821118211344,0.7054545902242442,9,13,True,"[2, 0]"
fake_vigo,3,routing,1,120,0.4,0,qiskit_L0,fidelity,0.9961664132184593,0.7133440923928199,0.2530821118211344,0.7054545902242442,9,13,True,"[2, 0]"
fake_vigo,3,routing,2,120,0.4,0,qiskit_L0,fidelity,0.9971013526887401,0.7133440923928199,0.2530821118211344,0.7054545902242442,9,13,True,"[2, 0]"
fake_vigo,3,routing,3,120,0.4,0,qiskit_L0,fidelity,0.9960346899379143,0.7133440923928199,0.2530821118211344,0.7054545902242442,9,13,True,"[2, 0]"
fake_vigo,3,routing,4,120,0.4,0,qiskit_L0,fidelity,0.9962046337634778,0.7133440923928199,0.2530821118211344,0.7054545902242442,9,13,True,"[2, 0]"
fake_vigo,3,routing,0,120,0.4,0,qiskit_L1,fidelity,0.994898323370636,0.8621684721159188,0.3440140446971464,0.8579623214832763,6,10,True,"[2, 0]"
fake_vigo,3,routing,1,120,0.4,0,qiskit_L1,fidelity,0.9978220933885112,0.8621684721159188,0.3440140446971464,0.8579623214832763,6,10,True,"[2, 0]"
fake_vigo,3,routing,2,120,0.4,0,qiskit_L1,fidelity,0.9963946455875323,0.8621684721159188,0.3440140446971464,0.8579623214832763,6,10,True,"[2, 0]"
fake_vigo,3,routing,3,120,0.4,0,qiskit_L1,fidelity,0.9980725092212251,0.8621684721159188,0.3440140446971464,0.8579623214832763,6,10,True,"[2, 0]"
fake_vigo,3,routing,4,120,0.4,0,qiskit_L1,fidelity,0.9931217795828214,0.8621684721159188,0.3440140446971464,0.8579623214832763,6,10,True,"[2, 0]"
fake_vigo,3,routing,0,120,0.4,0,qiskit_L3,fidelity,0.9948781985183469,0.8817177687850903,0.35181441415584536,0.8785399884817265,4,8,True,"[2, 0]"
fake_vigo,3,routing,1,120,0.4,0,qiskit_L3,fidelity,0.9976064079579932,0.8817177687850903,0.35181441415584536,0.8785399884817265,4,8,True,"[2, 0]"
fake_vigo,3,routing,2,120,0.4,0,qiskit_L3,fidelity,0.9964101712128426,0.8817177687850903,0.35181441415584536,0.8785399884817265,4,8,True,"[2, 0]"
fake_vigo,3,routing,3,120,0.4,0,qiskit_L3,fidelity,0.9980725092212251,0.8817177687850903,0.35181441415584536,0.8785399884817265,4,8,True,"[2, 0]"
fake_vigo,3,routing,4,120,0.4,0,qiskit_L3,fidelity,0.9932486920398169,0.8817177687850903,0.35181441415584536,0.8785399884817265,4,8,True,"[2, 0]"
fake_vigo,3,routing,0,120,0.4,0,esp_no_thermal,fidelity,0.9929438293476436,0.8823516241194894,0.3520673289218009,0.8792593829257481,4,8,True,"[2, 0]"
fake_vigo,3,routing,1,120,0.4,0,esp_no_thermal,fidelity,0.9966061903827451,0.8823516241194894,0.3520673289218009,0.8792593829257481,4,8,True,"[2, 0]"
fake_vigo,3,routing,2,120,0.4,0,esp_no_thermal,fidelity,0.9964026225059371,0.8823516241194894,0.3520673289218009,0.8792593829257481,4,8,True,"[2, 0]"
fake_vigo,3,routing,3,120,0.4,0,esp_no_thermal,fidelity,0.99741970880055,0.8823516241194894,0.3520673289218009,0.8792593829257481,4,8,True,"[2, 0]"
fake_vigo,3,routing,4,120,0.4,0,esp_no_thermal,fidelity,0.9970529128867066,0.8823516241194894,0.3520673289218009,0.8792593829257481,4,8,True,"[2, 0]"
fake_vigo,3,routing,0,120,0.4,0,esp_thermal,fidelity,0.9934355828800099,0.8581296920668106,0.38118662863788083,0.8550146649730639,4,8,True,"[2, 0]"
fake_vigo,3,routing,1,120,0.4,0,esp_thermal,fidelity,0.9970815887895463,0.8581296920668106,0.38118662863788083,0.8550146649730639,4,8,True,"[2, 0]"
fake_vigo,3,routing,2,120,0.4,0,esp_thermal,fidelity,0.99698078769654,0.8581296920668106,0.38118662863788083,0.8550146649730639,4,8,True,"[2, 0]"
fake_vigo,3,routing,3,120,0.4,0,esp_thermal,fidelity,0.9985090471179071,0.8581296920668106,0.38118662863788083,0.8550146649730639,4,8,True,"[2, 0]"
fake_vigo,3,routing,4,120,0.4,0,esp_thermal,fidelity,0.9964247033921202,0.8581296920668106,0.38118662863788083,0.8550146649730639,4,8,True,"[2, 0]"
fake_vigo,4,ghz,0,15,0.0,0,qiskit_L0,success_prob,0.4052734375,0.6788158454568309,0.6788148222179845,0.6788158403513644,6,10,False,[]
fake_vigo,4,ghz,1,15,0.0,0,qiskit_L0,success_prob,0.4091796875,0.6788158454568309,0.6788148222179845,0.6788158403513644,6,10,False,[]
fake_vigo,4,ghz,2,15,0.0,0,qiskit_L0,success_prob,0.4384765625,0.6788158454568309,0.6788148222179845,0.6788158403513644,6,10,False,[]
fake_vigo,4,ghz,3,15,0.0,0,qiskit_L0,success_prob,0.4091796875,0.6788158454568309,0.6788148222179845,0.6788158403513644,6,10,False,[]
fake_vigo,4,ghz,4,15,0.0,0,qiskit_L0,success_prob,0.4169921875,0.6788158454568309,0.6788148222179845,0.6788158403513644,6,10,False,[]
fake_vigo,4,ghz,0,15,0.0,0,qiskit_L1,success_prob,0.4365234375,0.8654862397763771,0.8654848745579676,0.8654862366231921,3,7,False,[]
fake_vigo,4,ghz,1,15,0.0,0,qiskit_L1,success_prob,0.4580078125,0.8654862397763771,0.8654848745579676,0.8654862366231921,3,7,False,[]
fake_vigo,4,ghz,2,15,0.0,0,qiskit_L1,success_prob,0.4794921875,0.8654862397763771,0.8654848745579676,0.8654862366231921,3,7,False,[]
fake_vigo,4,ghz,3,15,0.0,0,qiskit_L1,success_prob,0.44921875,0.8654862397763771,0.8654848745579676,0.8654862366231921,3,7,False,[]
fake_vigo,4,ghz,4,15,0.0,0,qiskit_L1,success_prob,0.4423828125,0.8654862397763771,0.8654848745579676,0.8654862366231921,3,7,False,[]
fake_vigo,4,ghz,0,15,0.0,0,qiskit_L3,success_prob,0.4365234375,0.8654862397763771,0.8654848745579676,0.8654862366231921,3,7,False,[]
fake_vigo,4,ghz,1,15,0.0,0,qiskit_L3,success_prob,0.4580078125,0.8654862397763771,0.8654848745579676,0.8654862366231921,3,7,False,[]
fake_vigo,4,ghz,2,15,0.0,0,qiskit_L3,success_prob,0.4794921875,0.8654862397763771,0.8654848745579676,0.8654862366231921,3,7,False,[]
fake_vigo,4,ghz,3,15,0.0,0,qiskit_L3,success_prob,0.44921875,0.8654862397763771,0.8654848745579676,0.8654862366231921,3,7,False,[]
fake_vigo,4,ghz,4,15,0.0,0,qiskit_L3,success_prob,0.4423828125,0.8654862397763771,0.8654848745579676,0.8654862366231921,3,7,False,[]
fake_vigo,4,ghz,0,15,0.0,0,esp_no_thermal,success_prob,0.4365234375,0.8654862397763771,0.8654848745579676,0.8654862366231921,3,7,False,[]
fake_vigo,4,ghz,1,15,0.0,0,esp_no_thermal,success_prob,0.4580078125,0.8654862397763771,0.8654848745579676,0.8654862366231921,3,7,False,[]
fake_vigo,4,ghz,2,15,0.0,0,esp_no_thermal,success_prob,0.4794921875,0.8654862397763771,0.8654848745579676,0.8654862366231921,3,7,False,[]
fake_vigo,4,ghz,3,15,0.0,0,esp_no_thermal,success_prob,0.44921875,0.8654862397763771,0.8654848745579676,0.8654862366231921,3,7,False,[]
fake_vigo,4,ghz,4,15,0.0,0,esp_no_thermal,success_prob,0.4423828125,0.8654862397763771,0.8654848745579676,0.8654862366231921,3,7,False,[]
fake_vigo,4,ghz,0,15,0.0,0,esp_thermal,success_prob,0.4365234375,0.8654862397763771,0.8654848745579676,0.8654862366231921,3,7,False,[]
fake_vigo,4,ghz,1,15,0.0,0,esp_thermal,success_prob,0.4580078125,0.8654862397763771,0.8654848745579676,0.8654862366231921,3,7,False,[]
fake_vigo,4,ghz,2,15,0.0,0,esp_thermal,success_prob,0.4794921875,0.8654862397763771,0.8654848745579676,0.8654862366231921,3,7,False,[]
fake_vigo,4,ghz,3,15,0.0,0,esp_thermal,success_prob,0.44921875,0.8654862397763771,0.8654848745579676,0.8654862366231921,3,7,False,[]
fake_vigo,4,ghz,4,15,0.0,0,esp_thermal,success_prob,0.4423828125,0.8654862397763771,0.8654848745579676,0.8654862366231921,3,7,False,[]
fake_vigo,4,ghz,0,15,0.4,0,qiskit_L0,success_prob,0.4052734375,0.6788158454568309,0.6630635268314148,0.67877867313844,6,10,False,"[2, 0]"
fake_vigo,4,ghz,1,15,0.4,0,qiskit_L0,success_prob,0.4091796875,0.6788158454568309,0.6630635268314148,0.67877867313844,6,10,False,"[2, 0]"
fake_vigo,4,ghz,2,15,0.4,0,qiskit_L0,success_prob,0.4384765625,0.6788158454568309,0.6630635268314148,0.67877867313844,6,10,False,"[2, 0]"
fake_vigo,4,ghz,3,15,0.4,0,qiskit_L0,success_prob,0.4091796875,0.6788158454568309,0.6630635268314148,0.67877867313844,6,10,False,"[2, 0]"
fake_vigo,4,ghz,4,15,0.4,0,qiskit_L0,success_prob,0.4169921875,0.6788158454568309,0.6630635268314148,0.67877867313844,6,10,False,"[2, 0]"
fake_vigo,4,ghz,0,15,0.4,0,qiskit_L1,success_prob,0.4365234375,0.8654862397763771,0.8555818069353587,0.8654716875325178,3,7,False,"[2, 0]"
fake_vigo,4,ghz,1,15,0.4,0,qiskit_L1,success_prob,0.4580078125,0.8654862397763771,0.8555818069353587,0.8654716875325178,3,7,False,"[2, 0]"
fake_vigo,4,ghz,2,15,0.4,0,qiskit_L1,success_prob,0.4794921875,0.8654862397763771,0.8555818069353587,0.8654716875325178,3,7,False,"[2, 0]"
fake_vigo,4,ghz,3,15,0.4,0,qiskit_L1,success_prob,0.44921875,0.8654862397763771,0.8555818069353587,0.8654716875325178,3,7,False,"[2, 0]"
fake_vigo,4,ghz,4,15,0.4,0,qiskit_L1,success_prob,0.4423828125,0.8654862397763771,0.8555818069353587,0.8654716875325178,3,7,False,"[2, 0]"
fake_vigo,4,ghz,0,15,0.4,0,qiskit_L3,success_prob,0.4365234375,0.8654862397763771,0.8555818069353587,0.8654716875325178,3,7,False,"[2, 0]"
fake_vigo,4,ghz,1,15,0.4,0,qiskit_L3,success_prob,0.4580078125,0.8654862397763771,0.8555818069353587,0.8654716875325178,3,7,False,"[2, 0]"
fake_vigo,4,ghz,2,15,0.4,0,qiskit_L3,success_prob,0.4794921875,0.8654862397763771,0.8555818069353587,0.8654716875325178,3,7,False,"[2, 0]"
fake_vigo,4,ghz,3,15,0.4,0,qiskit_L3,success_prob,0.44921875,0.8654862397763771,0.8555818069353587,0.8654716875325178,3,7,False,"[2, 0]"
fake_vigo,4,ghz,4,15,0.4,0,qiskit_L3,success_prob,0.4423828125,0.8654862397763771,0.8555818069353587,0.8654716875325178,3,7,False,"[2, 0]"
fake_vigo,4,ghz,0,15,0.4,0,esp_no_thermal,success_prob,0.4365234375,0.8654862397763771,0.8555818069353587,0.8654716875325178,3,7,False,"[2, 0]"
fake_vigo,4,ghz,1,15,0.4,0,esp_no_thermal,success_prob,0.4580078125,0.8654862397763771,0.8555818069353587,0.8654716875325178,3,7,False,"[2, 0]"
fake_vigo,4,ghz,2,15,0.4,0,esp_no_thermal,success_prob,0.4794921875,0.8654862397763771,0.8555818069353587,0.8654716875325178,3,7,False,"[2, 0]"
fake_vigo,4,ghz,3,15,0.4,0,esp_no_thermal,success_prob,0.44921875,0.8654862397763771,0.8555818069353587,0.8654716875325178,3,7,False,"[2, 0]"
fake_vigo,4,ghz,4,15,0.4,0,esp_no_thermal,success_prob,0.4423828125,0.8654862397763771,0.8555818069353587,0.8654716875325178,3,7,False,"[2, 0]"
fake_vigo,4,ghz,0,15,0.4,0,esp_thermal,success_prob,0.4365234375,0.8654862397763771,0.8555818069353587,0.8654716875325178,3,7,False,"[2, 0]"
fake_vigo,4,ghz,1,15,0.4,0,esp_thermal,success_prob,0.4580078125,0.8654862397763771,0.8555818069353587,0.8654716875325178,3,7,False,"[2, 0]"
fake_vigo,4,ghz,2,15,0.4,0,esp_thermal,success_prob,0.4794921875,0.8654862397763771,0.8555818069353587,0.8654716875325178,3,7,False,"[2, 0]"
fake_vigo,4,ghz,3,15,0.4,0,esp_thermal,success_prob,0.44921875,0.8654862397763771,0.8555818069353587,0.8654716875325178,3,7,False,"[2, 0]"
fake_vigo,4,ghz,4,15,0.4,0,esp_thermal,success_prob,0.4423828125,0.8654862397763771,0.8555818069353587,0.8654716875325178,3,7,False,"[2, 0]"
fake_vigo,4,ghz,0,50,0.0,0,qiskit_L0,success_prob,0.4052734375,0.6788158454568309,0.6289882751121512,0.6785416215871605,6,10,False,[]
fake_vigo,4,ghz,1,50,0.0,0,qiskit_L0,success_prob,0.4091796875,0.6788158454568309,0.6289882751121512,0.6785416215871605,6,10,False,[]
fake_vigo,4,ghz,2,50,0.0,0,qiskit_L0,success_prob,0.4384765625,0.6788158454568309,0.6289882751121512,0.6785416215871605,6,10,False,[]
fake_vigo,4,ghz,3,50,0.0,0,qiskit_L0,success_prob,0.4111328125,0.6788158454568309,0.6289882751121512,0.6785416215871605,6,10,False,[]
fake_vigo,4,ghz,4,50,0.0,0,qiskit_L0,success_prob,0.4169921875,0.6788158454568309,0.6289882751121512,0.6785416215871605,6,10,False,[]
fake_vigo,4,ghz,0,50,0.0,0,qiskit_L1,success_prob,0.4365234375,0.8654862397763771,0.8012250667647461,0.8653274626747983,3,7,False,[]
fake_vigo,4,ghz,1,50,0.0,0,qiskit_L1,success_prob,0.4580078125,0.8654862397763771,0.8012250667647461,0.8653274626747983,3,7,False,[]
fake_vigo,4,ghz,2,50,0.0,0,qiskit_L1,success_prob,0.4775390625,0.8654862397763771,0.8012250667647461,0.8653274626747983,3,7,False,[]
fake_vigo,4,ghz,3,50,0.0,0,qiskit_L1,success_prob,0.44921875,0.8654862397763771,0.8012250667647461,0.8653274626747983,3,7,False,[]
fake_vigo,4,ghz,4,50,0.0,0,qiskit_L1,success_prob,0.4423828125,0.8654862397763771,0.8012250667647461,0.8653274626747983,3,7,False,[]
fake_vigo,4,ghz,0,50,0.0,0,qiskit_L3,success_prob,0.4365234375,0.8654862397763771,0.8012250667647461,0.8653274626747983,3,7,False,[]
fake_vigo,4,ghz,1,50,0.0,0,qiskit_L3,success_prob,0.4580078125,0.8654862397763771,0.8012250667647461,0.8653274626747983,3,7,False,[]
fake_vigo,4,ghz,2,50,0.0,0,qiskit_L3,success_prob,0.4775390625,0.8654862397763771,0.8012250667647461,0.8653274626747983,3,7,False,[]
fake_vigo,4,ghz,3,50,0.0,0,qiskit_L3,success_prob,0.44921875,0.8654862397763771,0.8012250667647461,0.8653274626747983,3,7,False,[]
fake_vigo,4,ghz,4,50,0.0,0,qiskit_L3,success_prob,0.4423828125,0.8654862397763771,0.8012250667647461,0.8653274626747983,3,7,False,[]
fake_vigo,4,ghz,0,50,0.0,0,esp_no_thermal,success_prob,0.4365234375,0.8654862397763771,0.8012250667647461,0.8653274626747983,3,7,False,[]
fake_vigo,4,ghz,1,50,0.0,0,esp_no_thermal,success_prob,0.4580078125,0.8654862397763771,0.8012250667647461,0.8653274626747983,3,7,False,[]
fake_vigo,4,ghz,2,50,0.0,0,esp_no_thermal,success_prob,0.4775390625,0.8654862397763771,0.8012250667647461,0.8653274626747983,3,7,False,[]
fake_vigo,4,ghz,3,50,0.0,0,esp_no_thermal,success_prob,0.44921875,0.8654862397763771,0.8012250667647461,0.8653274626747983,3,7,False,[]
fake_vigo,4,ghz,4,50,0.0,0,esp_no_thermal,success_prob,0.4423828125,0.8654862397763771,0.8012250667647461,0.8653274626747983,3,7,False,[]
fake_vigo,4,ghz,0,50,0.0,0,esp_thermal,success_prob,0.4365234375,0.8654862397763771,0.8012250667647461,0.8653274626747983,3,7,False,[]
fake_vigo,4,ghz,1,50,0.0,0,esp_thermal,success_prob,0.4580078125,0.8654862397763771,0.8012250667647461,0.8653274626747983,3,7,False,[]
fake_vigo,4,ghz,2,50,0.0,0,esp_thermal,success_prob,0.4775390625,0.8654862397763771,0.8012250667647461,0.8653274626747983,3,7,False,[]
fake_vigo,4,ghz,3,50,0.0,0,esp_thermal,success_prob,0.44921875,0.8654862397763771,0.8012250667647461,0.8653274626747983,3,7,False,[]
fake_vigo,4,ghz,4,50,0.0,0,esp_thermal,success_prob,0.4423828125,0.8654862397763771,0.8012250667647461,0.8653274626747983,3,7,False,[]
fake_vigo,4,ghz,0,50,0.4,0,qiskit_L0,success_prob,0.4052734375,0.6788158454568309,0.30088346816390105,0.6774832877539934,6,10,False,"[2, 0]"
fake_vigo,4,ghz,1,50,0.4,0,qiskit_L0,success_prob,0.412109375,0.6788158454568309,0.30088346816390105,0.6774832877539934,6,10,False,"[2, 0]"
fake_vigo,4,ghz,2,50,0.4,0,qiskit_L0,success_prob,0.4375,0.6788158454568309,0.30088346816390105,0.6774832877539934,6,10,False,"[2, 0]"
fake_vigo,4,ghz,3,50,0.4,0,qiskit_L0,success_prob,0.4111328125,0.6788158454568309,0.30088346816390105,0.6774832877539934,6,10,False,"[2, 0]"
fake_vigo,4,ghz,4,50,0.4,0,qiskit_L0,success_prob,0.416015625,0.6788158454568309,0.30088346816390105,0.6774832877539934,6,10,False,"[2, 0]"
fake_vigo,4,ghz,0,50,0.4,0,qiskit_L1,success_prob,0.435546875,0.8654862397763771,0.5551219839694315,0.8649065527820908,3,7,False,"[2, 0]"
fake_vigo,4,ghz,1,50,0.4,0,qiskit_L1,success_prob,0.4580078125,0.8654862397763771,0.5551219839694315,0.8649065527820908,3,7,False,"[2, 0]"
fake_vigo,4,ghz,2,50,0.4,0,qiskit_L1,success_prob,0.4765625,0.8654862397763771,0.5551219839694315,0.8649065527820908,3,7,False,"[2, 0]"
fake_vigo,4,ghz,3,50,0.4,0,qiskit_L1,success_prob,0.44921875,0.8654862397763771,0.5551219839694315,0.8649065527820908,3,7,False,"[2, 0]"
fake_vigo,4,ghz,4,50,0.4,0,qiskit_L1,success_prob,0.4423828125,0.8654862397763771,0.5551219839694315,0.8649065527820908,3,7,False,"[2, 0]"
fake_vigo,4,ghz,0,50,0.4,0,qiskit_L3,success_prob,0.435546875,0.8654862397763771,0.5551219839694315,0.8649065527820908,3,7,False,"[2, 0]"
fake_vigo,4,ghz,1,50,0.4,0,qiskit_L3,success_prob,0.4580078125,0.8654862397763771,0.5551219839694315,0.8649065527820908,3,7,False,"[2, 0]"
fake_vigo,4,ghz,2,50,0.4,0,qiskit_L3,success_prob,0.4765625,0.8654862397763771,0.5551219839694315,0.8649065527820908,3,7,False,"[2, 0]"
fake_vigo,4,ghz,3,50,0.4,0,qiskit_L3,success_prob,0.44921875,0.8654862397763771,0.5551219839694315,0.8649065527820908,3,7,False,"[2, 0]"
fake_vigo,4,ghz,4,50,0.4,0,qiskit_L3,success_prob,0.4423828125,0.8654862397763771,0.5551219839694315,0.8649065527820908,3,7,False,"[2, 0]"
fake_vigo,4,ghz,0,50,0.4,0,esp_no_thermal,success_prob,0.435546875,0.8654862397763771,0.5551219839694315,0.8649065527820908,3,7,False,"[2, 0]"
fake_vigo,4,ghz,1,50,0.4,0,esp_no_thermal,success_prob,0.4580078125,0.8654862397763771,0.5551219839694315,0.8649065527820908,3,7,False,"[2, 0]"
fake_vigo,4,ghz,2,50,0.4,0,esp_no_thermal,success_prob,0.4765625,0.8654862397763771,0.5551219839694315,0.8649065527820908,3,7,False,"[2, 0]"
fake_vigo,4,ghz,3,50,0.4,0,esp_no_thermal,success_prob,0.44921875,0.8654862397763771,0.5551219839694315,0.8649065527820908,3,7,False,"[2, 0]"
fake_vigo,4,ghz,4,50,0.4,0,esp_no_thermal,success_prob,0.4423828125,0.8654862397763771,0.5551219839694315,0.8649065527820908,3,7,False,"[2, 0]"
fake_vigo,4,ghz,0,50,0.4,0,esp_thermal,success_prob,0.435546875,0.8654862397763771,0.5551219839694315,0.8649065527820908,3,7,False,"[2, 0]"
fake_vigo,4,ghz,1,50,0.4,0,esp_thermal,success_prob,0.4580078125,0.8654862397763771,0.5551219839694315,0.8649065527820908,3,7,False,"[2, 0]"
fake_vigo,4,ghz,2,50,0.4,0,esp_thermal,success_prob,0.4765625,0.8654862397763771,0.5551219839694315,0.8649065527820908,3,7,False,"[2, 0]"
fake_vigo,4,ghz,3,50,0.4,0,esp_thermal,success_prob,0.44921875,0.8654862397763771,0.5551219839694315,0.8649065527820908,3,7,False,"[2, 0]"
fake_vigo,4,ghz,4,50,0.4,0,esp_thermal,success_prob,0.4423828125,0.8654862397763771,0.5551219839694315,0.8649065527820908,3,7,False,"[2, 0]"
fake_vigo,4,ghz,0,120,0.0,0,qiskit_L0,success_prob,0.4052734375,0.6788158454568309,0.23123663426068072,0.675114997303166,6,10,False,[]
fake_vigo,4,ghz,1,120,0.0,0,qiskit_L0,success_prob,0.4130859375,0.6788158454568309,0.23123663426068072,0.675114997303166,6,10,False,[]
fake_vigo,4,ghz,2,120,0.0,0,qiskit_L0,success_prob,0.4345703125,0.6788158454568309,0.23123663426068072,0.675114997303166,6,10,False,[]
fake_vigo,4,ghz,3,120,0.0,0,qiskit_L0,success_prob,0.4130859375,0.6788158454568309,0.23123663426068072,0.675114997303166,6,10,False,[]
fake_vigo,4,ghz,4,120,0.0,0,qiskit_L0,success_prob,0.4150390625,0.6788158454568309,0.23123663426068072,0.675114997303166,6,10,False,[]
fake_vigo,4,ghz,0,120,0.0,0,qiskit_L1,success_prob,0.4375,0.8654862397763771,0.2934014688696226,0.8633759757053107,3,7,False,[]
fake_vigo,4,ghz,1,120,0.0,0,qiskit_L1,success_prob,0.4580078125,0.8654862397763771,0.2934014688696226,0.8633759757053107,3,7,False,[]
fake_vigo,4,ghz,2,120,0.0,0,qiskit_L1,success_prob,0.4765625,0.8654862397763771,0.2934014688696226,0.8633759757053107,3,7,False,[]
fake_vigo,4,ghz,3,120,0.0,0,qiskit_L1,success_prob,0.44921875,0.8654862397763771,0.2934014688696226,0.8633759757053107,3,7,False,[]
fake_vigo,4,ghz,4,120,0.0,0,qiskit_L1,success_prob,0.4423828125,0.8654862397763771,0.2934014688696226,0.8633759757053107,3,7,False,[]
fake_vigo,4,ghz,0,120,0.0,0,qiskit_L3,success_prob,0.4375,0.8654862397763771,0.2934014688696226,0.8633759757053107,3,7,False,[]
fake_vigo,4,ghz,1,120,0.0,0,qiskit_L3,success_prob,0.4580078125,0.8654862397763771,0.2934014688696226,0.8633759757053107,3,7,False,[]
fake_vigo,4,ghz,2,120,0.0,0,qiskit_L3,success_prob,0.4765625,0.8654862397763771,0.2934014688696226,0.8633759757053107,3,7,False,[]
fake_vigo,4,ghz,3,120,0.0,0,qiskit_L3,success_prob,0.44921875,0.8654862397763771,0.2934014688696226,0.8633759757053107,3,7,False,[]
fake_vigo,4,ghz,4,120,0.0,0,qiskit_L3,success_prob,0.4423828125,0.8654862397763771,0.2934014688696226,0.8633759757053107,3,7,False,[]
fake_vigo,4,ghz,0,120,0.0,0,esp_no_thermal,success_prob,0.4375,0.8654862397763771,0.2934014688696226,0.8633759757053107,3,7,False,[]
fake_vigo,4,ghz,1,120,0.0,0,esp_no_thermal,success_prob,0.4580078125,0.8654862397763771,0.2934014688696226,0.8633759757053107,3,7,False,[]
fake_vigo,4,ghz,2,120,0.0,0,esp_no_thermal,success_prob,0.4765625,0.8654862397763771,0.2934014688696226,0.8633759757053107,3,7,False,[]
fake_vigo,4,ghz,3,120,0.0,0,esp_no_thermal,success_prob,0.44921875,0.8654862397763771,0.2934014688696226,0.8633759757053107,3,7,False,[]
fake_vigo,4,ghz,4,120,0.0,0,esp_no_thermal,success_prob,0.4423828125,0.8654862397763771,0.2934014688696226,0.8633759757053107,3,7,False,[]
fake_vigo,4,ghz,0,120,0.0,0,esp_thermal,success_prob,0.4375,0.8654862397763771,0.2934014688696226,0.8633759757053107,3,7,False,[]
fake_vigo,4,ghz,1,120,0.0,0,esp_thermal,success_prob,0.4580078125,0.8654862397763771,0.2934014688696226,0.8633759757053107,3,7,False,[]
fake_vigo,4,ghz,2,120,0.0,0,esp_thermal,success_prob,0.4765625,0.8654862397763771,0.2934014688696226,0.8633759757053107,3,7,False,[]
fake_vigo,4,ghz,3,120,0.0,0,esp_thermal,success_prob,0.44921875,0.8654862397763771,0.2934014688696226,0.8633759757053107,3,7,False,[]
fake_vigo,4,ghz,4,120,0.0,0,esp_thermal,success_prob,0.4423828125,0.8654862397763771,0.2934014688696226,0.8633759757053107,3,7,False,[]
fake_vigo,4,ghz,0,120,0.4,0,qiskit_L0,success_prob,0.4052734375,0.6788158454568309,0.18331786772580003,0.6748038181670573,6,10,False,"[2, 0]"
fake_vigo,4,ghz,1,120,0.4,0,qiskit_L0,success_prob,0.4130859375,0.6788158454568309,0.18331786772580003,0.6748038181670573,6,10,False,"[2, 0]"
fake_vigo,4,ghz,2,120,0.4,0,qiskit_L0,success_prob,0.43359375,0.6788158454568309,0.18331786772580003,0.6748038181670573,6,10,False,"[2, 0]"
fake_vigo,4,ghz,3,120,0.4,0,qiskit_L0,success_prob,0.4130859375,0.6788158454568309,0.18331786772580003,0.6748038181670573,6,10,False,"[2, 0]"
fake_vigo,4,ghz,4,120,0.4,0,qiskit_L0,success_prob,0.4150390625,0.6788158454568309,0.18331786772580003,0.6748038181670573,6,10,False,"[2, 0]"
fake_vigo,4,ghz,0,120,0.4,0,qiskit_L1,success_prob,0.4384765625,0.8654862397763771,0.2612918174390134,0.8632515176813469,3,7,False,"[2, 0]"
fake_vigo,4,ghz,1,120,0.4,0,qiskit_L1,success_prob,0.4580078125,0.8654862397763771,0.2612918174390134,0.8632515176813469,3,7,False,"[2, 0]"
fake_vigo,4,ghz,2,120,0.4,0,qiskit_L1,success_prob,0.4765625,0.8654862397763771,0.2612918174390134,0.8632515176813469,3,7,False,"[2, 0]"
fake_vigo,4,ghz,3,120,0.4,0,qiskit_L1,success_prob,0.44921875,0.8654862397763771,0.2612918174390134,0.8632515176813469,3,7,False,"[2, 0]"
fake_vigo,4,ghz,4,120,0.4,0,qiskit_L1,success_prob,0.4423828125,0.8654862397763771,0.2612918174390134,0.8632515176813469,3,7,False,"[2, 0]"
fake_vigo,4,ghz,0,120,0.4,0,qiskit_L3,success_prob,0.4384765625,0.8654862397763771,0.2612918174390134,0.8632515176813469,3,7,False,"[2, 0]"
fake_vigo,4,ghz,1,120,0.4,0,qiskit_L3,success_prob,0.4580078125,0.8654862397763771,0.2612918174390134,0.8632515176813469,3,7,False,"[2, 0]"
fake_vigo,4,ghz,2,120,0.4,0,qiskit_L3,success_prob,0.4765625,0.8654862397763771,0.2612918174390134,0.8632515176813469,3,7,False,"[2, 0]"
fake_vigo,4,ghz,3,120,0.4,0,qiskit_L3,success_prob,0.44921875,0.8654862397763771,0.2612918174390134,0.8632515176813469,3,7,False,"[2, 0]"
fake_vigo,4,ghz,4,120,0.4,0,qiskit_L3,success_prob,0.4423828125,0.8654862397763771,0.2612918174390134,0.8632515176813469,3,7,False,"[2, 0]"
fake_vigo,4,ghz,0,120,0.4,0,esp_no_thermal,success_prob,0.4384765625,0.8654862397763771,0.2612918174390134,0.8632515176813469,3,7,False,"[2, 0]"
fake_vigo,4,ghz,1,120,0.4,0,esp_no_thermal,success_prob,0.4580078125,0.8654862397763771,0.2612918174390134,0.8632515176813469,3,7,False,"[2, 0]"
fake_vigo,4,ghz,2,120,0.4,0,esp_no_thermal,success_prob,0.4765625,0.8654862397763771,0.2612918174390134,0.8632515176813469,3,7,False,"[2, 0]"
fake_vigo,4,ghz,3,120,0.4,0,esp_no_thermal,success_prob,0.44921875,0.8654862397763771,0.2612918174390134,0.8632515176813469,3,7,False,"[2, 0]"
fake_vigo,4,ghz,4,120,0.4,0,esp_no_thermal,success_prob,0.4423828125,0.8654862397763771,0.2612918174390134,0.8632515176813469,3,7,False,"[2, 0]"
fake_vigo,4,ghz,0,120,0.4,0,esp_thermal,success_prob,0.4384765625,0.8654862397763771,0.2612918174390134,0.8632515176813469,3,7,False,"[2, 0]"
fake_vigo,4,ghz,1,120,0.4,0,esp_thermal,success_prob,0.4580078125,0.8654862397763771,0.2612918174390134,0.8632515176813469,3,7,False,"[2, 0]"
fake_vigo,4,ghz,2,120,0.4,0,esp_thermal,success_prob,0.4765625,0.8654862397763771,0.2612918174390134,0.8632515176813469,3,7,False,"[2, 0]"
fake_vigo,4,ghz,3,120,0.4,0,esp_thermal,success_prob,0.44921875,0.8654862397763771,0.2612918174390134,0.8632515176813469,3,7,False,"[2, 0]"
fake_vigo,4,ghz,4,120,0.4,0,esp_thermal,success_prob,0.4423828125,0.8654862397763771,0.2612918174390134,0.8632515176813469,3,7,False,"[2, 0]"
fake_vigo,4,qft,0,15,0.0,0,qiskit_L0,fidelity,0.6728515625000001,0.2543425166337402,0.25434213324088767,0.2543425063935767,30,53,False,[]
fake_vigo,4,qft,1,15,0.0,0,qiskit_L0,fidelity,0.6718749999999999,0.2543425166337402,0.25434213324088767,0.2543425063935767,30,53,False,[]
fake_vigo,4,qft,2,15,0.0,0,qiskit_L0,fidelity,0.6806640625000001,0.2543425166337402,0.25434213324088767,0.2543425063935767,30,53,False,[]
fake_vigo,4,qft,3,15,0.0,0,qiskit_L0,fidelity,0.6767578125,0.2543425166337402,0.25434213324088767,0.2543425063935767,30,53,False,[]
fake_vigo,4,qft,4,15,0.0,0,qiskit_L0,fidelity,0.6328125,0.2543425166337402,0.25434213324088767,0.2543425063935767,30,53,False,[]
fake_vigo,4,qft,0,15,0.0,0,qiskit_L1,fidelity,0.6855468750000001,0.29560724901578583,0.29560680342097173,0.29560723874208994,27,46,False,[]
fake_vigo,4,qft,1,15,0.0,0,qiskit_L1,fidelity,0.7060546875000001,0.29560724901578583,0.29560680342097173,0.29560723874208994,27,46,False,[]
fake_vigo,4,qft,2,15,0.0,0,qiskit_L1,fidelity,0.7001953125,0.29560724901578583,0.29560680342097173,0.29560723874208994,27,46,False,[]
fake_vigo,4,qft,3,15,0.0,0,qiskit_L1,fidelity,0.6787109375000001,0.29560724901578583,0.29560680342097173,0.29560723874208994,27,46,False,[]
fake_vigo,4,qft,4,15,0.0,0,qiskit_L1,fidelity,0.6708984374999999,0.29560724901578583,0.29560680342097173,0.29560723874208994,27,46,False,[]
fake_vigo,4,qft,0,15,0.0,0,qiskit_L3,fidelity,0.7314453125,0.43361923276930886,0.4336185791368892,0.4336192230707621,18,35,False,[]
fake_vigo,4,qft,1,15,0.0,0,qiskit_L3,fidelity,0.7226562500000001,0.43361923276930886,0.4336185791368892,0.4336192230707621,18,35,False,[]
fake_vigo,4,qft,2,15,0.0,0,qiskit_L3,fidelity,0.7294921875,0.43361923276930886,0.4336185791368892,0.4336192230707621,18,35,False,[]
fake_vigo,4,qft,3,15,0.0,0,qiskit_L3,fidelity,0.7324218750000001,0.43361923276930886,0.4336185791368892,0.4336192230707621,18,35,False,[]
fake_vigo,4,qft,4,15,0.0,0,qiskit_L3,fidelity,0.724609375,0.43361923276930886,0.4336185791368892,0.4336192230707621,18,35,False,[]
fake_vigo,4,qft,0,15,0.0,0,esp_no_thermal,fidelity,0.7685546875,0.5730051905517725,0.5730042866931103,0.5730051725576465,27,38,False,[]
fake_vigo,4,qft,1,15,0.0,0,esp_no_thermal,fidelity,0.7646484375000001,0.5730051905517725,0.5730042866931103,0.5730051725576465,27,38,False,[]
fake_vigo,4,qft,2,15,0.0,0,esp_no_thermal,fidelity,0.7783203125,0.5730051905517725,0.5730042866931103,0.5730051725576465,27,38,False,[]
fake_vigo,4,qft,3,15,0.0,0,esp_no_thermal,fidelity,0.7685546875,0.5730051905517725,0.5730042866931103,0.5730051725576465,27,38,False,[]
fake_vigo,4,qft,4,15,0.0,0,esp_no_thermal,fidelity,0.7578125,0.5730051905517725,0.5730042866931103,0.5730051725576465,27,38,False,[]
fake_vigo,4,qft,0,15,0.0,0,esp_thermal,fidelity,0.7685546875,0.5730051905517725,0.5730042866931103,0.5730051725576465,27,38,False,[]
fake_vigo,4,qft,1,15,0.0,0,esp_thermal,fidelity,0.7646484375000001,0.5730051905517725,0.5730042866931103,0.5730051725576465,27,38,False,[]
fake_vigo,4,qft,2,15,0.0,0,esp_thermal,fidelity,0.7783203125,0.5730051905517725,0.5730042866931103,0.5730051725576465,27,38,False,[]
fake_vigo,4,qft,3,15,0.0,0,esp_thermal,fidelity,0.7685546875,0.5730051905517725,0.5730042866931103,0.5730051725576465,27,38,False,[]
fake_vigo,4,qft,4,15,0.0,0,esp_thermal,fidelity,0.7578125,0.5730051905517725,0.5730042866931103,0.5730051725576465,27,38,False,[]
fake_vigo,4,qft,0,15,0.4,0,qiskit_L0,fidelity,0.6728515625000001,0.2543425166337402,0.24844034981070648,0.2542458599257187,30,53,False,"[2, 0]"
fake_vigo,4,qft,1,15,0.4,0,qiskit_L0,fidelity,0.6718749999999999,0.2543425166337402,0.24844034981070648,0.2542458599257187,30,53,False,"[2, 0]"
fake_vigo,4,qft,2,15,0.4,0,qiskit_L0,fidelity,0.6806640625000001,0.2543425166337402,0.24844034981070648,0.2542458599257187,30,53,False,"[2, 0]"
fake_vigo,4,qft,3,15,0.4,0,qiskit_L0,fidelity,0.67578125,0.2543425166337402,0.24844034981070648,0.2542458599257187,30,53,False,"[2, 0]"
fake_vigo,4,qft,4,15,0.4,0,qiskit_L0,fidelity,0.6328125,0.2543425166337402,0.24844034981070648,0.2542458599257187,30,53,False,"[2, 0]"
fake_vigo,4,qft,0,15,0.4,0,qiskit_L1,fidelity,0.6855468750000001,0.29560724901578583,0.28874750994863774,0.29550539013105703,27,46,False,"[2, 0]"
fake_vigo,4,qft,1,15,0.4,0,qiskit_L1,fidelity,0.7060546875000001,0.29560724901578583,0.28874750994863774,0.29550539013105703,27,46,False,"[2, 0]"
fake_vigo,4,qft,2,15,0.4,0,qiskit_L1,fidelity,0.69921875,0.29560724901578583,0.28874750994863774,0.29550539013105703,27,46,False,"[2, 0]"
fake_vigo,4,qft,3,15,0.4,0,qiskit_L1,fidelity,0.6787109375000001,0.29560724901578583,0.28874750994863774,0.29550539013105703,27,46,False,"[2, 0]"
fake_vigo,4,qft,4,15,0.4,0,qiskit_L1,fidelity,0.6708984374999999,0.29560724901578583,0.28874750994863774,0.29550539013105703,27,46,False,"[2, 0]"
fake_vigo,4,qft,0,15,0.4,0,qiskit_L3,fidelity,0.7314453125,0.43361923276930886,0.42355684491786755,0.43351806141036,18,35,False,"[2, 0]"
fake_vigo,4,qft,1,15,0.4,0,qiskit_L3,fidelity,0.7226562500000001,0.43361923276930886,0.42355684491786755,0.43351806141036,18,35,False,"[2, 0]"
fake_vigo,4,qft,2,15,0.4,0,qiskit_L3,fidelity,0.7294921875,0.43361923276930886,0.42355684491786755,0.43351806141036,18,35,False,"[2, 0]"
fake_vigo,4,qft,3,15,0.4,0,qiskit_L3,fidelity,0.7324218750000001,0.43361923276930886,0.42355684491786755,0.43351806141036,18,35,False,"[2, 0]"
fake_vigo,4,qft,4,15,0.4,0,qiskit_L3,fidelity,0.724609375,0.43361923276930886,0.42355684491786755,0.43351806141036,18,35,False,"[2, 0]"
fake_vigo,4,qft,0,15,0.4,0,esp_no_thermal,fidelity,0.7685546875,0.5730051905517725,0.5664478460596851,0.5729271982664181,27,38,False,"[2, 0]"
fake_vigo,4,qft,1,15,0.4,0,esp_no_thermal,fidelity,0.7646484375000001,0.5730051905517725,0.5664478460596851,0.5729271982664181,27,38,False,"[2, 0]"
fake_vigo,4,qft,2,15,0.4,0,esp_no_thermal,fidelity,0.77734375,0.5730051905517725,0.5664478460596851,0.5729271982664181,27,38,False,"[2, 0]"
fake_vigo,4,qft,3,15,0.4,0,esp_no_thermal,fidelity,0.7685546875,0.5730051905517725,0.5664478460596851,0.5729271982664181,27,38,False,"[2, 0]"
fake_vigo,4,qft,4,15,0.4,0,esp_no_thermal,fidelity,0.7578125,0.5730051905517725,0.5664478460596851,0.5729271982664181,27,38,False,"[2, 0]"
fake_vigo,4,qft,0,15,0.4,0,esp_thermal,fidelity,0.7685546875,0.5730051905517725,0.5664478460596851,0.5729271982664181,27,38,False,"[2, 0]"
fake_vigo,4,qft,1,15,0.4,0,esp_thermal,fidelity,0.7646484375000001,0.5730051905517725,0.5664478460596851,0.5729271982664181,27,38,False,"[2, 0]"
fake_vigo,4,qft,2,15,0.4,0,esp_thermal,fidelity,0.77734375,0.5730051905517725,0.5664478460596851,0.5729271982664181,27,38,False,"[2, 0]"
fake_vigo,4,qft,3,15,0.4,0,esp_thermal,fidelity,0.7685546875,0.5730051905517725,0.5664478460596851,0.5729271982664181,27,38,False,"[2, 0]"
fake_vigo,4,qft,4,15,0.4,0,esp_thermal,fidelity,0.7578125,0.5730051905517725,0.5664478460596851,0.5729271982664181,27,38,False,"[2, 0]"
fake_vigo,4,qft,0,50,0.0,0,qiskit_L0,fidelity,0.6728515625000001,0.2543425166337402,0.23567284396179233,0.253794931099259,30,53,False,[]
fake_vigo,4,qft,1,50,0.0,0,qiskit_L0,fidelity,0.6718749999999999,0.2543425166337402,0.23567284396179233,0.253794931099259,30,53,False,[]
fake_vigo,4,qft,2,50,0.0,0,qiskit_L0,fidelity,0.6796875,0.2543425166337402,0.23567284396179233,0.253794931099259,30,53,False,[]
fake_vigo,4,qft,3,50,0.0,0,qiskit_L0,fidelity,0.67578125,0.2543425166337402,0.23567284396179233,0.253794931099259,30,53,False,[]
fake_vigo,4,qft,4,50,0.0,0,qiskit_L0,fidelity,0.6318359375,0.2543425166337402,0.23567284396179233,0.253794931099259,30,53,False,[]
fake_vigo,4,qft,0,50,0.0,0,qiskit_L1,fidelity,0.6845703125,0.29560724901578583,0.27390859378651855,0.295056580321269,27,46,False,[]
fake_vigo,4,qft,1,50,0.0,0,qiskit_L1,fidelity,0.7050781250000002,0.29560724901578583,0.27390859378651855,0.295056580321269,27,46,False,[]
fake_vigo,4,qft,2,50,0.0,0,qiskit_L1,fidelity,0.69921875,0.29560724901578583,0.27390859378651855,0.295056580321269,27,46,False,[]
fake_vigo,4,qft,3,50,0.0,0,qiskit_L1,fidelity,0.6787109375000001,0.29560724901578583,0.27390859378651855,0.295056580321269,27,46,False,[]
fake_vigo,4,qft,4,50,0.0,0,qiskit_L1,fidelity,0.6689453125,0.29560724901578583,0.27390859378651855,0.295056580321269,27,46,False,[]
fake_vigo,4,qft,0,50,0.0,0,qiskit_L3,fidelity,0.7314453125,0.43361923276930886,0.40178999223489226,0.43309878675578023,18,35,False,[]
fake_vigo,4,qft,1,50,0.0,0,qiskit_L3,fidelity,0.7226562500000001,0.43361923276930886,0.40178999223489226,0.43309878675578023,18,35,False,[]
fake_vigo,4,qft,2,50,0.0,0,qiskit_L3,fidelity,0.7294921875,0.43361923276930886,0.40178999223489226,0.43309878675578023,18,35,False,[]
fake_vigo,4,qft,3,50,0.0,0,qiskit_L3,fidelity,0.7324218750000001,0.43361923276930886,0.40178999223489226,0.43309878675578023,18,35,False,[]
fake_vigo,4,qft,4,50,0.0,0,qiskit_L3,fidelity,0.7236328125,0.43361923276930886,0.40178999223489226,0.43309878675578023,18,35,False,[]
fake_vigo,4,qft,0,50,0.0,0,esp_no_thermal,fidelity,0.7685546875,0.5730051905517725,0.5304603365791385,0.5720973814741305,27,38,False,[]
fake_vigo,4,qft,1,50,0.0,0,esp_no_thermal,fidelity,0.7646484375000001,0.5730051905517725,0.5304603365791385,0.5720973814741305,27,38,False,[]
fake_vigo,4,qft,2,50,0.0,0,esp_no_thermal,fidelity,0.7753906250000001,0.5730051905517725,0.5304603365791385,0.5720973814741305,27,38,False,[]
fake_vigo,4,qft,3,50,0.0,0,esp_no_thermal,fidelity,0.7675781250000001,0.5730051905517725,0.5304603365791385,0.5720973814741305,27,38,False,[]
fake_vigo,4,qft,4,50,0.0,0,esp_no_thermal,fidelity,0.7578125,0.5730051905517725,0.5304603365791385,0.5720973814741305,27,38,False,[]
fake_vigo,4,qft,0,50,0.0,0,esp_thermal,fidelity,0.7685546875,0.5730051905517725,0.5304603365791385,0.5720973814741305,27,38,False,[]
fake_vigo,4,qft,1,50,0.0,0,esp_thermal,fidelity,0.7646484375000001,0.5730051905517725,0.5304603365791385,0.5720973814741305,27,38,False,[]
fake_vigo,4,qft,2,50,0.0,0,esp_thermal,fidelity,0.7753906250000001,0.5730051905517725,0.5304603365791385,0.5720973814741305,27,38,False,[]
fake_vigo,4,qft,3,50,0.0,0,esp_thermal,fidelity,0.7675781250000001,0.5730051905517725,0.5304603365791385,0.5720973814741305,27,38,False,[]
fake_vigo,4,qft,4,50,0.0,0,esp_thermal,fidelity,0.7578125,0.5730051905517725,0.5304603365791385,0.5720973814741305,27,38,False,[]
fake_vigo,4,qft,0,50,0.4,0,qiskit_L0,fidelity,0.6660156250000001,0.2543425166337402,0.11273670026779181,0.25107781434463844,30,53,False,"[2, 0]"
fake_vigo,4,qft,1,50,0.4,0,qiskit_L0,fidelity,0.6669921875000001,0.2543425166337402,0.11273670026779181,0.25107781434463844,30,53,False,"[2, 0]"
fake_vigo,4,qft,2,50,0.4,0,qiskit_L0,fidelity,0.6728515625000001,0.2543425166337402,0.11273670026779181,0.25107781434463844,30,53,False,"[2, 0]"
fake_vigo,4,qft,3,50,0.4,0,qiskit_L0,fidelity,0.6738281250000001,0.2543425166337402,0.11273670026779181,0.25107781434463844,30,53,False,"[2, 0]"
fake_vigo,4,qft,4,50,0.4,0,qiskit_L0,fidelity,0.6259765625000001,0.2543425166337402,0.11273670026779181,0.25107781434463844,30,53,False,"[2, 0]"
fake_vigo,4,qft,0,50,0.4,0,qiskit_L1,fidelity,0.6787109375000001,0.29560724901578583,0.13102719226950615,0.2921835366364825,27,46,False,"[2, 0]"
fake_vigo,4,qft,1,50,0.4,0,qiskit_L1,fidelity,0.701171875,0.29560724901578583,0.13102719226950615,0.2921835366364825,27,46,False,"[2, 0]"
fake_vigo,4,qft,2,50,0.4,0,qiskit_L1,fidelity,0.6933593750000001,0.29560724901578583,0.13102719226950615,0.2921835366364825,27,46,False,"[2, 0]"
fake_vigo,4,qft,3,50,0.4,0,qiskit_L1,fidelity,0.67578125,0.29560724901578583,0.13102719226950615,0.2921835366364825,27,46,False,"[2, 0]"
fake_vigo,4,qft,4,50,0.4,0,qiskit_L1,fidelity,0.6630859375,0.29560724901578583,0.13102719226950615,0.2921835366364825,27,46,False,"[2, 0]"
fake_vigo,4,qft,0,50,0.4,0,qiskit_L3,fidelity,0.728515625,0.43361923276930886,0.19220066751741238,0.430235063485527,18,35,False,"[2, 0]"
fake_vigo,4,qft,1,50,0.4,0,qiskit_L3,fidelity,0.7207031250000001,0.43361923276930886,0.19220066751741238,0.430235063485527,18,35,False,"[2, 0]"
fake_vigo,4,qft,2,50,0.4,0,qiskit_L3,fidelity,0.7275390625000001,0.43361923276930886,0.19220066751741238,0.430235063485527,18,35,False,"[2, 0]"
fake_vigo,4,qft,3,50,0.4,0,qiskit_L3,fidelity,0.7324218750000001,0.43361923276930886,0.19220066751741238,0.430235063485527,18,35,False,"[2, 0]"
fake_vigo,4,qft,4,50,0.4,0,qiskit_L3,fidelity,0.7207031250000001,0.43361923276930886,0.19220066751741238,0.430235063485527,18,35,False,"[2, 0]"
fake_vigo,4,qft,0,50,0.4,0,esp_no_thermal,fidelity,0.7646484375000001,0.5730051905517725,0.3675249398373671,0.5698484825384199,27,38,False,"[2, 0]"
fake_vigo,4,qft,1,50,0.4,0,esp_no_thermal,fidelity,0.76171875,0.5730051905517725,0.3675249398373671,0.5698484825384199,27,38,False,"[2, 0]"
fake_vigo,4,qft,2,50,0.4,0,esp_no_thermal,fidelity,0.7744140625000001,0.5730051905517725,0.3675249398373671,0.5698484825384199,27,38,False,"[2, 0]"
fake_vigo,4,qft,3,50,0.4,0,esp_no_thermal,fidelity,0.763671875,0.5730051905517725,0.3675249398373671,0.5698484825384199,27,38,False,"[2, 0]"
fake_vigo,4,qft,4,50,0.4,0,esp_no_thermal,fidelity,0.7539062499999999,0.5730051905517725,0.3675249398373671,0.5698484825384199,27,38,False,"[2, 0]"
fake_vigo,4,qft,0,50,0.4,0,esp_thermal,fidelity,0.7646484375000001,0.5730051905517725,0.3675249398373671,0.5698484825384199,27,38,False,"[2, 0]"
fake_vigo,4,qft,1,50,0.4,0,esp_thermal,fidelity,0.76171875,0.5730051905517725,0.3675249398373671,0.5698484825384199,27,38,False,"[2, 0]"
fake_vigo,4,qft,2,50,0.4,0,esp_thermal,fidelity,0.7744140625000001,0.5730051905517725,0.3675249398373671,0.5698484825384199,27,38,False,"[2, 0]"
fake_vigo,4,qft,3,50,0.4,0,esp_thermal,fidelity,0.763671875,0.5730051905517725,0.3675249398373671,0.5698484825384199,27,38,False,"[2, 0]"
fake_vigo,4,qft,4,50,0.4,0,esp_thermal,fidelity,0.7539062499999999,0.5730051905517725,0.3675249398373671,0.5698484825384199,27,38,False,"[2, 0]"
fake_vigo,4,qft,0,120,0.0,0,qiskit_L0,fidelity,0.6640625000000001,0.2543425166337402,0.08664103510459008,0.24703819864479473,30,53,False,[]
fake_vigo,4,qft,1,120,0.0,0,qiskit_L0,fidelity,0.6601562500000002,0.2543425166337402,0.08664103510459008,0.24703819864479473,30,53,False,[]
fake_vigo,4,qft,2,120,0.0,0,qiskit_L0,fidelity,0.6689453125,0.2543425166337402,0.08664103510459008,0.24703819864479473,30,53,False,[]
fake_vigo,4,qft,3,120,0.0,0,qiskit_L0,fidelity,0.669921875,0.2543425166337402,0.08664103510459008,0.24703819864479473,30,53,False,[]
fake_vigo,4,qft,4,120,0.0,0,qiskit_L0,fidelity,0.6230468750000001,0.2543425166337402,0.08664103510459008,0.24703819864479473,30,53,False,[]
fake_vigo,4,qft,0,120,0.0,0,qiskit_L1,fidelity,0.6728515625000001,0.29560724901578583,0.10069774561533312,0.28824489198114633,27,46,False,[]
fake_vigo,4,qft,1,120,0.0,0,qiskit_L1,fidelity,0.69140625,0.29560724901578583,0.10069774561533312,0.28824489198114633,27,46,False,[]
fake_vigo,4,qft,2,120,0.0,0,qiskit_L1,fidelity,0.6884765625000002,0.29560724901578583,0.10069774561533312,0.28824489198114633,27,46,False,[]
fake_vigo,4,qft,3,120,0.0,0,qiskit_L1,fidelity,0.6718749999999999,0.29560724901578583,0.10069774561533312,0.28824489198114633,27,46,False,[]
fake_vigo,4,qft,4,120,0.0,0,qiskit_L1,fidelity,0.654296875,0.29560724901578583,0.10069774561533312,0.28824489198114633,27,46,False,[]
fake_vigo,4,qft,0,120,0.0,0,qiskit_L3,fidelity,0.7275390625000001,0.43361923276930886,0.14771112461111546,0.4266309310990454,18,35,False,[]
fake_vigo,4,qft,1,120,0.0,0,qiskit_L3,fidelity,0.7197265625,0.43361923276930886,0.14771112461111546,0.4266309310990454,18,35,False,[]
fake_vigo,4,qft,2,120,0.0,0,qiskit_L3,fidelity,0.7226562500000001,0.43361923276930886,0.14771112461111546,0.4266309310990454,18,35,False,[]
fake_vigo,4,qft,3,120,0.0,0,qiskit_L3,fidelity,0.73046875,0.43361923276930886,0.14771112461111546,0.4266309310990454,18,35,False,[]
fake_vigo,4,qft,4,120,0.0,0,qiskit_L3,fidelity,0.7197265625,0.43361923276930886,0.14771112461111546,0.4266309310990454,18,35,False,[]
fake_vigo,4,qft,0,120,0.0,0,esp_no_thermal,fidelity,0.7587890625,0.5730051905517725,0.19424984113120822,0.5610345050555049,27,38,False,[]
fake_vigo,4,qft,1,120,0.0,0,esp_no_thermal,fidelity,0.7587890625,0.5730051905517725,0.19424984113120822,0.5610345050555049,27,38,False,[]
fake_vigo,4,qft,2,120,0.0,0,esp_no_thermal,fidelity,0.7666015625,0.5730051905517725,0.19424984113120822,0.5610345050555049,27,38,False,[]
fake_vigo,4,qft,3,120,0.0,0,esp_no_thermal,fidelity,0.7539062499999999,0.5730051905517725,0.19424984113120822,0.5610345050555049,27,38,False,[]
fake_vigo,4,qft,4,120,0.0,0,esp_no_thermal,fidelity,0.74609375,0.5730051905517725,0.19424984113120822,0.5610345050555049,27,38,False,[]
fake_vigo,4,qft,0,120,0.0,0,esp_thermal,fidelity,0.7587890625,0.5730051905517725,0.19424984113120822,0.5610345050555049,27,38,False,[]
fake_vigo,4,qft,1,120,0.0,0,esp_thermal,fidelity,0.7587890625,0.5730051905517725,0.19424984113120822,0.5610345050555049,27,38,False,[]
fake_vigo,4,qft,2,120,0.0,0,esp_thermal,fidelity,0.7666015625,0.5730051905517725,0.19424984113120822,0.5610345050555049,27,38,False,[]
fake_vigo,4,qft,3,120,0.0,0,esp_thermal,fidelity,0.7539062499999999,0.5730051905517725,0.19424984113120822,0.5610345050555049,27,38,False,[]
fake_vigo,4,qft,4,120,0.0,0,esp_thermal,fidelity,0.74609375,0.5730051905517725,0.19424984113120822,0.5610345050555049,27,38,False,[]
fake_vigo,4,qft,0,120,0.4,0,qiskit_L0,fidelity,0.6611328124999999,0.2543425166337402,0.06868656371734064,0.24625517605733802,30,53,False,"[2, 0]"
fake_vigo,4,qft,1,120,0.4,0,qiskit_L0,fidelity,0.6582031250000001,0.2543425166337402,0.06868656371734064,0.24625517605733802,30,53,False,"[2, 0]"
fake_vigo,4,qft,2,120,0.4,0,qiskit_L0,fidelity,0.6650390625,0.2543425166337402,0.06868656371734064,0.24625517605733802,30,53,False,"[2, 0]"
fake_vigo,4,qft,3,120,0.4,0,qiskit_L0,fidelity,0.6689453125,0.2543425166337402,0.06868656371734064,0.24625517605733802,30,53,False,"[2, 0]"
fake_vigo,4,qft,4,120,0.4,0,qiskit_L0,fidelity,0.6220703125,0.2543425166337402,0.06868656371734064,0.24625517605733802,30,53,False,"[2, 0]"
fake_vigo,4,qft,0,120,0.4,0,qiskit_L1,fidelity,0.6728515625000001,0.29560724901578583,0.07983032649656918,0.2874137455271004,27,46,False,"[2, 0]"
fake_vigo,4,qft,1,120,0.4,0,qiskit_L1,fidelity,0.6904296875,0.29560724901578583,0.07983032649656918,0.2874137455271004,27,46,False,"[2, 0]"
fake_vigo,4,qft,2,120,0.4,0,qiskit_L1,fidelity,0.6875,0.29560724901578583,0.07983032649656918,0.2874137455271004,27,46,False,"[2, 0]"
fake_vigo,4,qft,3,120,0.4,0,qiskit_L1,fidelity,0.6718749999999999,0.29560724901578583,0.07983032649656918,0.2874137455271004,27,46,False,"[2, 0]"
fake_vigo,4,qft,4,120,0.4,0,qiskit_L1,fidelity,0.6513671875000001,0.29560724901578583,0.07983032649656918,0.2874137455271004,27,46,False,"[2, 0]"
fake_vigo,4,qft,0,120,0.4,0,qiskit_L3,fidelity,0.7275390625000001,0.43361923276930886,0.11710120452870632,0.4257962546806067,18,35,False,"[2, 0]"
fake_vigo,4,qft,1,120,0.4,0,qiskit_L3,fidelity,0.71875,0.43361923276930886,0.11710120452870632,0.4257962546806067,18,35,False,"[2, 0]"
fake_vigo,4,qft,2,120,0.4,0,qiskit_L3,fidelity,0.7207031250000001,0.43361923276930886,0.11710120452870632,0.4257962546806067,18,35,False,"[2, 0]"
fake_vigo,4,qft,3,120,0.4,0,qiskit_L3,fidelity,0.7275390625000001,0.43361923276930886,0.11710120452870632,0.4257962546806067,18,35,False,"[2, 0]"
fake_vigo,4,qft,4,120,0.4,0,qiskit_L3,fidelity,0.7197265625,0.43361923276930886,0.11710120452870632,0.4257962546806067,18,35,False,"[2, 0]"
fake_vigo,4,qft,0,120,0.4,0,esp_no_thermal,fidelity,0.7568359375000001,0.5730051905517725,0.1729912744539366,0.5603801257899982,27,38,False,"[2, 0]"
fake_vigo,4,qft,1,120,0.4,0,esp_no_thermal,fidelity,0.7587890625,0.5730051905517725,0.1729912744539366,0.5603801257899982,27,38,False,"[2, 0]"
fake_vigo,4,qft,2,120,0.4,0,esp_no_thermal,fidelity,0.765625,0.5730051905517725,0.1729912744539366,0.5603801257899982,27,38,False,"[2, 0]"
fake_vigo,4,qft,3,120,0.4,0,esp_no_thermal,fidelity,0.7509765625,0.5730051905517725,0.1729912744539366,0.5603801257899982,27,38,False,"[2, 0]"
fake_vigo,4,qft,4,120,0.4,0,esp_no_thermal,fidelity,0.74609375,0.5730051905517725,0.1729912744539366,0.5603801257899982,27,38,False,"[2, 0]"
fake_vigo,4,qft,0,120,0.4,0,esp_thermal,fidelity,0.7568359375000001,0.5730051905517725,0.1729912744539366,0.5603801257899982,27,38,False,"[2, 0]"
fake_vigo,4,qft,1,120,0.4,0,esp_thermal,fidelity,0.7587890625,0.5730051905517725,0.1729912744539366,0.5603801257899982,27,38,False,"[2, 0]"
fake_vigo,4,qft,2,120,0.4,0,esp_thermal,fidelity,0.765625,0.5730051905517725,0.1729912744539366,0.5603801257899982,27,38,False,"[2, 0]"
fake_vigo,4,qft,3,120,0.4,0,esp_thermal,fidelity,0.7509765625,0.5730051905517725,0.1729912744539366,0.5603801257899982,27,38,False,"[2, 0]"
fake_vigo,4,qft,4,120,0.4,0,esp_thermal,fidelity,0.74609375,0.5730051905517725,0.1729912744539366,0.5603801257899982,27,38,False,"[2, 0]"
fake_vigo,4,routing,0,15,0.0,0,qiskit_L0,fidelity,0.9897227683339823,0.5837870276622337,0.583786147668685,0.5837870193393889,11,15,False,[]
fake_vigo,4,routing,1,15,0.0,0,qiskit_L0,fidelity,0.9916431545684534,0.5837870276622337,0.583786147668685,0.5837870193393889,11,15,False,[]
fake_vigo,4,routing,2,15,0.0,0,qiskit_L0,fidelity,0.9962619220331114,0.5837870276622337,0.583786147668685,0.5837870193393889,11,15,False,[]
fake_vigo,4,routing,3,15,0.0,0,qiskit_L0,fidelity,0.9968365681528175,0.5837870276622337,0.583786147668685,0.5837870193393889,11,15,False,[]
fake_vigo,4,routing,4,15,0.0,0,qiskit_L0,fidelity,0.9932575934606509,0.5837870276622337,0.583786147668685,0.5837870193393889,11,15,False,[]
fake_vigo,4,routing,0,15,0.0,0,qiskit_L1,fidelity,0.9908834123662956,0.5601400034864941,0.5601391591381853,0.5601399952118523,11,15,False,[]
fake_vigo,4,routing,1,15,0.0,0,qiskit_L1,fidelity,0.9908909481826152,0.5601400034864941,0.5601391591381853,0.5601399952118523,11,15,False,[]
fake_vigo,4,routing,2,15,0.0,0,qiskit_L1,fidelity,0.9927377792502907,0.5601400034864941,0.5601391591381853,0.5601399952118523,11,15,False,[]
fake_vigo,4,routing,3,15,0.0,0,qiskit_L1,fidelity,0.9952286142734134,0.5601400034864941,0.5601391591381853,0.5601399952118523,11,15,False,[]
fake_vigo,4,routing,4,15,0.0,0,qiskit_L1,fidelity,0.9909457225870687,0.5601400034864941,0.5601391591381853,0.5601399952118523,11,15,False,[]
fake_vigo,4,routing,0,15,0.0,0,qiskit_L3,fidelity,0.992349205277679,0.5659717936426201,0.565970940503541,0.5659717858213822,11,15,False,[]
fake_vigo,4,routing,1,15,0.0,0,qiskit_L3,fidelity,0.9879806689190703,0.5659717936426201,0.565970940503541,0.5659717858213822,11,15,False,[]
fake_vigo,4,routing,2,15,0.0,0,qiskit_L3,fidelity,0.9916189912496768,0.5659717936426201,0.565970940503541,0.5659717858213822,11,15,False,[]
fake_vigo,4,routing,3,15,0.0,0,qiskit_L3,fidelity,0.9953267444710776,0.5659717936426201,0.565970940503541,0.5659717858213822,11,15,False,[]
fake_vigo,4,routing,4,15,0.0,0,qiskit_L3,fidelity,0.99450873580816,0.5659717936426201,0.565970940503541,0.5659717858213822,11,15,False,[]
fake_vigo,4,routing,0,15,0.0,0,esp_no_thermal,fidelity,0.9951330100687463,0.8009258177051256,0.8009245543243569,0.800925809650909,9,10,False,[]
fake_vigo,4,routing,1,15,0.0,0,esp_no_thermal,fidelity,0.9899482668670551,0.8009258177051256,0.8009245543243569,0.800925809650909,9,10,False,[]
fake_vigo,4,routing,2,15,0.0,0,esp_no_thermal,fidelity,0.9890000450189181,0.8009258177051256,0.8009245543243569,0.800925809650909,9,10,False,[]
fake_vigo,4,routing,3,15,0.0,0,esp_no_thermal,fidelity,0.9963823240384914,0.8009258177051256,0.8009245543243569,0.800925809650909,9,10,False,[]
fake_vigo,4,routing,4,15,0.0,0,esp_no_thermal,fidelity,0.9903242881186395,0.8009258177051256,0.8009245543243569,0.800925809650909,9,10,False,[]
fake_vigo,4,routing,0,15,0.0,0,esp_thermal,fidelity,0.9951330100687463,0.8009258177051256,0.8009245543243569,0.800925809650909,9,10,False,[]
fake_vigo,4,routing,1,15,0.0,0,esp_thermal,fidelity,0.9899482668670551,0.8009258177051256,0.8009245543243569,0.800925809650909,9,10,False,[]
fake_vigo,4,routing,2,15,0.0,0,esp_thermal,fidelity,0.9890000450189181,0.8009258177051256,0.8009245543243569,0.800925809650909,9,10,False,[]
fake_vigo,4,routing,3,15,0.0,0,esp_thermal,fidelity,0.9963823240384914,0.8009258177051256,0.8009245543243569,0.800925809650909,9,10,False,[]
fake_vigo,4,routing,4,15,0.0,0,esp_thermal,fidelity,0.9903242881186395,0.8009258177051256,0.8009245543243569,0.800925809650909,9,10,False,[]
fake_vigo,4,routing,0,15,0.4,0,qiskit_L0,fidelity,0.9897227683339823,0.5837870276622337,0.5702399083210058,0.5836765978312045,11,15,False,"[2, 0]"
fake_vigo,4,routing,1,15,0.4,0,qiskit_L0,fidelity,0.9916431545684534,0.5837870276622337,0.5702399083210058,0.5836765978312045,11,15,False,"[2, 0]"
fake_vigo,4,routing,2,15,0.4,0,qiskit_L0,fidelity,0.9962619220331114,0.5837870276622337,0.5702399083210058,0.5836765978312045,11,15,False,"[2, 0]"
fake_vigo,4,routing,3,15,0.4,0,qiskit_L0,fidelity,0.9968365681528175,0.5837870276622337,0.5702399083210058,0.5836765978312045,11,15,False,"[2, 0]"
fake_vigo,4,routing,4,15,0.4,0,qiskit_L0,fidelity,0.9932575934606509,0.5837870276622337,0.5702399083210058,0.5836765978312045,11,15,False,"[2, 0]"
fake_vigo,4,routing,0,15,0.4,0,qiskit_L1,fidelity,0.9908834123662956,0.5601400034864941,0.5471416271686536,0.5600554426296279,11,15,False,"[2, 0]"
fake_vigo,4,routing,1,15,0.4,0,qiskit_L1,fidelity,0.9908909481826152,0.5601400034864941,0.5471416271686536,0.5600554426296279,11,15,False,"[2, 0]"
fake_vigo,4,routing,2,15,0.4,0,qiskit_L1,fidelity,0.9927377792502907,0.5601400034864941,0.5471416271686536,0.5600554426296279,11,15,False,"[2, 0]"
fake_vigo,4,routing,3,15,0.4,0,qiskit_L1,fidelity,0.9952286142734134,0.5601400034864941,0.5471416271686536,0.5600554426296279,11,15,False,"[2, 0]"
fake_vigo,4,routing,4,15,0.4,0,qiskit_L1,fidelity,0.9909457225870687,0.5601400034864941,0.5471416271686536,0.5600554426296279,11,15,False,"[2, 0]"
fake_vigo,4,routing,0,15,0.4,0,qiskit_L3,fidelity,0.992349205277679,0.5659717936426201,0.5528380872241186,0.5658944581347072,11,15,False,"[2, 0]"
fake_vigo,4,routing,1,15,0.4,0,qiskit_L3,fidelity,0.9883000580798955,0.5659717936426201,0.5528380872241186,0.5658944581347072,11,15,False,"[2, 0]"
fake_vigo,4,routing,2,15,0.4,0,qiskit_L3,fidelity,0.9918033675099178,0.5659717936426201,0.5528380872241186,0.5658944581347072,11,15,False,"[2, 0]"
fake_vigo,4,routing,3,15,0.4,0,qiskit_L3,fidelity,0.9953267444710776,0.5659717936426201,0.5528380872241186,0.5658944581347072,11,15,False,"[2, 0]"
fake_vigo,4,routing,4,15,0.4,0,qiskit_L3,fidelity,0.99450873580816,0.5659717936426201,0.5528380872241186,0.5658944581347072,11,15,False,"[2, 0]"
fake_vigo,4,routing,0,15,0.4,0,esp_no_thermal,fidelity,0.9951330100687463,0.8009258177051256,0.7917602000355162,0.8008815709991663,9,10,False,"[2, 0]"
fake_vigo,4,routing,1,15,0.4,0,esp_no_thermal,fidelity,0.9899482668670551,0.8009258177051256,0.7917602000355162,0.8008815709991663,9,10,False,"[2, 0]"
fake_vigo,4,routing,2,15,0.4,0,esp_no_thermal,fidelity,0.9890000450189181,0.8009258177051256,0.7917602000355162,0.8008815709991663,9,10,False,"[2, 0]"
fake_vigo,4,routing,3,15,0.4,0,esp_no_thermal,fidelity,0.9963823240384914,0.8009258177051256,0.7917602000355162,0.8008815709991663,9,10,False,"[2, 0]"
fake_vigo,4,routing,4,15,0.4,0,esp_no_thermal,fidelity,0.9903242881186395,0.8009258177051256,0.7917602000355162,0.8008815709991663,9,10,False,"[2, 0]"
fake_vigo,4,routing,0,15,0.4,0,esp_thermal,fidelity,0.9951330100687463,0.8009258177051256,0.7917602000355162,0.8008815709991663,9,10,False,"[2, 0]"
fake_vigo,4,routing,1,15,0.4,0,esp_thermal,fidelity,0.9899482668670551,0.8009258177051256,0.7917602000355162,0.8008815709991663,9,10,False,"[2, 0]"
fake_vigo,4,routing,2,15,0.4,0,esp_thermal,fidelity,0.9890000450189181,0.8009258177051256,0.7917602000355162,0.8008815709991663,9,10,False,"[2, 0]"
fake_vigo,4,routing,3,15,0.4,0,esp_thermal,fidelity,0.9963823240384914,0.8009258177051256,0.7917602000355162,0.8008815709991663,9,10,False,"[2, 0]"
fake_vigo,4,routing,4,15,0.4,0,esp_thermal,fidelity,0.9903242881186395,0.8009258177051256,0.7917602000355162,0.8008815709991663,9,10,False,"[2, 0]"
fake_vigo,4,routing,0,50,0.0,0,qiskit_L0,fidelity,0.9898125127219719,0.5837870276622337,0.5409349207442296,0.5833419779162811,11,15,False,[]
fake_vigo,4,routing,1,50,0.0,0,qiskit_L0,fidelity,0.9916431545684534,0.5837870276622337,0.5409349207442296,0.5833419779162811,11,15,False,[]
fake_vigo,4,routing,2,50,0.0,0,qiskit_L0,fidelity,0.9962619220331114,0.5837870276622337,0.5409349207442296,0.5833419779162811,11,15,False,[]
fake_vigo,4,routing,3,50,0.0,0,qiskit_L0,fidelity,0.9968727395702888,0.5837870276622337,0.5409349207442296,0.5833419779162811,11,15,False,[]
fake_vigo,4,routing,4,50,0.0,0,qiskit_L0,fidelity,0.9932466145419312,0.5837870276622337,0.5409349207442296,0.5833419779162811,11,15,False,[]
fake_vigo,4,routing,0,50,0.0,0,qiskit_L1,fidelity,0.9908834123662956,0.5601400034864941,0.5190236747894095,0.5596974854283953,11,15,False,[]
fake_vigo,4,routing,1,50,0.0,0,qiskit_L1,fidelity,0.99100704475336,0.5601400034864941,0.5190236747894095,0.5596974854283953,11,15,False,[]
fake_vigo,4,routing,2,50,0.0,0,qiskit_L1,fidelity,0.9928818797426653,0.5601400034864941,0.5190236747894095,0.5596974854283953,11,15,False,[]
fake_vigo,4,routing,3,50,0.0,0,qiskit_L1,fidelity,0.9952734846919034,0.5601400034864941,0.5190236747894095,0.5596974854283953,11,15,False,[]
fake_vigo,4,routing,4,50,0.0,0,qiskit_L1,fidelity,0.9908218283577692,0.5601400034864941,0.5190236747894095,0.5596974854283953,11,15,False,[]
fake_vigo,4,routing,0,50,0.0,0,qiskit_L3,fidelity,0.992296950341503,0.5659717936426201,0.5244273901794784,0.5655523510124949,11,15,False,[]
fake_vigo,4,routing,1,50,0.0,0,qiskit_L3,fidelity,0.9882874174861324,0.5659717936426201,0.5244273901794784,0.5655523510124949,11,15,False,[]
fake_vigo,4,routing,2,50,0.0,0,qiskit_L3,fidelity,0.9918033675099178,0.5659717936426201,0.5244273901794784,0.5655523510124949,11,15,False,[]
fake_vigo,4,routing,3,50,0.0,0,qiskit_L3,fidelity,0.9955123747579486,0.5659717936426201,0.5244273901794784,0.5655523510124949,11,15,False,[]
fake_vigo,4,routing,4,50,0.0,0,qiskit_L3,fidelity,0.994409137728957,0.5659717936426201,0.5244273901794784,0.5655523510124949,11,15,False,[]
fake_vigo,4,routing,0,50,0.0,0,esp_no_thermal,fidelity,0.9951330100687463,0.8009258177051256,0.7414581679891354,0.8005239940083687,9,10,False,[]
fake_vigo,4,routing,1,50,0.0,0,esp_no_thermal,fidelity,0.9902205527902384,0.8009258177051256,0.7414581679891354,0.8005239940083687,9,10,False,[]
fake_vigo,4,routing,2,50,0.0,0,esp_no_thermal,fidelity,0.9890000450189181,0.8009258177051256,0.7414581679891354,0.8005239940083687,9,10,False,[]
fake_vigo,4,routing,3,50,0.0,0,esp_no_thermal,fidelity,0.9963379349443088,0.8009258177051256,0.7414581679891354,0.8005239940083687,9,10,False,[]
fake_vigo,4,routing,4,50,0.0,0,esp_no_thermal,fidelity,0.9903242881186395,0.8009258177051256,0.7414581679891354,0.8005239940083687,9,10,False,[]
fake_vigo,4,routing,0,50,0.0,0,esp_thermal,fidelity,0.9951330100687463,0.8009258177051256,0.7414581679891354,0.8005239940083687,9,10,False,[]
fake_vigo,4,routing,1,50,0.0,0,esp_thermal,fidelity,0.9902205527902384,0.8009258177051256,0.7414581679891354,0.8005239940083687,9,10,False,[]
fake_vigo,4,routing,2,50,0.0,0,esp_thermal,fidelity,0.9890000450189181,0.8009258177051256,0.7414581679891354,0.8005239940083687,9,10,False,[]
fake_vigo,4,routing,3,50,0.0,0,esp_thermal,fidelity,0.9963379349443088,0.8009258177051256,0.7414581679891354,0.8005239940083687,9,10,False,[]
fake_vigo,4,routing,4,50,0.0,0,esp_thermal,fidelity,0.9903242881186395,0.8009258177051256,0.7414581679891354,0.8005239940083687,9,10,False,[]
fake_vigo,4,routing,0,50,0.4,0,qiskit_L0,fidelity,0.9900533830511504,0.5837870276622337,0.2587621764101537,0.5802250467739314,11,15,False,"[2, 0]"
fake_vigo,4,routing,1,50,0.4,0,qiskit_L0,fidelity,0.9912210988439135,0.5837870276622337,0.2587621764101537,0.5802250467739314,11,15,False,"[2, 0]"
fake_vigo,4,routing,2,50,0.4,0,qiskit_L0,fidelity,0.9963594153684936,0.5837870276622337,0.2587621764101537,0.5802250467739314,11,15,False,"[2, 0]"
fake_vigo,4,routing,3,50,0.4,0,qiskit_L0,fidelity,0.9966212417605271,0.5837870276622337,0.2587621764101537,0.5802250467739314,11,15,False,"[2, 0]"
fake_vigo,4,routing,4,50,0.4,0,qiskit_L0,fidelity,0.9930782363432422,0.5837870276622337,0.2587621764101537,0.5802250467739314,11,15,False,"[2, 0]"
fake_vigo,4,routing,0,50,0.4,0,qiskit_L1,fidelity,0.9904881791313636,0.5601400034864941,0.2482806906090026,0.5573103942557666,11,15,False,"[2, 0]"
fake_vigo,4,routing,1,50,0.4,0,qiskit_L1,fidelity,0.9908150085037779,0.5601400034864941,0.2482806906090026,0.5573103942557666,11,15,False,"[2, 0]"
fake_vigo,4,routing,2,50,0.4,0,qiskit_L1,fidelity,0.9929075498083704,0.5601400034864941,0.2482806906090026,0.5573103942557666,11,15,False,"[2, 0]"
fake_vigo,4,routing,3,50,0.4,0,qiskit_L1,fidelity,0.994823407137501,0.5601400034864941,0.2482806906090026,0.5573103942557666,11,15,False,"[2, 0]"
fake_vigo,4,routing,4,50,0.4,0,qiskit_L1,fidelity,0.9910435400877367,0.5601400034864941,0.2482806906090026,0.5573103942557666,11,15,False,"[2, 0]"
fake_vigo,4,routing,0,50,0.4,0,qiskit_L3,fidelity,0.9920525437477244,0.5659717936426201,0.2508656173745209,0.5633603997829757,11,15,False,"[2, 0]"
fake_vigo,4,routing,1,50,0.4,0,qiskit_L3,fidelity,0.9880537003716091,0.5659717936426201,0.2508656173745209,0.5633603997829757,11,15,False,"[2, 0]"
fake_vigo,4,routing,2,50,0.4,0,qiskit_L3,fidelity,0.9917291103876148,0.5659717936426201,0.2508656173745209,0.5633603997829757,11,15,False,"[2, 0]"
fake_vigo,4,routing,3,50,0.4,0,qiskit_L3,fidelity,0.9960581622923504,0.5659717936426201,0.2508656173745209,0.5633603997829757,11,15,False,"[2, 0]"
fake_vigo,4,routing,4,50,0.4,0,qiskit_L3,fidelity,0.9938759200011705,0.5659717936426201,0.2508656173745209,0.5633603997829757,11,15,False,"[2, 0]"
fake_vigo,4,routing,0,50,0.4,0,esp_no_thermal,fidelity,0.9951330100687463,0.8009258177051256,0.5137129956585867,0.7992452560283279,9,10,False,"[2, 0]"
fake_vigo,4,routing,1,50,0.4,0,esp_no_thermal,fidelity,0.9902205527902384,0.8009258177051256,0.5137129956585867,0.7992452560283279,9,10,False,"[2, 0]"
fake_vigo,4,routing,2,50,0.4,0,esp_no_thermal,fidelity,0.9889599934049539,0.8009258177051256,0.5137129956585867,0.7992452560283279,9,10,False,"[2, 0]"
fake_vigo,4,routing,3,50,0.4,0,esp_no_thermal,fidelity,0.9962945930581433,0.8009258177051256,0.5137129956585867,0.7992452560283279,9,10,False,"[2, 0]"
fake_vigo,4,routing,4,50,0.4,0,esp_no_thermal,fidelity,0.9904946295542645,0.8009258177051256,0.5137129956585867,0.7992452560283279,9,10,False,"[2, 0]"
fake_vigo,4,routing,0,50,0.4,0,esp_thermal,fidelity,0.9951330100687463,0.8009258177051256,0.5137129956585867,0.7992452560283279,9,10,False,"[2, 0]"
fake_vigo,4,routing,1,50,0.4,0,esp_thermal,fidelity,0.9902205527902384,0.8009258177051256,0.5137129956585867,0.7992452560283279,9,10,False,"[2, 0]"
fake_vigo,4,routing,2,50,0.4,0,esp_thermal,fidelity,0.9889599934049539,0.8009258177051256,0.5137129956585867,0.7992452560283279,9,10,False,"[2, 0]"
fake_vigo,4,routing,3,50,0.4,0,esp_thermal,fidelity,0.9962945930581433,0.8009258177051256,0.5137129956585867,0.7992452560283279,9,10,False,"[2, 0]"
fake_vigo,4,routing,4,50,0.4,0,esp_thermal,fidelity,0.9904946295542645,0.8009258177051256,0.5137129956585867,0.7992452560283279,9,10,False,"[2, 0]"
fake_vigo,4,routing,0,120,0.0,0,qiskit_L0,fidelity,0.9902655927618802,0.5837870276622337,0.19886534515235718,0.577799610326332,11,15,False,[]
fake_vigo,4,routing,1,120,0.0,0,qiskit_L0,fidelity,0.9910668779497178,0.5837870276622337,0.19886534515235718,0.577799610326332,11,15,False,[]
fake_vigo,4,routing,2,120,0.0,0,qiskit_L0,fidelity,0.9960954961197344,0.5837870276622337,0.19886534515235718,0.577799610326332,11,15,False,[]
fake_vigo,4,routing,3,120,0.0,0,qiskit_L0,fidelity,0.9966876862469994,0.5837870276622337,0.19886534515235718,0.577799610326332,11,15,False,[]
fake_vigo,4,routing,4,120,0.0,0,qiskit_L0,fidelity,0.9932484900686798,0.5837870276622337,0.19886534515235718,0.577799610326332,11,15,False,[]
fake_vigo,4,routing,0,120,0.0,0,qiskit_L1,fidelity,0.9908871958076628,0.5601400034864941,0.19081005546329716,0.5541875781092048,11,15,False,[]
fake_vigo,4,routing,1,120,0.0,0,qiskit_L1,fidelity,0.9904388504719003,0.5601400034864941,0.19081005546329716,0.5541875781092048,11,15,False,[]
fake_vigo,4,routing,2,120,0.0,0,qiskit_L1,fidelity,0.9928278613768725,0.5601400034864941,0.19081005546329716,0.5541875781092048,11,15,False,[]
fake_vigo,4,routing,3,120,0.0,0,qiskit_L1,fidelity,0.9948970514721845,0.5601400034864941,0.19081005546329716,0.5541875781092048,11,15,False,[]
fake_vigo,4,routing,4,120,0.0,0,qiskit_L1,fidelity,0.9905010487754785,0.5601400034864941,0.19081005546329716,0.5541875781092048,11,15,False,[]
fake_vigo,4,routing,0,120,0.0,0,qiskit_L3,fidelity,0.9922054323742243,0.5659717936426201,0.1927966377395397,0.5603247033051006,11,15,False,[]
fake_vigo,4,routing,1,120,0.0,0,qiskit_L3,fidelity,0.9874907713801817,0.5659717936426201,0.1927966377395397,0.5603247033051006,11,15,False,[]
fake_vigo,4,routing,2,120,0.0,0,qiskit_L3,fidelity,0.9913467582798734,0.5659717936426201,0.1927966377395397,0.5603247033051006,11,15,False,[]
fake_vigo,4,routing,3,120,0.0,0,qiskit_L3,fidelity,0.9955401887001506,0.5659717936426201,0.1927966377395397,0.5603247033051006,11,15,False,[]
fake_vigo,4,routing,4,120,0.0,0,qiskit_L3,fidelity,0.993461044974286,0.5659717936426201,0.1927966377395397,0.5603247033051006,11,15,False,[]
fake_vigo,4,routing,0,120,0.0,0,esp_no_thermal,fidelity,0.9951335778213773,0.8009258177051256,0.27151536393115216,0.7956086311235424,9,10,False,[]
fake_vigo,4,routing,1,120,0.0,0,esp_no_thermal,fidelity,0.9900732350716442,0.8009258177051256,0.27151536393115216,0.7956086311235424,9,10,False,[]
fake_vigo,4,routing,2,120,0.0,0,esp_no_thermal,fidelity,0.989049121312936,0.8009258177051256,0.27151536393115216,0.7956086311235424,9,10,False,[]
fake_vigo,4,routing,3,120,0.0,0,esp_no_thermal,fidelity,0.9963392427293091,0.8009258177051256,0.27151536393115216,0.7956086311235424,9,10,False,[]
fake_vigo,4,routing,4,120,0.0,0,esp_no_thermal,fidelity,0.9903287479041348,0.8009258177051256,0.27151536393115216,0.7956086311235424,9,10,False,[]
fake_vigo,4,routing,0,120,0.0,0,esp_thermal,fidelity,0.9951335778213773,0.8009258177051256,0.27151536393115216,0.7956086311235424,9,10,False,[]
fake_vigo,4,routing,1,120,0.0,0,esp_thermal,fidelity,0.9900732350716442,0.8009258177051256,0.27151536393115216,0.7956086311235424,9,10,False,[]
fake_vigo,4,routing,2,120,0.0,0,esp_thermal,fidelity,0.989049121312936,0.8009258177051256,0.27151536393115216,0.7956086311235424,9,10,False,[]
fake_vigo,4,routing,3,120,0.0,0,esp_thermal,fidelity,0.9963392427293091,0.8009258177051256,0.27151536393115216,0.7956086311235424,9,10,False,[]
fake_vigo,4,routing,4,120,0.0,0,esp_thermal,fidelity,0.9903287479041348,0.8009258177051256,0.27151536393115216,0.7956086311235424,9,10,False,[]
fake_vigo,4,routing,0,120,0.4,0,qiskit_L0,fidelity,0.990645445111754,0.5837870276622337,0.1576548246969717,0.5768873009459361,11,15,False,"[2, 0]"
fake_vigo,4,routing,1,120,0.4,0,qiskit_L0,fidelity,0.9908993411794932,0.5837870276622337,0.1576548246969717,0.5768873009459361,11,15,False,"[2, 0]"
fake_vigo,4,routing,2,120,0.4,0,qiskit_L0,fidelity,0.9960954961197344,0.5837870276622337,0.1576548246969717,0.5768873009459361,11,15,False,"[2, 0]"
fake_vigo,4,routing,3,120,0.4,0,qiskit_L0,fidelity,0.9967349834737625,0.5837870276622337,0.1576548246969717,0.5768873009459361,11,15,False,"[2, 0]"
fake_vigo,4,routing,4,120,0.4,0,qiskit_L0,fidelity,0.9932484900686798,0.5837870276622337,0.1576548246969717,0.5768873009459361,11,15,False,"[2, 0]"
fake_vigo,4,routing,0,120,0.4,0,qiskit_L1,fidelity,0.9907364628606032,0.5601400034864941,0.15126881871468692,0.5534894476155469,11,15,False,"[2, 0]"
fake_vigo,4,routing,1,120,0.4,0,qiskit_L1,fidelity,0.9900949434549088,0.5601400034864941,0.15126881871468692,0.5534894476155469,11,15,False,"[2, 0]"
fake_vigo,4,routing,2,120,0.4,0,qiskit_L1,fidelity,0.9928219797420355,0.5601400034864941,0.15126881871468692,0.5534894476155469,11,15,False,"[2, 0]"
fake_vigo,4,routing,3,120,0.4,0,qiskit_L1,fidelity,0.99470733783714,0.5601400034864941,0.15126881871468692,0.5534894476155469,11,15,False,"[2, 0]"
fake_vigo,4,routing,4,120,0.4,0,qiskit_L1,fidelity,0.9905418883320091,0.5601400034864941,0.15126881871468692,0.5534894476155469,11,15,False,"[2, 0]"
fake_vigo,4,routing,0,120,0.4,0,qiskit_L3,fidelity,0.9922054323742243,0.5659717936426201,0.15284372499243573,0.5596828201712531,11,15,False,"[2, 0]"
fake_vigo,4,routing,1,120,0.4,0,qiskit_L3,fidelity,0.9871946372503709,0.5659717936426201,0.15284372499243573,0.5596828201712531,11,15,False,"[2, 0]"
fake_vigo,4,routing,2,120,0.4,0,qiskit_L3,fidelity,0.9913667103244105,0.5659717936426201,0.15284372499243573,0.5596828201712531,11,15,False,"[2, 0]"
fake_vigo,4,routing,3,120,0.4,0,qiskit_L3,fidelity,0.9957678949401355,0.5659717936426201,0.15284372499243573,0.5596828201712531,11,15,False,"[2, 0]"
fake_vigo,4,routing,4,120,0.4,0,qiskit_L3,fidelity,0.9935815841415171,0.5659717936426201,0.15284372499243573,0.5596828201712531,11,15,False,"[2, 0]"
fake_vigo,4,routing,0,120,0.4,0,esp_no_thermal,fidelity,0.9951335778213773,0.8009258177051256,0.24180091250910293,0.795231849741759,9,10,False,"[2, 0]"
fake_vigo,4,routing,1,120,0.4,0,esp_no_thermal,fidelity,0.9900732350716442,0.8009258177051256,0.24180091250910293,0.795231849741759,9,10,False,"[2, 0]"
fake_vigo,4,routing,2,120,0.4,0,esp_no_thermal,fidelity,0.9888977882888307,0.8009258177051256,0.24180091250910293,0.795231849741759,9,10,False,"[2, 0]"
fake_vigo,4,routing,3,120,0.4,0,esp_no_thermal,fidelity,0.9963535871252913,0.8009258177051256,0.24180091250910293,0.795231849741759,9,10,False,"[2, 0]"
fake_vigo,4,routing,4,120,0.4,0,esp_no_thermal,fidelity,0.9904843362031427,0.8009258177051256,0.24180091250910293,0.795231849741759,9,10,False,"[2, 0]"
fake_vigo,4,routing,0,120,0.4,0,esp_thermal,fidelity,0.9951335778213773,0.8009258177051256,0.24180091250910293,0.795231849741759,9,10,False,"[2, 0]"
fake_vigo,4,routing,1,120,0.4,0,esp_thermal,fidelity,0.9900732350716442,0.8009258177051256,0.24180091250910293,0.795231849741759,9,10,False,"[2, 0]"
fake_vigo,4,routing,2,120,0.4,0,esp_thermal,fidelity,0.9888977882888307,0.8009258177051256,0.24180091250910293,0.795231849741759,9,10,False,"[2, 0]"
fake_vigo,4,routing,3,120,0.4,0,esp_thermal,fidelity,0.9963535871252913,0.8009258177051256,0.24180091250910293,0.795231849741759,9,10,False,"[2, 0]"
fake_vigo,4,routing,4,120,0.4,0,esp_thermal,fidelity,0.9904843362031427,0.8009258177051256,0.24180091250910293,0.795231849741759,9,10,False,"[2, 0]"
fake_vigo,5,ghz,0,15,0.0,0,qiskit_L0,success_prob,0.39453125,0.6536257692838038,0.6536244554855298,0.653625764502486,7,11,False,[]
fake_vigo,5,ghz,1,15,0.0,0,qiskit_L0,success_prob,0.384765625,0.6536257692838038,0.6536244554855298,0.653625764502486,7,11,False,[]
fake_vigo,5,ghz,2,15,0.0,0,qiskit_L0,success_prob,0.41796875,0.6536257692838038,0.6536244554855298,0.653625764502486,7,11,False,[]
fake_vigo,5,ghz,3,15,0.0,0,qiskit_L0,success_prob,0.3994140625,0.6536257692838038,0.6536244554855298,0.653625764502486,7,11,False,[]
fake_vigo,5,ghz,4,15,0.0,0,qiskit_L0,success_prob,0.3974609375,0.6536257692838038,0.6536244554855298,0.653625764502486,7,11,False,[]
fake_vigo,5,ghz,0,15,0.0,0,qiskit_L1,success_prob,0.388671875,0.6296671461476662,0.6296658805066088,0.629667140278634,7,11,False,[]
fake_vigo,5,ghz,1,15,0.0,0,qiskit_L1,success_prob,0.388671875,0.6296671461476662,0.6296658805066088,0.629667140278634,7,11,False,[]
fake_vigo,5,ghz,2,15,0.0,0,qiskit_L1,success_prob,0.4072265625,0.6296671461476662,0.6296658805066088,0.629667140278634,7,11,False,[]
fake_vigo,5,ghz,3,15,0.0,0,qiskit_L1,success_prob,0.39453125,0.6296671461476662,0.6296658805066088,0.629667140278634,7,11,False,[]
fake_vigo,5,ghz,4,15,0.0,0,qiskit_L1,success_prob,0.388671875,0.6296671461476662,0.6296658805066088,0.629667140278634,7,11,False,[]
fake_vigo,5,ghz,0,15,0.0,0,qiskit_L3,success_prob,0.400390625,0.6430990961194604,0.6430978034799683,0.6430990907383121,7,11,False,[]
fake_vigo,5,ghz,1,15,0.0,0,qiskit_L3,success_prob,0.388671875,0.6430990961194604,0.6430978034799683,0.6430990907383121,7,11,False,[]
fake_vigo,5,ghz,2,15,0.0,0,qiskit_L3,success_prob,0.4111328125,0.6430990961194604,0.6430978034799683,0.6430990907383121,7,11,False,[]
fake_vigo,5,ghz,3,15,0.0,0,qiskit_L3,success_prob,0.388671875,0.6430990961194604,0.6430978034799683,0.6430990907383121,7,11,False,[]
fake_vigo,5,ghz,4,15,0.0,0,qiskit_L3,success_prob,0.39453125,0.6430990961194604,0.6430978034799683,0.6430990907383121,7,11,False,[]
fake_vigo,5,ghz,0,15,0.0,0,esp_no_thermal,success_prob,0.40625,0.7057188120040885,0.7057173934979636,0.7057188068310698,6,10,False,[]
fake_vigo,5,ghz,1,15,0.0,0,esp_no_thermal,success_prob,0.3955078125,0.7057188120040885,0.7057173934979636,0.7057188068310698,6,10,False,[]
fake_vigo,5,ghz,2,15,0.0,0,esp_no_thermal,success_prob,0.42578125,0.7057188120040885,0.7057173934979636,0.7057188068310698,6,10,False,[]
fake_vigo,5,ghz,3,15,0.0,0,esp_no_thermal,success_prob,0.4033203125,0.7057188120040885,0.7057173934979636,0.7057188068310698,6,10,False,[]
fake_vigo,5,ghz,4,15,0.0,0,esp_no_thermal,success_prob,0.404296875,0.7057188120040885,0.7057173934979636,0.7057188068310698,6,10,False,[]
fake_vigo,5,ghz,0,15,0.0,0,esp_thermal,success_prob,0.40625,0.7057188120040885,0.7057173934979636,0.7057188068310698,6,10,False,[]
fake_vigo,5,ghz,1,15,0.0,0,esp_thermal,success_prob,0.3955078125,0.7057188120040885,0.7057173934979636,0.7057188068310698,6,10,False,[]
fake_vigo,5,ghz,2,15,0.0,0,esp_thermal,success_prob,0.42578125,0.7057188120040885,0.7057173934979636,0.7057188068310698,6,10,False,[]
fake_vigo,5,ghz,3,15,0.0,0,esp_thermal,success_prob,0.4033203125,0.7057188120040885,0.7057173934979636,0.7057188068310698,6,10,False,[]
fake_vigo,5,ghz,4,15,0.0,0,esp_thermal,success_prob,0.404296875,0.7057188120040885,0.7057173934979636,0.7057188068310698,6,10,False,[]
fake_vigo,5,ghz,0,15,0.4,0,qiskit_L0,success_prob,0.39453125,0.6536257692838038,0.6384576801982745,0.6535732337353728,7,11,False,"[2, 0]"
fake_vigo,5,ghz,1,15,0.4,0,qiskit_L0,success_prob,0.384765625,0.6536257692838038,0.6384576801982745,0.6535732337353728,7,11,False,"[2, 0]"
fake_vigo,5,ghz,2,15,0.4,0,qiskit_L0,success_prob,0.41796875,0.6536257692838038,0.6384576801982745,0.6535732337353728,7,11,False,"[2, 0]"
fake_vigo,5,ghz,3,15,0.4,0,qiskit_L0,success_prob,0.3994140625,0.6536257692838038,0.6384576801982745,0.6535732337353728,7,11,False,"[2, 0]"
fake_vigo,5,ghz,4,15,0.4,0,qiskit_L0,success_prob,0.3974609375,0.6536257692838038,0.6384576801982745,0.6535732337353728,7,11,False,"[2, 0]"
fake_vigo,5,ghz,0,15,0.4,0,qiskit_L1,success_prob,0.388671875,0.6296671461476662,0.6150550426844507,0.6295995967148141,7,11,False,"[2, 0]"
fake_vigo,5,ghz,1,15,0.4,0,qiskit_L1,success_prob,0.388671875,0.6296671461476662,0.6150550426844507,0.6295995967148141,7,11,False,"[2, 0]"
fake_vigo,5,ghz,2,15,0.4,0,qiskit_L1,success_prob,0.4072265625,0.6296671461476662,0.6150550426844507,0.6295995967148141,7,11,False,"[2, 0]"
fake_vigo,5,ghz,3,15,0.4,0,qiskit_L1,success_prob,0.3935546875,0.6296671461476662,0.6150550426844507,0.6295995967148141,7,11,False,"[2, 0]"
fake_vigo,5,ghz,4,15,0.4,0,qiskit_L1,success_prob,0.388671875,0.6296671461476662,0.6150550426844507,0.6295995967148141,7,11,False,"[2, 0]"
fake_vigo,5,ghz,0,15,0.4,0,qiskit_L3,success_prob,0.400390625,0.6430990961194604,0.6281752898083174,0.6430393164766165,7,11,False,"[2, 0]"
fake_vigo,5,ghz,1,15,0.4,0,qiskit_L3,success_prob,0.3876953125,0.6430990961194604,0.6281752898083174,0.6430393164766165,7,11,False,"[2, 0]"
fake_vigo,5,ghz,2,15,0.4,0,qiskit_L3,success_prob,0.4111328125,0.6430990961194604,0.6281752898083174,0.6430393164766165,7,11,False,"[2, 0]"
fake_vigo,5,ghz,3,15,0.4,0,qiskit_L3,success_prob,0.388671875,0.6430990961194604,0.6281752898083174,0.6430393164766165,7,11,False,"[2, 0]"
fake_vigo,5,ghz,4,15,0.4,0,qiskit_L3,success_prob,0.39453125,0.6430990961194604,0.6281752898083174,0.6430393164766165,7,11,False,"[2, 0]"
fake_vigo,5,ghz,0,15,0.4,0,esp_no_thermal,success_prob,0.40625,0.7057188120040885,0.6893418478254255,0.7056801718032483,6,10,False,"[2, 0]"
fake_vigo,5,ghz,1,15,0.4,0,esp_no_thermal,success_prob,0.3955078125,0.7057188120040885,0.6893418478254255,0.7056801718032483,6,10,False,"[2, 0]"
fake_vigo,5,ghz,2,15,0.4,0,esp_no_thermal,success_prob,0.42578125,0.7057188120040885,0.6893418478254255,0.7056801718032483,6,10,False,"[2, 0]"
fake_vigo,5,ghz,3,15,0.4,0,esp_no_thermal,success_prob,0.4033203125,0.7057188120040885,0.6893418478254255,0.7056801718032483,6,10,False,"[2, 0]"
fake_vigo,5,ghz,4,15,0.4,0,esp_no_thermal,success_prob,0.404296875,0.7057188120040885,0.6893418478254255,0.7056801718032483,6,10,False,"[2, 0]"
fake_vigo,5,ghz,0,15,0.4,0,esp_thermal,success_prob,0.40625,0.7057188120040885,0.6893418478254255,0.7056801718032483,6,10,False,"[2, 0]"
fake_vigo,5,ghz,1,15,0.4,0,esp_thermal,success_prob,0.3955078125,0.7057188120040885,0.6893418478254255,0.7056801718032483,6,10,False,"[2, 0]"
fake_vigo,5,ghz,2,15,0.4,0,esp_thermal,success_prob,0.42578125,0.7057188120040885,0.6893418478254255,0.7056801718032483,6,10,False,"[2, 0]"
fake_vigo,5,ghz,3,15,0.4,0,esp_thermal,success_prob,0.4033203125,0.7057188120040885,0.6893418478254255,0.7056801718032483,6,10,False,"[2, 0]"
fake_vigo,5,ghz,4,15,0.4,0,esp_thermal,success_prob,0.404296875,0.7057188120040885,0.6893418478254255,0.7056801718032483,6,10,False,"[2, 0]"
fake_vigo,5,ghz,0,50,0.0,0,qiskit_L0,success_prob,0.3955078125,0.6536257692838038,0.5931580630846014,0.6533759882022829,7,11,False,[]
fake_vigo,5,ghz,1,50,0.0,0,qiskit_L0,success_prob,0.384765625,0.6536257692838038,0.5931580630846014,0.6533759882022829,7,11,False,[]
fake_vigo,5,ghz,2,50,0.0,0,qiskit_L0,success_prob,0.41796875,0.6536257692838038,0.5931580630846014,0.6533759882022829,7,11,False,[]
fake_vigo,5,ghz,3,50,0.0,0,qiskit_L0,success_prob,0.3994140625,0.6536257692838038,0.5931580630846014,0.6533759882022829,7,11,False,[]
fake_vigo,5,ghz,4,50,0.0,0,qiskit_L0,success_prob,0.3974609375,0.6536257692838038,0.5931580630846014,0.6533759882022829,7,11,False,[]
fake_vigo,5,ghz,0,50,0.0,0,qiskit_L1,success_prob,0.388671875,0.6296671461476662,0.571415880995947,0.6293631140075158,7,11,False,[]
fake_vigo,5,ghz,1,50,0.0,0,qiskit_L1,success_prob,0.3876953125,0.6296671461476662,0.571415880995947,0.6293631140075158,7,11,False,[]
fake_vigo,5,ghz,2,50,0.0,0,qiskit_L1,success_prob,0.4072265625,0.6296671461476662,0.571415880995947,0.6293631140075158,7,11,False,[]
fake_vigo,5,ghz,3,50,0.0,0,qiskit_L1,success_prob,0.3935546875,0.6296671461476662,0.571415880995947,0.6293631140075158,7,11,False,[]
fake_vigo,5,ghz,4,50,0.0,0,qiskit_L1,success_prob,0.388671875,0.6296671461476662,0.571415880995947,0.6293631140075158,7,11,False,[]
fake_vigo,5,ghz,0,50,0.0,0,qiskit_L3,success_prob,0.400390625,0.6430990961194604,0.5836052251178114,0.6428200431324133,7,11,False,[]
fake_vigo,5,ghz,1,50,0.0,0,qiskit_L3,success_prob,0.38671875,0.6430990961194604,0.5836052251178114,0.6428200431324133,7,11,False,[]
fake_vigo,5,ghz,2,50,0.0,0,qiskit_L3,success_prob,0.4111328125,0.6430990961194604,0.5836052251178114,0.6428200431324133,7,11,False,[]
fake_vigo,5,ghz,3,50,0.0,0,qiskit_L3,success_prob,0.388671875,0.6430990961194604,0.5836052251178114,0.6428200431324133,7,11,False,[]
fake_vigo,5,ghz,4,50,0.0,0,qiskit_L3,success_prob,0.39453125,0.6430990961194604,0.5836052251178114,0.6428200431324133,7,11,False,[]
fake_vigo,5,ghz,0,50,0.0,0,esp_no_thermal,success_prob,0.40625,0.7057188120040885,0.6404319157572168,0.7054602932238683,6,10,False,[]
fake_vigo,5,ghz,1,50,0.0,0,esp_no_thermal,success_prob,0.39453125,0.7057188120040885,0.6404319157572168,0.7054602932238683,6,10,False,[]
fake_vigo,5,ghz,2,50,0.0,0,esp_no_thermal,success_prob,0.4248046875,0.7057188120040885,0.6404319157572168,0.7054602932238683,6,10,False,[]
fake_vigo,5,ghz,3,50,0.0,0,esp_no_thermal,success_prob,0.404296875,0.7057188120040885,0.6404319157572168,0.7054602932238683,6,10,False,[]
fake_vigo,5,ghz,4,50,0.0,0,esp_no_thermal,success_prob,0.404296875,0.7057188120040885,0.6404319157572168,0.7054602932238683,6,10,False,[]
fake_vigo,5,ghz,0,50,0.0,0,esp_thermal,success_prob,0.40625,0.7057188120040885,0.6404319157572168,0.7054602932238683,6,10,False,[]
fake_vigo,5,ghz,1,50,0.0,0,esp_thermal,success_prob,0.39453125,0.7057188120040885,0.6404319157572168,0.7054602932238683,6,10,False,[]
fake_vigo,5,ghz,2,50,0.0,0,esp_thermal,success_prob,0.4248046875,0.7057188120040885,0.6404319157572168,0.7054602932238683,6,10,False,[]
fake_vigo,5,ghz,3,50,0.0,0,esp_thermal,success_prob,0.404296875,0.7057188120040885,0.6404319157572168,0.7054602932238683,6,10,False,[]
fake_vigo,5,ghz,4,50,0.0,0,esp_thermal,success_prob,0.404296875,0.7057188120040885,0.6404319157572168,0.7054602932238683,6,10,False,[]
fake_vigo,5,ghz,0,50,0.4,0,qiskit_L0,success_prob,0.3955078125,0.6536257692838038,0.2837436916585682,0.6518734196229593,7,11,False,"[2, 0]"
fake_vigo,5,ghz,1,50,0.4,0,qiskit_L0,success_prob,0.3837890625,0.6536257692838038,0.2837436916585682,0.6518734196229593,7,11,False,"[2, 0]"
fake_vigo,5,ghz,2,50,0.4,0,qiskit_L0,success_prob,0.416015625,0.6536257692838038,0.2837436916585682,0.6518734196229593,7,11,False,"[2, 0]"
fake_vigo,5,ghz,3,50,0.4,0,qiskit_L0,success_prob,0.3974609375,0.6536257692838038,0.2837436916585682,0.6518734196229593,7,11,False,"[2, 0]"
fake_vigo,5,ghz,4,50,0.4,0,qiskit_L0,success_prob,0.3955078125,0.6536257692838038,0.2837436916585682,0.6518734196229593,7,11,False,"[2, 0]"
fake_vigo,5,ghz,0,50,0.4,0,qiskit_L1,success_prob,0.388671875,0.6296671461476662,0.27334307941962155,0.6274558780671784,7,11,False,"[2, 0]"
fake_vigo,5,ghz,1,50,0.4,0,qiskit_L1,success_prob,0.3857421875,0.6296671461476662,0.27334307941962155,0.6274558780671784,7,11,False,"[2, 0]"
fake_vigo,5,ghz,2,50,0.4,0,qiskit_L1,success_prob,0.4052734375,0.6296671461476662,0.27334307941962155,0.6274558780671784,7,11,False,"[2, 0]"
fake_vigo,5,ghz,3,50,0.4,0,qiskit_L1,success_prob,0.3935546875,0.6296671461476662,0.27334307941962155,0.6274558780671784,7,11,False,"[2, 0]"
fake_vigo,5,ghz,4,50,0.4,0,qiskit_L1,success_prob,0.3876953125,0.6296671461476662,0.27334307941962155,0.6274558780671784,7,11,False,"[2, 0]"
fake_vigo,5,ghz,0,50,0.4,0,qiskit_L3,success_prob,0.4013671875,0.6430990961194604,0.27917398641606106,0.6411225202326508,7,11,False,"[2, 0]"
fake_vigo,5,ghz,1,50,0.4,0,qiskit_L3,success_prob,0.3828125,0.6430990961194604,0.27917398641606106,0.6411225202326508,7,11,False,"[2, 0]"
fake_vigo,5,ghz,2,50,0.4,0,qiskit_L3,success_prob,0.41015625,0.6430990961194604,0.27917398641606106,0.6411225202326508,7,11,False,"[2, 0]"
fake_vigo,5,ghz,3,50,0.4,0,qiskit_L3,success_prob,0.388671875,0.6430990961194604,0.27917398641606106,0.6411225202326508,7,11,False,"[2, 0]"
fake_vigo,5,ghz,4,50,0.4,0,qiskit_L3,success_prob,0.392578125,0.6430990961194604,0.27917398641606106,0.6411225202326508,7,11,False,"[2, 0]"
fake_vigo,5,ghz,0,50,0.4,0,esp_no_thermal,success_prob,0.40625,0.7057188120040885,0.306357659690118,0.7043600930878393,6,10,False,"[2, 0]"
fake_vigo,5,ghz,1,50,0.4,0,esp_no_thermal,success_prob,0.392578125,0.7057188120040885,0.306357659690118,0.7043600930878393,6,10,False,"[2, 0]"
fake_vigo,5,ghz,2,50,0.4,0,esp_no_thermal,success_prob,0.4228515625,0.7057188120040885,0.306357659690118,0.7043600930878393,6,10,False,"[2, 0]"
fake_vigo,5,ghz,3,50,0.4,0,esp_no_thermal,success_prob,0.40234375,0.7057188120040885,0.306357659690118,0.7043600930878393,6,10,False,"[2, 0]"
fake_vigo,5,ghz,4,50,0.4,0,esp_no_thermal,success_prob,0.4013671875,0.7057188120040885,0.306357659690118,0.7043600930878393,6,10,False,"[2, 0]"
fake_vigo,5,ghz,0,50,0.4,0,esp_thermal,success_prob,0.40625,0.7057188120040885,0.306357659690118,0.7043600930878393,6,10,False,"[2, 0]"
fake_vigo,5,ghz,1,50,0.4,0,esp_thermal,success_prob,0.392578125,0.7057188120040885,0.306357659690118,0.7043600930878393,6,10,False,"[2, 0]"
fake_vigo,5,ghz,2,50,0.4,0,esp_thermal,success_prob,0.4228515625,0.7057188120040885,0.306357659690118,0.7043600930878393,6,10,False,"[2, 0]"
fake_vigo,5,ghz,3,50,0.4,0,esp_thermal,success_prob,0.40234375,0.7057188120040885,0.306357659690118,0.7043600930878393,6,10,False,"[2, 0]"
fake_vigo,5,ghz,4,50,0.4,0,esp_thermal,success_prob,0.4013671875,0.7057188120040885,0.306357659690118,0.7043600930878393,6,10,False,"[2, 0]"
fake_vigo,5,ghz,0,120,0.0,0,qiskit_L0,success_prob,0.3955078125,0.6536257692838038,0.16846723199154096,0.6502781104530986,7,11,False,[]
fake_vigo,5,ghz,1,120,0.0,0,qiskit_L0,success_prob,0.3818359375,0.6536257692838038,0.16846723199154096,0.6502781104530986,7,11,False,[]
fake_vigo,5,ghz,2,120,0.0,0,qiskit_L0,success_prob,0.4130859375,0.6536257692838038,0.16846723199154096,0.6502781104530986,7,11,False,[]
fake_vigo,5,ghz,3,120,0.0,0,qiskit_L0,success_prob,0.396484375,0.6536257692838038,0.16846723199154096,0.6502781104530986,7,11,False,[]
fake_vigo,5,ghz,4,120,0.0,0,qiskit_L0,success_prob,0.3955078125,0.6536257692838038,0.16846723199154096,0.6502781104530986,7,11,False,[]
fake_vigo,5,ghz,0,120,0.0,0,qiskit_L1,success_prob,0.390625,0.6296671461476662,0.1622920731900509,0.6256020857053087,7,11,False,[]
fake_vigo,5,ghz,1,120,0.0,0,qiskit_L1,success_prob,0.3828125,0.6296671461476662,0.1622920731900509,0.6256020857053087,7,11,False,[]
fake_vigo,5,ghz,2,120,0.0,0,qiskit_L1,success_prob,0.4052734375,0.6296671461476662,0.1622920731900509,0.6256020857053087,7,11,False,[]
fake_vigo,5,ghz,3,120,0.0,0,qiskit_L1,success_prob,0.3935546875,0.6296671461476662,0.1622920731900509,0.6256020857053087,7,11,False,[]
fake_vigo,5,ghz,4,120,0.0,0,qiskit_L1,success_prob,0.38671875,0.6296671461476662,0.1622920731900509,0.6256020857053087,7,11,False,[]
fake_vigo,5,ghz,0,120,0.0,0,qiskit_L3,success_prob,0.40234375,0.6430990961194604,0.1657540594493694,0.6393664420273605,7,11,False,[]
fake_vigo,5,ghz,1,120,0.0,0,qiskit_L3,success_prob,0.3828125,0.6430990961194604,0.1657540594493694,0.6393664420273605,7,11,False,[]
fake_vigo,5,ghz,2,120,0.0,0,qiskit_L3,success_prob,0.41015625,0.6430990961194604,0.1657540594493694,0.6393664420273605,7,11,False,[]
fake_vigo,5,ghz,3,120,0.0,0,qiskit_L3,success_prob,0.38671875,0.6430990961194604,0.1657540594493694,0.6393664420273605,7,11,False,[]
fake_vigo,5,ghz,4,120,0.0,0,qiskit_L3,success_prob,0.392578125,0.6430990961194604,0.1657540594493694,0.6393664420273605,7,11,False,[]
fake_vigo,5,ghz,0,120,0.0,0,esp_no_thermal,success_prob,0.4072265625,0.7057188120040885,0.18189383039924992,0.7022930334342602,6,10,False,[]
fake_vigo,5,ghz,1,120,0.0,0,esp_no_thermal,success_prob,0.390625,0.7057188120040885,0.18189383039924992,0.7022930334342602,6,10,False,[]
fake_vigo,5,ghz,2,120,0.0,0,esp_no_thermal,success_prob,0.419921875,0.7057188120040885,0.18189383039924992,0.7022930334342602,6,10,False,[]
fake_vigo,5,ghz,3,120,0.0,0,esp_no_thermal,success_prob,0.40234375,0.7057188120040885,0.18189383039924992,0.7022930334342602,6,10,False,[]
fake_vigo,5,ghz,4,120,0.0,0,esp_no_thermal,success_prob,0.3994140625,0.7057188120040885,0.18189383039924992,0.7022930334342602,6,10,False,[]
fake_vigo,5,ghz,0,120,0.0,0,esp_thermal,success_prob,0.4072265625,0.7057188120040885,0.18189383039924992,0.7022930334342602,6,10,False,[]
fake_vigo,5,ghz,1,120,0.0,0,esp_thermal,success_prob,0.390625,0.7057188120040885,0.18189383039924992,0.7022930334342602,6,10,False,[]
fake_vigo,5,ghz,2,120,0.0,0,esp_thermal,success_prob,0.419921875,0.7057188120040885,0.18189383039924992,0.7022930334342602,6,10,False,[]
fake_vigo,5,ghz,3,120,0.0,0,esp_thermal,success_prob,0.40234375,0.7057188120040885,0.18189383039924992,0.7022930334342602,6,10,False,[]
fake_vigo,5,ghz,4,120,0.0,0,esp_thermal,success_prob,0.3994140625,0.7057188120040885,0.18189383039924992,0.7022930334342602,6,10,False,[]
fake_vigo,5,ghz,0,120,0.4,0,qiskit_L0,success_prob,0.3955078125,0.6536257692838038,0.1335560597874015,0.6498356054529305,7,11,False,"[2, 0]"
fake_vigo,5,ghz,1,120,0.4,0,qiskit_L0,success_prob,0.3798828125,0.6536257692838038,0.1335560597874015,0.6498356054529305,7,11,False,"[2, 0]"
fake_vigo,5,ghz,2,120,0.4,0,qiskit_L0,success_prob,0.4130859375,0.6536257692838038,0.1335560597874015,0.6498356054529305,7,11,False,"[2, 0]"
fake_vigo,5,ghz,3,120,0.4,0,qiskit_L0,success_prob,0.396484375,0.6536257692838038,0.1335560597874015,0.6498356054529305,7,11,False,"[2, 0]"
fake_vigo,5,ghz,4,120,0.4,0,qiskit_L0,success_prob,0.39453125,0.6536257692838038,0.1335560597874015,0.6498356054529305,7,11,False,"[2, 0]"
fake_vigo,5,ghz,0,120,0.4,0,qiskit_L1,success_prob,0.390625,0.6296671461476662,0.12866056843078022,0.6250424447515839,7,11,False,"[2, 0]"
fake_vigo,5,ghz,1,120,0.4,0,qiskit_L1,success_prob,0.3818359375,0.6296671461476662,0.12866056843078022,0.6250424447515839,7,11,False,"[2, 0]"
fake_vigo,5,ghz,2,120,0.4,0,qiskit_L1,success_prob,0.4052734375,0.6296671461476662,0.12866056843078022,0.6250424447515839,7,11,False,"[2, 0]"
fake_vigo,5,ghz,3,120,0.4,0,qiskit_L1,success_prob,0.392578125,0.6296671461476662,0.12866056843078022,0.6250424447515839,7,11,False,"[2, 0]"
fake_vigo,5,ghz,4,120,0.4,0,qiskit_L1,success_prob,0.38671875,0.6296671461476662,0.12866056843078022,0.6250424447515839,7,11,False,"[2, 0]"
fake_vigo,5,ghz,0,120,0.4,0,qiskit_L3,success_prob,0.40234375,0.6430990961194604,0.13140513328393766,0.6388675182713163,7,11,False,"[2, 0]"
fake_vigo,5,ghz,1,120,0.4,0,qiskit_L3,success_prob,0.3818359375,0.6430990961194604,0.13140513328393766,0.6388675182713163,7,11,False,"[2, 0]"
fake_vigo,5,ghz,2,120,0.4,0,qiskit_L3,success_prob,0.4091796875,0.6430990961194604,0.13140513328393766,0.6388675182713163,7,11,False,"[2, 0]"
fake_vigo,5,ghz,3,120,0.4,0,qiskit_L3,success_prob,0.38671875,0.6430990961194604,0.13140513328393766,0.6388675182713163,7,11,False,"[2, 0]"
fake_vigo,5,ghz,4,120,0.4,0,qiskit_L3,success_prob,0.3916015625,0.6430990961194604,0.13140513328393766,0.6388675182713163,7,11,False,"[2, 0]"
fake_vigo,5,ghz,0,120,0.4,0,esp_no_thermal,success_prob,0.4072265625,0.7057188120040885,0.14420028750149755,0.7019693571012695,6,10,False,"[2, 0]"
fake_vigo,5,ghz,1,120,0.4,0,esp_no_thermal,success_prob,0.390625,0.7057188120040885,0.14420028750149755,0.7019693571012695,6,10,False,"[2, 0]"
fake_vigo,5,ghz,2,120,0.4,0,esp_no_thermal,success_prob,0.419921875,0.7057188120040885,0.14420028750149755,0.7019693571012695,6,10,False,"[2, 0]"
fake_vigo,5,ghz,3,120,0.4,0,esp_no_thermal,success_prob,0.4013671875,0.7057188120040885,0.14420028750149755,0.7019693571012695,6,10,False,"[2, 0]"
fake_vigo,5,ghz,4,120,0.4,0,esp_no_thermal,success_prob,0.3994140625,0.7057188120040885,0.14420028750149755,0.7019693571012695,6,10,False,"[2, 0]"
fake_vigo,5,ghz,0,120,0.4,0,esp_thermal,success_prob,0.4072265625,0.7057188120040885,0.14420028750149755,0.7019693571012695,6,10,False,"[2, 0]"
fake_vigo,5,ghz,1,120,0.4,0,esp_thermal,success_prob,0.390625,0.7057188120040885,0.14420028750149755,0.7019693571012695,6,10,False,"[2, 0]"
fake_vigo,5,ghz,2,120,0.4,0,esp_thermal,success_prob,0.419921875,0.7057188120040885,0.14420028750149755,0.7019693571012695,6,10,False,"[2, 0]"
fake_vigo,5,ghz,3,120,0.4,0,esp_thermal,success_prob,0.4013671875,0.7057188120040885,0.14420028750149755,0.7019693571012695,6,10,False,"[2, 0]"
fake_vigo,5,ghz,4,120,0.4,0,esp_thermal,success_prob,0.3994140625,0.7057188120040885,0.14420028750149755,0.7019693571012695,6,10,False,"[2, 0]"
fake_vigo,5,qft,0,15,0.0,0,qiskit_L0,fidelity,0.5283203125000001,0.10918305495314005,0.10918283549344938,0.10918304727882538,53,72,False,[]
fake_vigo,5,qft,1,15,0.0,0,qiskit_L0,fidelity,0.5498046875000001,0.10918305495314005,0.10918283549344938,0.10918304727882538,53,72,False,[]
fake_vigo,5,qft,2,15,0.0,0,qiskit_L0,fidelity,0.546875,0.10918305495314005,0.10918283549344938,0.10918304727882538,53,72,False,[]
fake_vigo,5,qft,3,15,0.0,0,qiskit_L0,fidelity,0.5273437500000001,0.10918305495314005,0.10918283549344938,0.10918304727882538,53,72,False,[]
fake_vigo,5,qft,4,15,0.0,0,qiskit_L0,fidelity,0.5029296875000001,0.10918305495314005,0.10918283549344938,0.10918304727882538,53,72,False,[]
fake_vigo,5,qft,0,15,0.0,0,qiskit_L1,fidelity,0.5986328125,0.13725930493128333,0.13725902903788015,0.13725929736462167,41,58,False,[]
fake_vigo,5,qft,1,15,0.0,0,qiskit_L1,fidelity,0.6162109375000001,0.13725930493128333,0.13725902903788015,0.13725929736462167,41,58,False,[]
fake_vigo,5,qft,2,15,0.0,0,qiskit_L1,fidelity,0.6025390625000001,0.13725930493128333,0.13725902903788015,0.13725929736462167,41,58,False,[]
fake_vigo,5,qft,3,15,0.0,0,qiskit_L1,fidelity,0.587890625,0.13725930493128333,0.13725902903788015,0.13725929736462167,41,58,False,[]
fake_vigo,5,qft,4,15,0.0,0,qiskit_L1,fidelity,0.56640625,0.13725930493128333,0.13725902903788015,0.13725929736462167,41,58,False,[]
fake_vigo,5,qft,0,15,0.0,0,qiskit_L3,fidelity,0.5996093750000001,0.19729178673712416,0.19729139017747022,0.19729177921069924,30,57,False,[]
fake_vigo,5,qft,1,15,0.0,0,qiskit_L3,fidelity,0.6142578125000001,0.19729178673712416,0.19729139017747022,0.19729177921069924,30,57,False,[]
fake_vigo,5,qft,2,15,0.0,0,qiskit_L3,fidelity,0.60546875,0.19729178673712416,0.19729139017747022,0.19729177921069924,30,57,False,[]
fake_vigo,5,qft,3,15,0.0,0,qiskit_L3,fidelity,0.5976562499999999,0.19729178673712416,0.19729139017747022,0.19729177921069924,30,57,False,[]
fake_vigo,5,qft,4,15,0.0,0,qiskit_L3,fidelity,0.572265625,0.19729178673712416,0.19729139017747022,0.19729177921069924,30,57,False,[]
fake_vigo,5,qft,0,15,0.0,0,esp_no_thermal,fidelity,0.5429687500000002,0.2071808696340141,0.207180453197145,0.20718085678656975,47,64,False,[]
fake_vigo,5,qft,1,15,0.0,0,esp_no_thermal,fidelity,0.5693359375000001,0.2071808696340141,0.207180453197145,0.20718085678656975,47,64,False,[]
fake_vigo,5,qft,2,15,0.0,0,esp_no_thermal,fidelity,0.55859375,0.2071808696340141,0.207180453197145,0.20718085678656975,47,64,False,[]
fake_vigo,5,qft,3,15,0.0,0,esp_no_thermal,fidelity,0.5517578125,0.2071808696340141,0.207180453197145,0.20718085678656975,47,64,False,[]
fake_vigo,5,qft,4,15,0.0,0,esp_no_thermal,fidelity,0.5214843750000002,0.2071808696340141,0.207180453197145,0.20718085678656975,47,64,False,[]
fake_vigo,5,qft,0,15,0.0,0,esp_thermal,fidelity,0.5429687500000002,0.2071808696340141,0.207180453197145,0.20718085678656975,47,64,False,[]
fake_vigo,5,qft,1,15,0.0,0,esp_thermal,fidelity,0.5693359375000001,0.2071808696340141,0.207180453197145,0.20718085678656975,47,64,False,[]
fake_vigo,5,qft,2,15,0.0,0,esp_thermal,fidelity,0.55859375,0.2071808696340141,0.207180453197145,0.20718085678656975,47,64,False,[]
fake_vigo,5,qft,3,15,0.0,0,esp_thermal,fidelity,0.5517578125,0.2071808696340141,0.207180453197145,0.20718085678656975,47,64,False,[]
fake_vigo,5,qft,4,15,0.0,0,esp_thermal,fidelity,0.5214843750000002,0.2071808696340141,0.207180453197145,0.20718085678656975,47,64,False,[]
fake_vigo,5,qft,0,15,0.4,0,qiskit_L0,fidelity,0.5283203125000001,0.10918305495314005,0.10664934471406227,0.10913736605271333,53,72,False,"[2, 0]"
fake_vigo,5,qft,1,15,0.4,0,qiskit_L0,fidelity,0.5498046875000001,0.10918305495314005,0.10664934471406227,0.10913736605271333,53,72,False,"[2, 0]"
fake_vigo,5,qft,2,15,0.4,0,qiskit_L0,fidelity,0.5458984375,0.10918305495314005,0.10664934471406227,0.10913736605271333,53,72,False,"[2, 0]"
fake_vigo,5,qft,3,15,0.4,0,qiskit_L0,fidelity,0.5263671875000001,0.10918305495314005,0.10664934471406227,0.10913736605271333,53,72,False,"[2, 0]"
fake_vigo,5,qft,4,15,0.4,0,qiskit_L0,fidelity,0.5019531250000002,0.10918305495314005,0.10664934471406227,0.10913736605271333,53,72,False,"[2, 0]"
fake_vigo,5,qft,0,15,0.4,0,qiskit_L1,fidelity,0.5986328125,0.13725930493128333,0.1340740551096663,0.1372065923337293,41,58,False,"[2, 0]"
fake_vigo,5,qft,1,15,0.4,0,qiskit_L1,fidelity,0.6162109375000001,0.13725930493128333,0.1340740551096663,0.1372065923337293,41,58,False,"[2, 0]"
fake_vigo,5,qft,2,15,0.4,0,qiskit_L1,fidelity,0.6025390625000001,0.13725930493128333,0.1340740551096663,0.1372065923337293,41,58,False,"[2, 0]"
fake_vigo,5,qft,3,15,0.4,0,qiskit_L1,fidelity,0.587890625,0.13725930493128333,0.1340740551096663,0.1372065923337293,41,58,False,"[2, 0]"
fake_vigo,5,qft,4,15,0.4,0,qiskit_L1,fidelity,0.56640625,0.13725930493128333,0.1340740551096663,0.1372065923337293,41,58,False,"[2, 0]"
fake_vigo,5,qft,0,15,0.4,0,qiskit_L3,fidelity,0.5996093750000001,0.19729178673712416,0.19271341859788915,0.1972297888130768,30,57,False,"[2, 0]"
fake_vigo,5,qft,1,15,0.4,0,qiskit_L3,fidelity,0.6142578125000001,0.19729178673712416,0.19271341859788915,0.1972297888130768,30,57,False,"[2, 0]"
fake_vigo,5,qft,2,15,0.4,0,qiskit_L3,fidelity,0.60546875,0.19729178673712416,0.19271341859788915,0.1972297888130768,30,57,False,"[2, 0]"
fake_vigo,5,qft,3,15,0.4,0,qiskit_L3,fidelity,0.5976562499999999,0.19729178673712416,0.19271341859788915,0.1972297888130768,30,57,False,"[2, 0]"
fake_vigo,5,qft,4,15,0.4,0,qiskit_L3,fidelity,0.572265625,0.19729178673712416,0.19271341859788915,0.1972297888130768,30,57,False,"[2, 0]"
fake_vigo,5,qft,0,15,0.4,0,esp_no_thermal,fidelity,0.5419921875000001,0.2071808696340141,0.20237301468840888,0.20711976302148824,47,64,False,"[2, 0]"
fake_vigo,5,qft,1,15,0.4,0,esp_no_thermal,fidelity,0.5693359375000001,0.2071808696340141,0.20237301468840888,0.20711976302148824,47,64,False,"[2, 0]"
fake_vigo,5,qft,2,15,0.4,0,esp_no_thermal,fidelity,0.55859375,0.2071808696340141,0.20237301468840888,0.20711976302148824,47,64,False,"[2, 0]"
fake_vigo,5,qft,3,15,0.4,0,esp_no_thermal,fidelity,0.5517578125,0.2071808696340141,0.20237301468840888,0.20711976302148824,47,64,False,"[2, 0]"
fake_vigo,5,qft,4,15,0.4,0,esp_no_thermal,fidelity,0.5214843750000002,0.2071808696340141,0.20237301468840888,0.20711976302148824,47,64,False,"[2, 0]"
fake_vigo,5,qft,0,15,0.4,0,esp_thermal,fidelity,0.5419921875000001,0.2071808696340141,0.20237301468840888,0.20711976302148824,47,64,False,"[2, 0]"
fake_vigo,5,qft,1,15,0.4,0,esp_thermal,fidelity,0.5693359375000001,0.2071808696340141,0.20237301468840888,0.20711976302148824,47,64,False,"[2, 0]"
fake_vigo,5,qft,2,15,0.4,0,esp_thermal,fidelity,0.55859375,0.2071808696340141,0.20237301468840888,0.20711976302148824,47,64,False,"[2, 0]"
fake_vigo,5,qft,3,15,0.4,0,esp_thermal,fidelity,0.5517578125,0.2071808696340141,0.20237301468840888,0.20711976302148824,47,64,False,"[2, 0]"
fake_vigo,5,qft,4,15,0.4,0,esp_thermal,fidelity,0.5214843750000002,0.2071808696340141,0.20237301468840888,0.20711976302148824,47,64,False,"[2, 0]"
fake_vigo,5,qft,0,50,0.0,0,qiskit_L0,fidelity,0.5273437500000001,0.10918305495314005,0.09908239919706133,0.10879414698358425,53,72,False,[]
fake_vigo,5,qft,1,50,0.0,0,qiskit_L0,fidelity,0.5488281250000001,0.10918305495314005,0.09908239919706133,0.10879414698358425,53,72,False,[]
fake_vigo,5,qft,2,50,0.0,0,qiskit_L0,fidelity,0.5458984375,0.10918305495314005,0.09908239919706133,0.10879414698358425,53,72,False,[]
fake_vigo,5,qft,3,50,0.0,0,qiskit_L0,fidelity,0.5244140625,0.10918305495314005,0.09908239919706133,0.10879414698358425,53,72,False,[]
fake_vigo,5,qft,4,50,0.0,0,qiskit_L0,fidelity,0.4999999999999999,0.10918305495314005,0.09908239919706133,0.10879414698358425,53,72,False,[]
fake_vigo,5,qft,0,50,0.0,0,qiskit_L1,fidelity,0.5976562499999999,0.13725930493128333,0.12456128151524536,0.1368692663324199,41,58,False,[]
fake_vigo,5,qft,1,50,0.0,0,qiskit_L1,fidelity,0.6162109375000001,0.13725930493128333,0.12456128151524536,0.1368692663324199,41,58,False,[]
fake_vigo,5,qft,2,50,0.0,0,qiskit_L1,fidelity,0.6015625,0.13725930493128333,0.12456128151524536,0.1368692663324199,41,58,False,[]
fake_vigo,5,qft,3,50,0.0,0,qiskit_L1,fidelity,0.5869140625,0.13725930493128333,0.12456128151524536,0.1368692663324199,41,58,False,[]
fake_vigo,5,qft,4,50,0.0,0,qiskit_L1,fidelity,0.5654296875,0.13725930493128333,0.12456128151524536,0.1368692663324199,41,58,False,[]
fake_vigo,5,qft,0,50,0.0,0,qiskit_L3,fidelity,0.5996093750000001,0.19729178673712416,0.1790400862128197,0.19689580837878334,30,57,False,[]
fake_vigo,5,qft,1,50,0.0,0,qiskit_L3,fidelity,0.6132812500000001,0.19729178673712416,0.1790400862128197,0.19689580837878334,30,57,False,[]
fake_vigo,5,qft,2,50,0.0,0,qiskit_L3,fidelity,0.6044921875,0.19729178673712416,0.1790400862128197,0.19689580837878334,30,57,False,[]
fake_vigo,5,qft,3,50,0.0,0,qiskit_L3,fidelity,0.5966796875000001,0.19729178673712416,0.1790400862128197,0.19689580837878334,30,57,False,[]
fake_vigo,5,qft,4,50,0.0,0,qiskit_L3,fidelity,0.572265625,0.19729178673712416,0.1790400862128197,0.19689580837878334,30,57,False,[]
fake_vigo,5,qft,0,50,0.0,0,esp_no_thermal,fidelity,0.541015625,0.2071808696340141,0.18801431815479103,0.20654711381373037,47,64,False,[]
fake_vigo,5,qft,1,50,0.0,0,esp_no_thermal,fidelity,0.5673828125000001,0.2071808696340141,0.18801431815479103,0.20654711381373037,47,64,False,[]
fake_vigo,5,qft,2,50,0.0,0,esp_no_thermal,fidelity,0.5566406250000001,0.2071808696340141,0.18801431815479103,0.20654711381373037,47,64,False,[]
fake_vigo,5,qft,3,50,0.0,0,esp_no_thermal,fidelity,0.5517578125,0.2071808696340141,0.18801431815479103,0.20654711381373037,47,64,False,[]
fake_vigo,5,qft,4,50,0.0,0,esp_no_thermal,fidelity,0.5195312500000001,0.2071808696340141,0.18801431815479103,0.20654711381373037,47,64,False,[]
fake_vigo,5,qft,0,50,0.0,0,esp_thermal,fidelity,0.541015625,0.2071808696340141,0.18801431815479103,0.20654711381373037,47,64,False,[]
fake_vigo,5,qft,1,50,0.0,0,esp_thermal,fidelity,0.5673828125000001,0.2071808696340141,0.18801431815479103,0.20654711381373037,47,64,False,[]
fake_vigo,5,qft,2,50,0.0,0,esp_thermal,fidelity,0.5566406250000001,0.2071808696340141,0.18801431815479103,0.20654711381373037,47,64,False,[]
fake_vigo,5,qft,3,50,0.0,0,esp_thermal,fidelity,0.5517578125,0.2071808696340141,0.18801431815479103,0.20654711381373037,47,64,False,[]
fake_vigo,5,qft,4,50,0.0,0,esp_thermal,fidelity,0.5195312500000001,0.2071808696340141,0.18801431815479103,0.20654711381373037,47,64,False,[]
fake_vigo,5,qft,0,50,0.4,0,qiskit_L0,fidelity,0.5214843750000002,0.10918305495314005,0.04739715680565952,0.10750978315922974,53,72,False,"[2, 0]"
fake_vigo,5,qft,1,50,0.4,0,qiskit_L0,fidelity,0.546875,0.10918305495314005,0.04739715680565952,0.10750978315922974,53,72,False,"[2, 0]"
fake_vigo,5,qft,2,50,0.4,0,qiskit_L0,fidelity,0.5429687500000002,0.10918305495314005,0.04739715680565952,0.10750978315922974,53,72,False,"[2, 0]"
fake_vigo,5,qft,3,50,0.4,0,qiskit_L0,fidelity,0.5224609375,0.10918305495314005,0.04739715680565952,0.10750978315922974,53,72,False,"[2, 0]"
fake_vigo,5,qft,4,50,0.4,0,qiskit_L0,fidelity,0.49707031250000017,0.10918305495314005,0.04739715680565952,0.10750978315922974,53,72,False,"[2, 0]"
fake_vigo,5,qft,0,50,0.4,0,qiskit_L1,fidelity,0.5957031250000001,0.13725930493128333,0.05958526074999489,0.1353882817805656,41,58,False,"[2, 0]"
fake_vigo,5,qft,1,50,0.4,0,qiskit_L1,fidelity,0.6132812500000001,0.13725930493128333,0.05958526074999489,0.1353882817805656,41,58,False,"[2, 0]"
fake_vigo,5,qft,2,50,0.4,0,qiskit_L1,fidelity,0.6005859375000001,0.13725930493128333,0.05958526074999489,0.1353882817805656,41,58,False,"[2, 0]"
fake_vigo,5,qft,3,50,0.4,0,qiskit_L1,fidelity,0.583984375,0.13725930493128333,0.05958526074999489,0.1353882817805656,41,58,False,"[2, 0]"
fake_vigo,5,qft,4,50,0.4,0,qiskit_L1,fidelity,0.5625,0.13725930493128333,0.05958526074999489,0.1353882817805656,41,58,False,"[2, 0]"
fake_vigo,5,qft,0,50,0.4,0,qiskit_L3,fidelity,0.5986328125,0.19729178673712416,0.08564579692756874,0.19514436932105325,30,57,False,"[2, 0]"
fake_vigo,5,qft,1,50,0.4,0,qiskit_L3,fidelity,0.611328125,0.19729178673712416,0.08564579692756874,0.19514436932105325,30,57,False,"[2, 0]"
fake_vigo,5,qft,2,50,0.4,0,qiskit_L3,fidelity,0.603515625,0.19729178673712416,0.08564579692756874,0.19514436932105325,30,57,False,"[2, 0]"
fake_vigo,5,qft,3,50,0.4,0,qiskit_L3,fidelity,0.5966796875000001,0.19729178673712416,0.08564579692756874,0.19514436932105325,30,57,False,"[2, 0]"
fake_vigo,5,qft,4,50,0.4,0,qiskit_L3,fidelity,0.5712890624999999,0.19729178673712416,0.08564579692756874,0.19514436932105325,30,57,False,"[2, 0]"
fake_vigo,5,qft,0,50,0.4,0,esp_no_thermal,fidelity,0.5371093749999999,0.2071808696340141,0.08993871960617693,0.204825017289592,47,64,False,"[2, 0]"
fake_vigo,5,qft,1,50,0.4,0,esp_no_thermal,fidelity,0.5654296875,0.2071808696340141,0.08993871960617693,0.204825017289592,47,64,False,"[2, 0]"
fake_vigo,5,qft,2,50,0.4,0,esp_no_thermal,fidelity,0.5566406250000001,0.2071808696340141,0.08993871960617693,0.204825017289592,47,64,False,"[2, 0]"
fake_vigo,5,qft,3,50,0.4,0,esp_no_thermal,fidelity,0.5498046875000001,0.2071808696340141,0.08993871960617693,0.204825017289592,47,64,False,"[2, 0]"
fake_vigo,5,qft,4,50,0.4,0,esp_no_thermal,fidelity,0.5195312500000001,0.2071808696340141,0.08993871960617693,0.204825017289592,47,64,False,"[2, 0]"
fake_vigo,5,qft,0,50,0.4,0,esp_thermal,fidelity,0.5371093749999999,0.2071808696340141,0.08993871960617693,0.204825017289592,47,64,False,"[2, 0]"
fake_vigo,5,qft,1,50,0.4,0,esp_thermal,fidelity,0.5654296875,0.2071808696340141,0.08993871960617693,0.204825017289592,47,64,False,"[2, 0]"
fake_vigo,5,qft,2,50,0.4,0,esp_thermal,fidelity,0.5566406250000001,0.2071808696340141,0.08993871960617693,0.204825017289592,47,64,False,"[2, 0]"
fake_vigo,5,qft,3,50,0.4,0,esp_thermal,fidelity,0.5498046875000001,0.2071808696340141,0.08993871960617693,0.204825017289592,47,64,False,"[2, 0]"
fake_vigo,5,qft,4,50,0.4,0,esp_thermal,fidelity,0.5195312500000001,0.2071808696340141,0.08993871960617693,0.204825017289592,47,64,False,"[2, 0]"
fake_vigo,5,qft,0,120,0.0,0,qiskit_L0,fidelity,0.515625,0.10918305495314005,0.028141128934513062,0.10410835035493668,53,72,False,[]
fake_vigo,5,qft,1,120,0.0,0,qiskit_L0,fidelity,0.5371093749999999,0.10918305495314005,0.028141128934513062,0.10410835035493668,53,72,False,[]
fake_vigo,5,qft,2,120,0.0,0,qiskit_L0,fidelity,0.5361328124999999,0.10918305495314005,0.028141128934513062,0.10410835035493668,53,72,False,[]
fake_vigo,5,qft,3,120,0.0,0,qiskit_L0,fidelity,0.515625,0.10918305495314005,0.028141128934513062,0.10410835035493668,53,72,False,[]
fake_vigo,5,qft,4,120,0.0,0,qiskit_L0,fidelity,0.48828125000000006,0.10918305495314005,0.028141128934513062,0.10410835035493668,53,72,False,[]
fake_vigo,5,qft,0,120,0.0,0,qiskit_L1,fidelity,0.583984375,0.13725930493128333,0.035377575752855425,0.13212525854852553,41,58,False,[]
fake_vigo,5,qft,1,120,0.0,0,qiskit_L1,fidelity,0.60546875,0.13725930493128333,0.035377575752855425,0.13212525854852553,41,58,False,[]
fake_vigo,5,qft,2,120,0.0,0,qiskit_L1,fidelity,0.5888671875,0.13725930493128333,0.035377575752855425,0.13212525854852553,41,58,False,[]
fake_vigo,5,qft,3,120,0.0,0,qiskit_L1,fidelity,0.5712890624999999,0.13725930493128333,0.035377575752855425,0.13212525854852553,41,58,False,[]
fake_vigo,5,qft,4,120,0.0,0,qiskit_L1,fidelity,0.5478515625000001,0.13725930493128333,0.035377575752855425,0.13212525854852553,41,58,False,[]
fake_vigo,5,qft,0,120,0.0,0,qiskit_L3,fidelity,0.5927734375,0.19729178673712416,0.05085050615842099,0.19202646551577057,30,57,False,[]
fake_vigo,5,qft,1,120,0.0,0,qiskit_L3,fidelity,0.6005859375000001,0.19729178673712416,0.05085050615842099,0.19202646551577057,30,57,False,[]
fake_vigo,5,qft,2,120,0.0,0,qiskit_L3,fidelity,0.5986328125,0.19729178673712416,0.05085050615842099,0.19202646551577057,30,57,False,[]
fake_vigo,5,qft,3,120,0.0,0,qiskit_L3,fidelity,0.5927734375,0.19729178673712416,0.05085050615842099,0.19202646551577057,30,57,False,[]
fake_vigo,5,qft,4,120,0.0,0,qiskit_L3,fidelity,0.5693359375000001,0.19729178673712416,0.05085050615842099,0.19202646551577057,30,57,False,[]
fake_vigo,5,qft,0,120,0.0,0,esp_no_thermal,fidelity,0.5312500000000002,0.2071808696340141,0.05339934450119228,0.19894478208035135,47,64,False,[]
fake_vigo,5,qft,1,120,0.0,0,esp_no_thermal,fidelity,0.5576171875000002,0.2071808696340141,0.05339934450119228,0.19894478208035135,47,64,False,[]
fake_vigo,5,qft,2,120,0.0,0,esp_no_thermal,fidelity,0.5537109375000002,0.2071808696340141,0.05339934450119228,0.19894478208035135,47,64,False,[]
fake_vigo,5,qft,3,120,0.0,0,esp_no_thermal,fidelity,0.5371093749999999,0.2071808696340141,0.05339934450119228,0.19894478208035135,47,64,False,[]
fake_vigo,5,qft,4,120,0.0,0,esp_no_thermal,fidelity,0.513671875,0.2071808696340141,0.05339934450119228,0.19894478208035135,47,64,False,[]
fake_vigo,5,qft,0,120,0.0,0,esp_thermal,fidelity,0.5312500000000002,0.2071808696340141,0.05339934450119228,0.19894478208035135,47,64,False,[]
fake_vigo,5,qft,1,120,0.0,0,esp_thermal,fidelity,0.5576171875000002,0.2071808696340141,0.05339934450119228,0.19894478208035135,47,64,False,[]
fake_vigo,5,qft,2,120,0.0,0,esp_thermal,fidelity,0.5537109375000002,0.2071808696340141,0.05339934450119228,0.19894478208035135,47,64,False,[]
fake_vigo,5,qft,3,120,0.0,0,esp_thermal,fidelity,0.5371093749999999,0.2071808696340141,0.05339934450119228,0.19894478208035135,47,64,False,[]
fake_vigo,5,qft,4,120,0.0,0,esp_thermal,fidelity,0.513671875,0.2071808696340141,0.05339934450119228,0.19894478208035135,47,64,False,[]
fake_vigo,5,qft,0,120,0.4,0,qiskit_L0,fidelity,0.513671875,0.10918305495314005,0.022309491608739192,0.10374417499559274,53,72,False,"[2, 0]"
fake_vigo,5,qft,1,120,0.4,0,qiskit_L0,fidelity,0.5371093749999999,0.10918305495314005,0.022309491608739192,0.10374417499559274,53,72,False,"[2, 0]"
fake_vigo,5,qft,2,120,0.4,0,qiskit_L0,fidelity,0.5361328124999999,0.10918305495314005,0.022309491608739192,0.10374417499559274,53,72,False,"[2, 0]"
fake_vigo,5,qft,3,120,0.4,0,qiskit_L0,fidelity,0.513671875,0.10918305495314005,0.022309491608739192,0.10374417499559274,53,72,False,"[2, 0]"
fake_vigo,5,qft,4,120,0.4,0,qiskit_L0,fidelity,0.4873046875000001,0.10918305495314005,0.022309491608739192,0.10374417499559274,53,72,False,"[2, 0]"
fake_vigo,5,qft,0,120,0.4,0,qiskit_L1,fidelity,0.5830078125000001,0.13725930493128333,0.028046342107757374,0.13170195207132165,41,58,False,"[2, 0]"
fake_vigo,5,qft,1,120,0.4,0,qiskit_L1,fidelity,0.60546875,0.13725930493128333,0.028046342107757374,0.13170195207132165,41,58,False,"[2, 0]"
fake_vigo,5,qft,2,120,0.4,0,qiskit_L1,fidelity,0.5888671875,0.13725930493128333,0.028046342107757374,0.13170195207132165,41,58,False,"[2, 0]"
fake_vigo,5,qft,3,120,0.4,0,qiskit_L1,fidelity,0.568359375,0.13725930493128333,0.028046342107757374,0.13170195207132165,41,58,False,"[2, 0]"
fake_vigo,5,qft,4,120,0.4,0,qiskit_L1,fidelity,0.546875,0.13725930493128333,0.028046342107757374,0.13170195207132165,41,58,False,"[2, 0]"
fake_vigo,5,qft,0,120,0.4,0,qiskit_L3,fidelity,0.5927734375,0.19729178673712416,0.04031284399006871,0.19152065254551126,30,57,False,"[2, 0]"
fake_vigo,5,qft,1,120,0.4,0,qiskit_L3,fidelity,0.6005859375000001,0.19729178673712416,0.04031284399006871,0.19152065254551126,30,57,False,"[2, 0]"
fake_vigo,5,qft,2,120,0.4,0,qiskit_L3,fidelity,0.5986328125,0.19729178673712416,0.04031284399006871,0.19152065254551126,30,57,False,"[2, 0]"
fake_vigo,5,qft,3,120,0.4,0,qiskit_L3,fidelity,0.5927734375,0.19729178673712416,0.04031284399006871,0.19152065254551126,30,57,False,"[2, 0]"
fake_vigo,5,qft,4,120,0.4,0,qiskit_L3,fidelity,0.568359375,0.19729178673712416,0.04031284399006871,0.19152065254551126,30,57,False,"[2, 0]"
fake_vigo,5,qft,0,120,0.4,0,esp_no_thermal,fidelity,0.5302734375,0.2071808696340141,0.04233349098516314,0.19845386139445728,47,64,False,"[2, 0]"
fake_vigo,5,qft,1,120,0.4,0,esp_no_thermal,fidelity,0.5566406250000001,0.2071808696340141,0.04233349098516314,0.19845386139445728,47,64,False,"[2, 0]"
fake_vigo,5,qft,2,120,0.4,0,esp_no_thermal,fidelity,0.5537109375000002,0.2071808696340141,0.04233349098516314,0.19845386139445728,47,64,False,"[2, 0]"
fake_vigo,5,qft,3,120,0.4,0,esp_no_thermal,fidelity,0.5371093749999999,0.2071808696340141,0.04233349098516314,0.19845386139445728,47,64,False,"[2, 0]"
fake_vigo,5,qft,4,120,0.4,0,esp_no_thermal,fidelity,0.513671875,0.2071808696340141,0.04233349098516314,0.19845386139445728,47,64,False,"[2, 0]"
fake_vigo,5,qft,0,120,0.4,0,esp_thermal,fidelity,0.5302734375,0.2071808696340141,0.04233349098516314,0.19845386139445728,47,64,False,"[2, 0]"
fake_vigo,5,qft,1,120,0.4,0,esp_thermal,fidelity,0.5566406250000001,0.2071808696340141,0.04233349098516314,0.19845386139445728,47,64,False,"[2, 0]"
fake_vigo,5,qft,2,120,0.4,0,esp_thermal,fidelity,0.5537109375000002,0.2071808696340141,0.04233349098516314,0.19845386139445728,47,64,False,"[2, 0]"
fake_vigo,5,qft,3,120,0.4,0,esp_thermal,fidelity,0.5371093749999999,0.2071808696340141,0.04233349098516314,0.19845386139445728,47,64,False,"[2, 0]"
fake_vigo,5,qft,4,120,0.4,0,esp_thermal,fidelity,0.513671875,0.2071808696340141,0.04233349098516314,0.19845386139445728,47,64,False,"[2, 0]"
fake_vigo,5,routing,0,15,0.0,0,qiskit_L0,fidelity,0.9890941237845412,0.4924185418631328,0.49241755209397015,0.49241852988570783,18,16,False,[]
fake_vigo,5,routing,1,15,0.0,0,qiskit_L0,fidelity,0.9840706382019672,0.4924185418631328,0.49241755209397015,0.49241852988570783,18,16,False,[]
fake_vigo,5,routing,2,15,0.0,0,qiskit_L0,fidelity,0.9869718440279629,0.4924185418631328,0.49241755209397015,0.49241852988570783,18,16,False,[]
fake_vigo,5,routing,3,15,0.0,0,qiskit_L0,fidelity,0.9910482554278746,0.4924185418631328,0.49241755209397015,0.49241852988570783,18,16,False,[]
fake_vigo,5,routing,4,15,0.0,0,qiskit_L0,fidelity,0.9806341565880621,0.4924185418631328,0.49241755209397015,0.49241852988570783,18,16,False,[]
fake_vigo,5,routing,0,15,0.0,0,qiskit_L1,fidelity,0.9883655449001351,0.4868379492770848,0.4868369707250027,0.4868379412011632,12,15,False,[]
fake_vigo,5,routing,1,15,0.0,0,qiskit_L1,fidelity,0.9838917668691027,0.4868379492770848,0.4868369707250027,0.4868379412011632,12,15,False,[]
fake_vigo,5,routing,2,15,0.0,0,qiskit_L1,fidelity,0.9848220356377455,0.4868379492770848,0.4868369707250027,0.4868379412011632,12,15,False,[]
fake_vigo,5,routing,3,15,0.0,0,qiskit_L1,fidelity,0.9931592867252701,0.4868379492770848,0.4868369707250027,0.4868379412011632,12,15,False,[]
fake_vigo,5,routing,4,15,0.0,0,qiskit_L1,fidelity,0.9783099373165316,0.4868379492770848,0.4868369707250027,0.4868379412011632,12,15,False,[]
fake_vigo,5,routing,0,15,0.0,0,qiskit_L3,fidelity,0.9887894038933811,0.5078297681327966,0.507828747386822,0.507829760676903,12,15,False,[]
fake_vigo,5,routing,1,15,0.0,0,qiskit_L3,fidelity,0.981813191542199,0.5078297681327966,0.507828747386822,0.507829760676903,12,15,False,[]
fake_vigo,5,routing,2,15,0.0,0,qiskit_L3,fidelity,0.9825208885313138,0.5078297681327966,0.507828747386822,0.507829760676903,12,15,False,[]
fake_vigo,5,routing,3,15,0.0,0,qiskit_L3,fidelity,0.9903448048698906,0.5078297681327966,0.507828747386822,0.507829760676903,12,15,False,[]
fake_vigo,5,routing,4,15,0.0,0,qiskit_L3,fidelity,0.9784608364929503,0.5078297681327966,0.507828747386822,0.507829760676903,12,15,False,[]
fake_vigo,5,routing,0,15,0.0,0,esp_no_thermal,fidelity,0.9879265889182252,0.5897883032874984,0.5897871178035545,0.5897882946780602,12,12,False,[]
fake_vigo,5,routing,1,15,0.0,0,esp_no_thermal,fidelity,0.9840830548166368,0.5897883032874984,0.5897871178035545,0.5897882946780602,12,12,False,[]
fake_vigo,5,routing,2,15,0.0,0,esp_no_thermal,fidelity,0.9820072337119772,0.5897883032874984,0.5897871178035545,0.5897882946780602,12,12,False,[]
fake_vigo,5,routing,3,15,0.0,0,esp_no_thermal,fidelity,0.9853188940426273,0.5897883032874984,0.5897871178035545,0.5897882946780602,12,12,False,[]
fake_vigo,5,routing,4,15,0.0,0,esp_no_thermal,fidelity,0.9836913368526746,0.5897883032874984,0.5897871178035545,0.5897882946780602,12,12,False,[]
fake_vigo,5,routing,0,15,0.0,0,esp_thermal,fidelity,0.9879265889182252,0.5897883032874984,0.5897871178035545,0.5897882946780602,12,12,False,[]
fake_vigo,5,routing,1,15,0.0,0,esp_thermal,fidelity,0.9840830548166368,0.5897883032874984,0.5897871178035545,0.5897882946780602,12,12,False,[]
fake_vigo,5,routing,2,15,0.0,0,esp_thermal,fidelity,0.9820072337119772,0.5897883032874984,0.5897871178035545,0.5897882946780602,12,12,False,[]
fake_vigo,5,routing,3,15,0.0,0,esp_thermal,fidelity,0.9853188940426273,0.5897883032874984,0.5897871178035545,0.5897882946780602,12,12,False,[]
fake_vigo,5,routing,4,15,0.0,0,esp_thermal,fidelity,0.9836913368526746,0.5897883032874984,0.5897871178035545,0.5897882946780602,12,12,False,[]
fake_vigo,5,routing,0,15,0.4,0,qiskit_L0,fidelity,0.9890941237845412,0.4924185418631328,0.4809914399015157,0.4923316964297326,18,16,False,"[2, 0]"
fake_vigo,5,routing,1,15,0.4,0,qiskit_L0,fidelity,0.9840928513940103,0.4924185418631328,0.4809914399015157,0.4923316964297326,18,16,False,"[2, 0]"
fake_vigo,5,routing,2,15,0.4,0,qiskit_L0,fidelity,0.9869718440279629,0.4924185418631328,0.4809914399015157,0.4923316964297326,18,16,False,"[2, 0]"
fake_vigo,5,routing,3,15,0.4,0,qiskit_L0,fidelity,0.9910482554278746,0.4924185418631328,0.4809914399015157,0.4923316964297326,18,16,False,"[2, 0]"
fake_vigo,5,routing,4,15,0.4,0,qiskit_L0,fidelity,0.9806341565880621,0.4924185418631328,0.4809914399015157,0.4923316964297326,18,16,False,"[2, 0]"
fake_vigo,5,routing,0,15,0.4,0,qiskit_L1,fidelity,0.9883655449001351,0.4868379492770848,0.47554035096950503,0.48677068824951675,12,15,False,"[2, 0]"
fake_vigo,5,routing,1,15,0.4,0,qiskit_L1,fidelity,0.9838917668691027,0.4868379492770848,0.47554035096950503,0.48677068824951675,12,15,False,"[2, 0]"
fake_vigo,5,routing,2,15,0.4,0,qiskit_L1,fidelity,0.9848220356377455,0.4868379492770848,0.47554035096950503,0.48677068824951675,12,15,False,"[2, 0]"
fake_vigo,5,routing,3,15,0.4,0,qiskit_L1,fidelity,0.9931592867252701,0.4868379492770848,0.47554035096950503,0.48677068824951675,12,15,False,"[2, 0]"
fake_vigo,5,routing,4,15,0.4,0,qiskit_L1,fidelity,0.9783099373165316,0.4868379492770848,0.47554035096950503,0.48677068824951675,12,15,False,"[2, 0]"
fake_vigo,5,routing,0,15,0.4,0,qiskit_L3,fidelity,0.9887894038933811,0.5078297681327966,0.49604503208764017,0.5077741532662986,12,15,False,"[2, 0]"
fake_vigo,5,routing,1,15,0.4,0,qiskit_L3,fidelity,0.981813191542199,0.5078297681327966,0.49604503208764017,0.5077741532662986,12,15,False,"[2, 0]"
fake_vigo,5,routing,2,15,0.4,0,qiskit_L3,fidelity,0.9825208885313138,0.5078297681327966,0.49604503208764017,0.5077741532662986,12,15,False,"[2, 0]"
fake_vigo,5,routing,3,15,0.4,0,qiskit_L3,fidelity,0.9903448048698906,0.5078297681327966,0.49604503208764017,0.5077741532662986,12,15,False,"[2, 0]"
fake_vigo,5,routing,4,15,0.4,0,qiskit_L3,fidelity,0.9784608364929503,0.5078297681327966,0.49604503208764017,0.5077741532662986,12,15,False,"[2, 0]"
fake_vigo,5,routing,0,15,0.4,0,esp_no_thermal,fidelity,0.9879265889182252,0.5897883032874984,0.576101631270772,0.5897237127996211,12,12,False,"[2, 0]"
fake_vigo,5,routing,1,15,0.4,0,esp_no_thermal,fidelity,0.9840830548166368,0.5897883032874984,0.576101631270772,0.5897237127996211,12,12,False,"[2, 0]"
fake_vigo,5,routing,2,15,0.4,0,esp_no_thermal,fidelity,0.9820036659519122,0.5897883032874984,0.576101631270772,0.5897237127996211,12,12,False,"[2, 0]"
fake_vigo,5,routing,3,15,0.4,0,esp_no_thermal,fidelity,0.9853188940426273,0.5897883032874984,0.576101631270772,0.5897237127996211,12,12,False,"[2, 0]"
fake_vigo,5,routing,4,15,0.4,0,esp_no_thermal,fidelity,0.9837138158969626,0.5897883032874984,0.576101631270772,0.5897237127996211,12,12,False,"[2, 0]"
fake_vigo,5,routing,0,15,0.4,0,esp_thermal,fidelity,0.9879265889182252,0.5897883032874984,0.576101631270772,0.5897237127996211,12,12,False,"[2, 0]"
fake_vigo,5,routing,1,15,0.4,0,esp_thermal,fidelity,0.9840830548166368,0.5897883032874984,0.576101631270772,0.5897237127996211,12,12,False,"[2, 0]"
fake_vigo,5,routing,2,15,0.4,0,esp_thermal,fidelity,0.9820036659519122,0.5897883032874984,0.576101631270772,0.5897237127996211,12,12,False,"[2, 0]"
fake_vigo,5,routing,3,15,0.4,0,esp_thermal,fidelity,0.9853188940426273,0.5897883032874984,0.576101631270772,0.5897237127996211,12,12,False,"[2, 0]"
fake_vigo,5,routing,4,15,0.4,0,esp_thermal,fidelity,0.9837138158969626,0.5897883032874984,0.576101631270772,0.5897237127996211,12,12,False,"[2, 0]"
fake_vigo,5,routing,0,50,0.0,0,qiskit_L0,fidelity,0.9890941237845412,0.4924185418631328,0.4468643101977483,0.49182466266854735,18,16,False,[]
fake_vigo,5,routing,1,50,0.0,0,qiskit_L0,fidelity,0.983985861344633,0.4924185418631328,0.4468643101977483,0.49182466266854735,18,16,False,[]
fake_vigo,5,routing,2,50,0.0,0,qiskit_L0,fidelity,0.9870699078665434,0.4924185418631328,0.4468643101977483,0.49182466266854735,18,16,False,[]
fake_vigo,5,routing,3,50,0.0,0,qiskit_L0,fidelity,0.990818820442965,0.4924185418631328,0.4468643101977483,0.49182466266854735,18,16,False,[]
fake_vigo,5,routing,4,50,0.0,0,qiskit_L0,fidelity,0.9809905746178308,0.4924185418631328,0.4468643101977483,0.49182466266854735,18,16,False,[]
fake_vigo,5,routing,0,50,0.0,0,qiskit_L1,fidelity,0.9881839707138604,0.4868379492770848,0.4417999849450405,0.4864196088809024,12,15,False,[]
fake_vigo,5,routing,1,50,0.0,0,qiskit_L1,fidelity,0.983887173491058,0.4868379492770848,0.4417999849450405,0.4864196088809024,12,15,False,[]
fake_vigo,5,routing,2,50,0.0,0,qiskit_L1,fidelity,0.9848517450405531,0.4868379492770848,0.4417999849450405,0.4864196088809024,12,15,False,[]
fake_vigo,5,routing,3,50,0.0,0,qiskit_L1,fidelity,0.9932711493191196,0.4868379492770848,0.4417999849450405,0.4864196088809024,12,15,False,[]
fake_vigo,5,routing,4,50,0.0,0,qiskit_L1,fidelity,0.9783099373165316,0.4868379492770848,0.4417999849450405,0.4864196088809024,12,15,False,[]
fake_vigo,5,routing,0,50,0.0,0,qiskit_L3,fidelity,0.9885168723968296,0.5078297681327966,0.460849825386185,0.5074430648078148,12,15,False,[]
fake_vigo,5,routing,1,50,0.0,0,qiskit_L3,fidelity,0.982177138149866,0.5078297681327966,0.460849825386185,0.5074430648078148,12,15,False,[]
fake_vigo,5,routing,2,50,0.0,0,qiskit_L3,fidelity,0.983435656629767,0.5078297681327966,0.460849825386185,0.5074430648078148,12,15,False,[]
fake_vigo,5,routing,3,50,0.0,0,qiskit_L3,fidelity,0.9902849199820657,0.5078297681327966,0.460849825386185,0.5074430648078148,12,15,False,[]
fake_vigo,5,routing,4,50,0.0,0,qiskit_L3,fidelity,0.9784526450845684,0.5078297681327966,0.460849825386185,0.5074430648078148,12,15,False,[]
fake_vigo,5,routing,0,50,0.0,0,esp_no_thermal,fidelity,0.9877167109086421,0.5897883032874984,0.5352262778612493,0.5893580198944787,12,12,False,[]
fake_vigo,5,routing,1,50,0.0,0,esp_no_thermal,fidelity,0.9840203358484715,0.5897883032874984,0.5352262778612493,0.5893580198944787,12,12,False,[]
fake_vigo,5,routing,2,50,0.0,0,esp_no_thermal,fidelity,0.982105004191825,0.5897883032874984,0.5352262778612493,0.5893580198944787,12,12,False,[]
fake_vigo,5,routing,3,50,0.0,0,esp_no_thermal,fidelity,0.9850798075656444,0.5897883032874984,0.5352262778612493,0.5893580198944787,12,12,False,[]
fake_vigo,5,routing,4,50,0.0,0,esp_no_thermal,fidelity,0.9837003047541102,0.5897883032874984,0.5352262778612493,0.5893580198944787,12,12,False,[]
fake_vigo,5,routing,0,50,0.0,0,esp_thermal,fidelity,0.9877167109086421,0.5897883032874984,0.5352262778612493,0.5893580198944787,12,12,False,[]
fake_vigo,5,routing,1,50,0.0,0,esp_thermal,fidelity,0.9840203358484715,0.5897883032874984,0.5352262778612493,0.5893580198944787,12,12,False,[]
fake_vigo,5,routing,2,50,0.0,0,esp_thermal,fidelity,0.982105004191825,0.5897883032874984,0.5352262778612493,0.5893580198944787,12,12,False,[]
fake_vigo,5,routing,3,50,0.0,0,esp_thermal,fidelity,0.9850798075656444,0.5897883032874984,0.5352262778612493,0.5893580198944787,12,12,False,[]
fake_vigo,5,routing,4,50,0.0,0,esp_thermal,fidelity,0.9837003047541102,0.5897883032874984,0.5352262778612493,0.5893580198944787,12,12,False,[]
fake_vigo,5,routing,0,50,0.4,0,qiskit_L0,fidelity,0.9886474530586531,0.4924185418631328,0.21376246389806566,0.4893781115175635,18,16,False,"[2, 0]"
fake_vigo,5,routing,1,50,0.4,0,qiskit_L0,fidelity,0.9837516869663262,0.4924185418631328,0.21376246389806566,0.4893781115175635,18,16,False,"[2, 0]"
fake_vigo,5,routing,2,50,0.4,0,qiskit_L0,fidelity,0.9865662221265694,0.4924185418631328,0.21376246389806566,0.4893781115175635,18,16,False,"[2, 0]"
fake_vigo,5,routing,3,50,0.4,0,qiskit_L0,fidelity,0.9915921297681277,0.4924185418631328,0.21376246389806566,0.4893781115175635,18,16,False,"[2, 0]"
fake_vigo,5,routing,4,50,0.4,0,qiskit_L0,fidelity,0.9811915711352757,0.4924185418631328,0.21376246389806566,0.4893781115175635,18,16,False,"[2, 0]"
fake_vigo,5,routing,0,50,0.4,0,qiskit_L1,fidelity,0.988321788298724,0.4868379492770848,0.2113398881423045,0.4845246283378392,12,15,False,"[2, 0]"
fake_vigo,5,routing,1,50,0.4,0,qiskit_L1,fidelity,0.9840792912705889,0.4868379492770848,0.2113398881423045,0.4845246283378392,12,15,False,"[2, 0]"
fake_vigo,5,routing,2,50,0.4,0,qiskit_L1,fidelity,0.9849249654931868,0.4868379492770848,0.2113398881423045,0.4845246283378392,12,15,False,"[2, 0]"
fake_vigo,5,routing,3,50,0.4,0,qiskit_L1,fidelity,0.9933837540424763,0.4868379492770848,0.2113398881423045,0.4845246283378392,12,15,False,"[2, 0]"
fake_vigo,5,routing,4,50,0.4,0,qiskit_L1,fidelity,0.9783173470610432,0.4868379492770848,0.2113398881423045,0.4845246283378392,12,15,False,"[2, 0]"
fake_vigo,5,routing,0,50,0.4,0,qiskit_L3,fidelity,0.9884138152441084,0.5078297681327966,0.22045258910462134,0.5058613950092237,12,15,False,"[2, 0]"
fake_vigo,5,routing,1,50,0.4,0,qiskit_L3,fidelity,0.9827228200627827,0.5078297681327966,0.22045258910462134,0.5058613950092237,12,15,False,"[2, 0]"
fake_vigo,5,routing,2,50,0.4,0,qiskit_L3,fidelity,0.9831632740549258,0.5078297681327966,0.22045258910462134,0.5058613950092237,12,15,False,"[2, 0]"
fake_vigo,5,routing,3,50,0.4,0,qiskit_L3,fidelity,0.9907350007675635,0.5078297681327966,0.22045258910462134,0.5058613950092237,12,15,False,"[2, 0]"
fake_vigo,5,routing,4,50,0.4,0,qiskit_L3,fidelity,0.9774964075418427,0.5078297681327966,0.22045258910462134,0.5058613950092237,12,15,False,"[2, 0]"
fake_vigo,5,routing,0,50,0.4,0,esp_no_thermal,fidelity,0.9878681101692492,0.5897883032874984,0.2560313842203724,0.58752102606153,12,12,False,"[2, 0]"
fake_vigo,5,routing,1,50,0.4,0,esp_no_thermal,fidelity,0.9836881980181083,0.5897883032874984,0.2560313842203724,0.58752102606153,12,12,False,"[2, 0]"
fake_vigo,5,routing,2,50,0.4,0,esp_no_thermal,fidelity,0.9820139436930505,0.5897883032874984,0.2560313842203724,0.58752102606153,12,12,False,"[2, 0]"
fake_vigo,5,routing,3,50,0.4,0,esp_no_thermal,fidelity,0.984617984033253,0.5897883032874984,0.2560313842203724,0.58752102606153,12,12,False,"[2, 0]"
fake_vigo,5,routing,4,50,0.4,0,esp_no_thermal,fidelity,0.9837213827223907,0.5897883032874984,0.2560313842203724,0.58752102606153,12,12,False,"[2, 0]"
fake_vigo,5,routing,0,50,0.4,0,esp_thermal,fidelity,0.9878681101692492,0.5897883032874984,0.2560313842203724,0.58752102606153,12,12,False,"[2, 0]"
fake_vigo,5,routing,1,50,0.4,0,esp_thermal,fidelity,0.9836881980181083,0.5897883032874984,0.2560313842203724,0.58752102606153,12,12,False,"[2, 0]"
fake_vigo,5,routing,2,50,0.4,0,esp_thermal,fidelity,0.9820139436930505,0.5897883032874984,0.2560313842203724,0.58752102606153,12,12,False,"[2, 0]"
fake_vigo,5,routing,3,50,0.4,0,esp_thermal,fidelity,0.984617984033253,0.5897883032874984,0.2560313842203724,0.58752102606153,12,12,False,"[2, 0]"
fake_vigo,5,routing,4,50,0.4,0,esp_thermal,fidelity,0.9837213827223907,0.5897883032874984,0.2560313842203724,0.58752102606153,12,12,False,"[2, 0]"
fake_vigo,5,routing,0,120,0.0,0,qiskit_L0,fidelity,0.9881475045081746,0.4924185418631328,0.12691725545014906,0.4846034372647847,18,16,False,[]
fake_vigo,5,routing,1,120,0.0,0,qiskit_L0,fidelity,0.9847673457612894,0.4924185418631328,0.12691725545014906,0.4846034372647847,18,16,False,[]
fake_vigo,5,routing,2,120,0.0,0,qiskit_L0,fidelity,0.9877520313320792,0.4924185418631328,0.12691725545014906,0.4846034372647847,18,16,False,[]
fake_vigo,5,routing,3,120,0.0,0,qiskit_L0,fidelity,0.991136322909064,0.4924185418631328,0.12691725545014906,0.4846034372647847,18,16,False,[]
fake_vigo,5,routing,4,120,0.0,0,qiskit_L0,fidelity,0.9800642787278352,0.4924185418631328,0.12691725545014906,0.4846034372647847,18,16,False,[]
fake_vigo,5,routing,0,120,0.0,0,qiskit_L1,fidelity,0.9883951235614244,0.4868379492770848,0.12547889877875562,0.48125759622324216,12,15,False,[]
fake_vigo,5,routing,1,120,0.0,0,qiskit_L1,fidelity,0.9837091387870044,0.4868379492770848,0.12547889877875562,0.48125759622324216,12,15,False,[]
fake_vigo,5,routing,2,120,0.0,0,qiskit_L1,fidelity,0.98615705860521,0.4868379492770848,0.12547889877875562,0.48125759622324216,12,15,False,[]
fake_vigo,5,routing,3,120,0.0,0,qiskit_L1,fidelity,0.9930682968810137,0.4868379492770848,0.12547889877875562,0.48125759622324216,12,15,False,[]
fake_vigo,5,routing,4,120,0.0,0,qiskit_L1,fidelity,0.9791782490284728,0.4868379492770848,0.12547889877875562,0.48125759622324216,12,15,False,[]
fake_vigo,5,routing,0,120,0.0,0,qiskit_L3,fidelity,0.9877613885397053,0.5078297681327966,0.13088938560972094,0.5026676051745685,12,15,False,[]
fake_vigo,5,routing,1,120,0.0,0,qiskit_L3,fidelity,0.9826278467800346,0.5078297681327966,0.13088938560972094,0.5026676051745685,12,15,False,[]
fake_vigo,5,routing,2,120,0.0,0,qiskit_L3,fidelity,0.9832550820241884,0.5078297681327966,0.13088938560972094,0.5026676051745685,12,15,False,[]
fake_vigo,5,routing,3,120,0.0,0,qiskit_L3,fidelity,0.9891038253568707,0.5078297681327966,0.13088938560972094,0.5026676051745685,12,15,False,[]
fake_vigo,5,routing,4,120,0.0,0,qiskit_L3,fidelity,0.9785357448448615,0.5078297681327966,0.13088938560972094,0.5026676051745685,12,15,False,[]
fake_vigo,5,routing,0,120,0.0,0,esp_no_thermal,fidelity,0.9878703434763447,0.5897883032874984,0.1520135949118161,0.5840986257687648,12,12,False,[]
fake_vigo,5,routing,1,120,0.0,0,esp_no_thermal,fidelity,0.9847428843204491,0.5897883032874984,0.1520135949118161,0.5840986257687648,12,12,False,[]
fake_vigo,5,routing,2,120,0.0,0,esp_no_thermal,fidelity,0.9800811467109833,0.5897883032874984,0.1520135949118161,0.5840986257687648,12,12,False,[]
fake_vigo,5,routing,3,120,0.0,0,esp_no_thermal,fidelity,0.9834790588458711,0.5897883032874984,0.1520135949118161,0.5840986257687648,12,12,False,[]
fake_vigo,5,routing,4,120,0.0,0,esp_no_thermal,fidelity,0.9843829110626288,0.5897883032874984,0.1520135949118161,0.5840986257687648,12,12,False,[]
fake_vigo,5,routing,0,120,0.0,0,esp_thermal,fidelity,0.9878703434763447,0.5897883032874984,0.1520135949118161,0.5840986257687648,12,12,False,[]
fake_vigo,5,routing,1,120,0.0,0,esp_thermal,fidelity,0.9847428843204491,0.5897883032874984,0.1520135949118161,0.5840986257687648,12,12,False,[]
fake_vigo,5,routing,2,120,0.0,0,esp_thermal,fidelity,0.9800811467109833,0.5897883032874984,0.1520135949118161,0.5840986257687648,12,12,False,[]
fake_vigo,5,routing,3,120,0.0,0,esp_thermal,fidelity,0.9834790588458711,0.5897883032874984,0.1520135949118161,0.5840986257687648,12,12,False,[]
fake_vigo,5,routing,4,120,0.0,0,esp_thermal,fidelity,0.9843829110626288,0.5897883032874984,0.1520135949118161,0.5840986257687648,12,12,False,[]
fake_vigo,5,routing,0,120,0.4,0,qiskit_L0,fidelity,0.987937340495425,0.4924185418631328,0.10061641279773705,0.4838914273748786,18,16,False,"[2, 0]"
fake_vigo,5,routing,1,120,0.4,0,qiskit_L0,fidelity,0.9845299442844646,0.4924185418631328,0.10061641279773705,0.4838914273748786,18,16,False,"[2, 0]"
fake_vigo,5,routing,2,120,0.4,0,qiskit_L0,fidelity,0.987983368808333,0.4924185418631328,0.10061641279773705,0.4838914273748786,18,16,False,"[2, 0]"
fake_vigo,5,routing,3,120,0.4,0,qiskit_L0,fidelity,0.9911218002788936,0.4924185418631328,0.10061641279773705,0.4838914273748786,18,16,False,"[2, 0]"
fake_vigo,5,routing,4,120,0.4,0,qiskit_L0,fidelity,0.9800030785616294,0.4924185418631328,0.10061641279773705,0.4838914273748786,18,16,False,"[2, 0]"
fake_vigo,5,routing,0,120,0.4,0,qiskit_L1,fidelity,0.9886513850995885,0.4868379492770848,0.09947612428388604,0.4807041368069466,12,15,False,"[2, 0]"
fake_vigo,5,routing,1,120,0.4,0,qiskit_L1,fidelity,0.9839088077890655,0.4868379492770848,0.09947612428388604,0.4807041368069466,12,15,False,"[2, 0]"
fake_vigo,5,routing,2,120,0.4,0,qiskit_L1,fidelity,0.9858125010053338,0.4868379492770848,0.09947612428388604,0.4807041368069466,12,15,False,"[2, 0]"
fake_vigo,5,routing,3,120,0.4,0,qiskit_L1,fidelity,0.9927129251719545,0.4868379492770848,0.09947612428388604,0.4807041368069466,12,15,False,"[2, 0]"
fake_vigo,5,routing,4,120,0.4,0,qiskit_L1,fidelity,0.979363298262076,0.4868379492770848,0.09947612428388604,0.4807041368069466,12,15,False,"[2, 0]"
fake_vigo,5,routing,0,120,0.4,0,qiskit_L3,fidelity,0.9876973415017625,0.5078297681327966,0.10376540531577025,0.5022043331699692,12,15,False,"[2, 0]"
fake_vigo,5,routing,1,120,0.4,0,qiskit_L3,fidelity,0.982763950114582,0.5078297681327966,0.10376540531577025,0.5022043331699692,12,15,False,"[2, 0]"
fake_vigo,5,routing,2,120,0.4,0,qiskit_L3,fidelity,0.983067767833717,0.5078297681327966,0.10376540531577025,0.5022043331699692,12,15,False,"[2, 0]"
fake_vigo,5,routing,3,120,0.4,0,qiskit_L3,fidelity,0.9890590959374426,0.5078297681327966,0.10376540531577025,0.5022043331699692,12,15,False,"[2, 0]"
fake_vigo,5,routing,4,120,0.4,0,qiskit_L3,fidelity,0.9787200587563095,0.5078297681327966,0.10376540531577025,0.5022043331699692,12,15,False,"[2, 0]"
fake_vigo,5,routing,0,120,0.4,0,esp_no_thermal,fidelity,0.9878703434763447,0.5897883032874984,0.12051208137354429,0.5835603047421897,12,12,False,"[2, 0]"
fake_vigo,5,routing,1,120,0.4,0,esp_no_thermal,fidelity,0.9849881666969054,0.5897883032874984,0.12051208137354429,0.5835603047421897,12,12,False,"[2, 0]"
fake_vigo,5,routing,2,120,0.4,0,esp_no_thermal,fidelity,0.9797725646462357,0.5897883032874984,0.12051208137354429,0.5835603047421897,12,12,False,"[2, 0]"
fake_vigo,5,routing,3,120,0.4,0,esp_no_thermal,fidelity,0.983628144378459,0.5897883032874984,0.12051208137354429,0.5835603047421897,12,12,False,"[2, 0]"
fake_vigo,5,routing,4,120,0.4,0,esp_no_thermal,fidelity,0.984521278792442,0.5897883032874984,0.12051208137354429,0.5835603047421897,12,12,False,"[2, 0]"
fake_vigo,5,routing,0,120,0.4,0,esp_thermal,fidelity,0.9878703434763447,0.5897883032874984,0.12051208137354429,0.5835603047421897,12,12,False,"[2, 0]"
fake_vigo,5,routing,1,120,0.4,0,esp_thermal,fidelity,0.9849881666969054,0.5897883032874984,0.12051208137354429,0.5835603047421897,12,12,False,"[2, 0]"
fake_vigo,5,routing,2,120,0.4,0,esp_thermal,fidelity,0.9797725646462357,0.5897883032874984,0.12051208137354429,0.5835603047421897,12,12,False,"[2, 0]"
fake_vigo,5,routing,3,120,0.4,0,esp_thermal,fidelity,0.983628144378459,0.5897883032874984,0.12051208137354429,0.5835603047421897,12,12,False,"[2, 0]"
fake_vigo,5,routing,4,120,0.4,0,esp_thermal,fidelity,0.984521278792442,0.5897883032874984,0.12051208137354429,0.5835603047421897,12,12,False,"[2, 0]"
fake_guadalupe,3,ghz,0,15,0.0,0,qiskit_L0,success_prob,0.45703125,0.9042400424124051,0.9042397031418652,0.9042400404902701,2,6,False,[]
fake_guadalupe,3,ghz,1,15,0.0,0,qiskit_L0,success_prob,0.462890625,0.9042400424124051,0.9042397031418652,0.9042400404902701,2,6,False,[]
fake_guadalupe,3,ghz,2,15,0.0,0,qiskit_L0,success_prob,0.490234375,0.9042400424124051,0.9042397031418652,0.9042400404902701,2,6,False,[]
fake_guadalupe,3,ghz,3,15,0.0,0,qiskit_L0,success_prob,0.44921875,0.9042400424124051,0.9042397031418652,0.9042400404902701,2,6,False,[]
fake_guadalupe,3,ghz,4,15,0.0,0,qiskit_L0,success_prob,0.4560546875,0.9042400424124051,0.9042397031418652,0.9042400404902701,2,6,False,[]
fake_guadalupe,3,ghz,0,15,0.0,0,qiskit_L1,success_prob,0.45703125,0.9042400424124051,0.9042397031418652,0.9042400404902701,2,6,False,[]
fake_guadalupe,3,ghz,1,15,0.0,0,qiskit_L1,success_prob,0.462890625,0.9042400424124051,0.9042397031418652,0.9042400404902701,2,6,False,[]
fake_guadalupe,3,ghz,2,15,0.0,0,qiskit_L1,success_prob,0.490234375,0.9042400424124051,0.9042397031418652,0.9042400404902701,2,6,False,[]
fake_guadalupe,3,ghz,3,15,0.0,0,qiskit_L1,success_prob,0.44921875,0.9042400424124051,0.9042397031418652,0.9042400404902701,2,6,False,[]
fake_guadalupe,3,ghz,4,15,0.0,0,qiskit_L1,success_prob,0.4560546875,0.9042400424124051,0.9042397031418652,0.9042400404902701,2,6,False,[]
fake_guadalupe,3,ghz,0,15,0.0,0,qiskit_L3,success_prob,0.4658203125,0.9311108374531011,0.9311104203422325,0.9311108363747788,2,6,False,[]
fake_guadalupe,3,ghz,1,15,0.0,0,qiskit_L3,success_prob,0.478515625,0.9311108374531011,0.9311104203422325,0.9311108363747788,2,6,False,[]
fake_guadalupe,3,ghz,2,15,0.0,0,qiskit_L3,success_prob,0.5,0.9311108374531011,0.9311104203422325,0.9311108363747788,2,6,False,[]
fake_guadalupe,3,ghz,3,15,0.0,0,qiskit_L3,success_prob,0.470703125,0.9311108374531011,0.9311104203422325,0.9311108363747788,2,6,False,[]
fake_guadalupe,3,ghz,4,15,0.0,0,qiskit_L3,success_prob,0.4599609375,0.9311108374531011,0.9311104203422325,0.9311108363747788,2,6,False,[]
fake_guadalupe,3,ghz,0,15,0.0,0,esp_no_thermal,success_prob,0.46484375,0.9312938436630379,0.9312934264701879,0.9312938425811049,2,6,False,[]
fake_guadalupe,3,ghz,1,15,0.0,0,esp_no_thermal,success_prob,0.4775390625,0.9312938436630379,0.9312934264701879,0.9312938425811049,2,6,False,[]
fake_guadalupe,3,ghz,2,15,0.0,0,esp_no_thermal,success_prob,0.5,0.9312938436630379,0.9312934264701879,0.9312938425811049,2,6,False,[]
fake_guadalupe,3,ghz,3,15,0.0,0,esp_no_thermal,success_prob,0.470703125,0.9312938436630379,0.9312934264701879,0.9312938425811049,2,6,False,[]
fake_guadalupe,3,ghz,4,15,0.0,0,esp_no_thermal,success_prob,0.458984375,0.9312938436630379,0.9312934264701879,0.9312938425811049,2,6,False,[]
fake_guadalupe,3,ghz,0,15,0.0,0,esp_thermal,success_prob,0.46484375,0.9312938436630379,0.9312934264701879,0.9312938425811049,2,6,False,[]
fake_guadalupe,3,ghz,1,15,0.0,0,esp_thermal,success_prob,0.4775390625,0.9312938436630379,0.9312934264701879,0.9312938425811049,2,6,False,[]
fake_guadalupe,3,ghz,2,15,0.0,0,esp_thermal,success_prob,0.5,0.9312938436630379,0.9312934264701879,0.9312938425811049,2,6,False,[]
fake_guadalupe,3,ghz,3,15,0.0,0,esp_thermal,success_prob,0.470703125,0.9312938436630379,0.9312934264701879,0.9312938425811049,2,6,False,[]
fake_guadalupe,3,ghz,4,15,0.0,0,esp_thermal,success_prob,0.458984375,0.9312938436630379,0.9312934264701879,0.9312938425811049,2,6,False,[]
fake_guadalupe,3,ghz,0,15,0.4,0,qiskit_L0,success_prob,0.45703125,0.9042400424124051,0.8907368650736845,0.9041542085194189,2,6,False,"[1, 6, 8, 9, 13, 4, 2]"
fake_guadalupe,3,ghz,1,15,0.4,0,qiskit_L0,success_prob,0.462890625,0.9042400424124051,0.8907368650736845,0.9041542085194189,2,6,False,"[1, 6, 8, 9, 13, 4, 2]"
fake_guadalupe,3,ghz,2,15,0.4,0,qiskit_L0,success_prob,0.4892578125,0.9042400424124051,0.8907368650736845,0.9041542085194189,2,6,False,"[1, 6, 8, 9, 13, 4, 2]"
fake_guadalupe,3,ghz,3,15,0.4,0,qiskit_L0,success_prob,0.44921875,0.9042400424124051,0.8907368650736845,0.9041542085194189,2,6,False,"[1, 6, 8, 9, 13, 4, 2]"
fake_guadalupe,3,ghz,4,15,0.4,0,qiskit_L0,success_prob,0.4560546875,0.9042400424124051,0.8907368650736845,0.9041542085194189,2,6,False,"[1, 6, 8, 9, 13, 4, 2]"
fake_guadalupe,3,ghz,0,15,0.4,0,qiskit_L1,success_prob,0.45703125,0.9042400424124051,0.8907368650736845,0.9041542085194189,2,6,False,"[1, 6, 8, 9, 13, 4, 2]"
fake_guadalupe,3,ghz,1,15,0.4,0,qiskit_L1,success_prob,0.462890625,0.9042400424124051,0.8907368650736845,0.9041542085194189,2,6,False,"[1, 6, 8, 9, 13, 4, 2]"
fake_guadalupe,3,ghz,2,15,0.4,0,qiskit_L1,success_prob,0.4892578125,0.9042400424124051,0.8907368650736845,0.9041542085194189,2,6,False,"[1, 6, 8, 9, 13, 4, 2]"
fake_guadalupe,3,ghz,3,15,0.4,0,qiskit_L1,success_prob,0.44921875,0.9042400424124051,0.8907368650736845,0.9041542085194189,2,6,False,"[1, 6, 8, 9, 13, 4, 2]"
fake_guadalupe,3,ghz,4,15,0.4,0,qiskit_L1,success_prob,0.4560546875,0.9042400424124051,0.8907368650736845,0.9041542085194189,2,6,False,"[1, 6, 8, 9, 13, 4, 2]"
fake_guadalupe,3,ghz,0,15,0.4,0,qiskit_L3,success_prob,0.4658203125,0.9311108374531011,0.9225312303802172,0.9310957180551089,2,6,False,"[1, 6, 8, 9, 13, 4, 2]"
fake_guadalupe,3,ghz,1,15,0.4,0,qiskit_L3,success_prob,0.478515625,0.9311108374531011,0.9225312303802172,0.9310957180551089,2,6,False,"[1, 6, 8, 9, 13, 4, 2]"
fake_guadalupe,3,ghz,2,15,0.4,0,qiskit_L3,success_prob,0.5,0.9311108374531011,0.9225312303802172,0.9310957180551089,2,6,False,"[1, 6, 8, 9, 13, 4, 2]"
fake_guadalupe,3,ghz,3,15,0.4,0,qiskit_L3,success_prob,0.470703125,0.9311108374531011,0.9225312303802172,0.9310957180551089,2,6,False,"[1, 6, 8, 9, 13, 4, 2]"
fake_guadalupe,3,ghz,4,15,0.4,0,qiskit_L3,success_prob,0.4599609375,0.9311108374531011,0.9225312303802172,0.9310957180551089,2,6,False,"[1, 6, 8, 9, 13, 4, 2]"
fake_guadalupe,3,ghz,0,15,0.4,0,esp_no_thermal,success_prob,0.46484375,0.9312938436630379,0.9227125503017876,0.931281283888778,2,6,False,"[1, 6, 8, 9, 13, 4, 2]"
fake_guadalupe,3,ghz,1,15,0.4,0,esp_no_thermal,success_prob,0.4775390625,0.9312938436630379,0.9227125503017876,0.931281283888778,2,6,False,"[1, 6, 8, 9, 13, 4, 2]"
fake_guadalupe,3,ghz,2,15,0.4,0,esp_no_thermal,success_prob,0.5,0.9312938436630379,0.9227125503017876,0.931281283888778,2,6,False,"[1, 6, 8, 9, 13, 4, 2]"
fake_guadalupe,3,ghz,3,15,0.4,0,esp_no_thermal,success_prob,0.470703125,0.9312938436630379,0.9227125503017876,0.931281283888778,2,6,False,"[1, 6, 8, 9, 13, 4, 2]"
fake_guadalupe,3,ghz,4,15,0.4,0,esp_no_thermal,success_prob,0.458984375,0.9312938436630379,0.9227125503017876,0.931281283888778,2,6,False,"[1, 6, 8, 9, 13, 4, 2]"
fake_guadalupe,3,ghz,0,15,0.4,0,esp_thermal,success_prob,0.46484375,0.9312938436630379,0.9227125503017876,0.931281283888778,2,6,False,"[1, 6, 8, 9, 13, 4, 2]"
fake_guadalupe,3,ghz,1,15,0.4,0,esp_thermal,success_prob,0.4775390625,0.9312938436630379,0.9227125503017876,0.931281283888778,2,6,False,"[1, 6, 8, 9, 13, 4, 2]"
fake_guadalupe,3,ghz,2,15,0.4,0,esp_thermal,success_prob,0.5,0.9312938436630379,0.9227125503017876,0.931281283888778,2,6,False,"[1, 6, 8, 9, 13, 4, 2]"
fake_guadalupe,3,ghz,3,15,0.4,0,esp_thermal,success_prob,0.470703125,0.9312938436630379,0.9227125503017876,0.931281283888778,2,6,False,"[1, 6, 8, 9, 13, 4, 2]"
fake_guadalupe,3,ghz,4,15,0.4,0,esp_thermal,success_prob,0.458984375,0.9312938436630379,0.9227125503017876,0.931281283888778,2,6,False,"[1, 6, 8, 9, 13, 4, 2]"
fake_guadalupe,3,ghz,0,50,0.0,0,qiskit_L0,success_prob,0.45703125,0.9042400424124051,0.8679452912134533,0.9040366460707867,2,6,False,[]
fake_guadalupe,3,ghz,1,50,0.0,0,qiskit_L0,success_prob,0.462890625,0.9042400424124051,0.8679452912134533,0.9040366460707867,2,6,False,[]
fake_guadalupe,3,ghz,2,50,0.0,0,qiskit_L0,success_prob,0.4892578125,0.9042400424124051,0.8679452912134533,0.9040366460707867,2,6,False,[]
fake_guadalupe,3,ghz,3,50,0.0,0,qiskit_L0,success_prob,0.44921875,0.9042400424124051,0.8679452912134533,0.9040366460707867,2,6,False,[]
fake_guadalupe,3,ghz,4,50,0.0,0,qiskit_L0,success_prob,0.4560546875,0.9042400424124051,0.8679452912134533,0.9040366460707867,2,6,False,[]
fake_guadalupe,3,ghz,0,50,0.0,0,qiskit_L1,success_prob,0.45703125,0.9042400424124051,0.8679452912134533,0.9040366460707867,2,6,False,[]
fake_guadalupe,3,ghz,1,50,0.0,0,qiskit_L1,success_prob,0.462890625,0.9042400424124051,0.8679452912134533,0.9040366460707867,2,6,False,[]
fake_guadalupe,3,ghz,2,50,0.0,0,qiskit_L1,success_prob,0.4892578125,0.9042400424124051,0.8679452912134533,0.9040366460707867,2,6,False,[]
fake_guadalupe,3,ghz,3,50,0.0,0,qiskit_L1,success_prob,0.44921875,0.9042400424124051,0.8679452912134533,0.9040366460707867,2,6,False,[]
fake_guadalupe,3,ghz,4,50,0.0,0,qiskit_L1,success_prob,0.4560546875,0.9042400424124051,0.8679452912134533,0.9040366460707867,2,6,False,[]
fake_guadalupe,3,ghz,0,50,0.0,0,qiskit_L3,success_prob,0.46484375,0.9311108374531011,0.8918130132584879,0.9309976363516705,2,6,False,[]
fake_guadalupe,3,ghz,1,50,0.0,0,qiskit_L3,success_prob,0.4794921875,0.9311108374531011,0.8918130132584879,0.9309976363516705,2,6,False,[]
fake_guadalupe,3,ghz,2,50,0.0,0,qiskit_L3,success_prob,0.5,0.9311108374531011,0.8918130132584879,0.9309976363516705,2,6,False,[]
fake_guadalupe,3,ghz,3,50,0.0,0,qiskit_L3,success_prob,0.470703125,0.9311108374531011,0.8918130132584879,0.9309976363516705,2,6,False,[]
fake_guadalupe,3,ghz,4,50,0.0,0,qiskit_L3,success_prob,0.4599609375,0.9311108374531011,0.8918130132584879,0.9309976363516705,2,6,False,[]
fake_guadalupe,3,ghz,0,50,0.0,0,esp_no_thermal,success_prob,0.46484375,0.9312938436630379,0.8919882956340806,0.9311793479789898,2,6,False,[]
fake_guadalupe,3,ghz,1,50,0.0,0,esp_no_thermal,success_prob,0.4775390625,0.9312938436630379,0.8919882956340806,0.9311793479789898,2,6,False,[]
fake_guadalupe,3,ghz,2,50,0.0,0,esp_no_thermal,success_prob,0.5,0.9312938436630379,0.8919882956340806,0.9311793479789898,2,6,False,[]
fake_guadalupe,3,ghz,3,50,0.0,0,esp_no_thermal,success_prob,0.470703125,0.9312938436630379,0.8919882956340806,0.9311793479789898,2,6,False,[]
fake_guadalupe,3,ghz,4,50,0.0,0,esp_no_thermal,success_prob,0.458984375,0.9312938436630379,0.8919882956340806,0.9311793479789898,2,6,False,[]
fake_guadalupe,3,ghz,0,50,0.0,0,esp_thermal,success_prob,0.46484375,0.9312938436630379,0.8919882956340806,0.9311793479789898,2,6,False,[]
fake_guadalupe,3,ghz,1,50,0.0,0,esp_thermal,success_prob,0.4775390625,0.9312938436630379,0.8919882956340806,0.9311793479789898,2,6,False,[]
fake_guadalupe,3,ghz,2,50,0.0,0,esp_thermal,success_prob,0.5,0.9312938436630379,0.8919882956340806,0.9311793479789898,2,6,False,[]
fake_guadalupe,3,ghz,3,50,0.0,0,esp_thermal,success_prob,0.470703125,0.9312938436630379,0.8919882956340806,0.9311793479789898,2,6,False,[]
fake_guadalupe,3,ghz,4,50,0.0,0,esp_thermal,success_prob,0.458984375,0.9312938436630379,0.8919882956340806,0.9311793479789898,2,6,False,[]
fake_guadalupe,3,ghz,0,50,0.4,0,qiskit_L0,success_prob,0.455078125,0.9042400424124051,0.44838024188894554,0.9006846874753992,2,6,True,"[1, 6, 8, 9, 13, 4, 2]"
fake_guadalupe,3,ghz,1,50,0.4,0,qiskit_L0,success_prob,0.4638671875,0.9042400424124051,0.44838024188894554,0.9006846874753992,2,6,True,"[1, 6, 8, 9, 13, 4, 2]"
fake_guadalupe,3,ghz,2,50,0.4,0,qiskit_L0,success_prob,0.4873046875,0.9042400424124051,0.44838024188894554,0.9006846874753992,2,6,True,"[1, 6, 8, 9, 13, 4, 2]"
fake_guadalupe,3,ghz,3,50,0.4,0,qiskit_L0,success_prob,0.44921875,0.9042400424124051,0.44838024188894554,0.9006846874753992,2,6,True,"[1, 6, 8, 9, 13, 4, 2]"
fake_guadalupe,3,ghz,4,50,0.4,0,qiskit_L0,success_prob,0.455078125,0.9042400424124051,0.44838024188894554,0.9006846874753992,2,6,True,"[1, 6, 8, 9, 13, 4, 2]"
fake_guadalupe,3,ghz,0,50,0.4,0,qiskit_L1,success_prob,0.455078125,0.9042400424124051,0.44838024188894554,0.9006846874753992,2,6,True,"[1, 6, 8, 9, 13, 4, 2]"
fake_guadalupe,3,ghz,1,50,0.4,0,qiskit_L1,success_prob,0.4638671875,0.9042400424124051,0.44838024188894554,0.9006846874753992,2,6,True,"[1, 6, 8, 9, 13, 4, 2]"
fake_guadalupe,3,ghz,2,50,0.4,0,qiskit_L1,success_prob,0.4873046875,0.9042400424124051,0.44838024188894554,0.9006846874753992,2,6,True,"[1, 6, 8, 9, 13, 4, 2]"
fake_guadalupe,3,ghz,3,50,0.4,0,qiskit_L1,success_prob,0.44921875,0.9042400424124051,0.44838024188894554,0.9006846874753992,2,6,True,"[1, 6, 8, 9, 13, 4, 2]"
fake_guadalupe,3,ghz,4,50,0.4,0,qiskit_L1,success_prob,0.455078125,0.9042400424124051,0.44838024188894554,0.9006846874753992,2,6,True,"[1, 6, 8, 9, 13, 4, 2]"
fake_guadalupe,3,ghz,0,50,0.4,0,qiskit_L3,success_prob,0.46484375,0.9311108374531011,0.6297178983210192,0.930478973748305,2,6,True,"[1, 6, 8, 9, 13, 4, 2]"
fake_guadalupe,3,ghz,1,50,0.4,0,qiskit_L3,success_prob,0.4814453125,0.9311108374531011,0.6297178983210192,0.930478973748305,2,6,True,"[1, 6, 8, 9, 13, 4, 2]"
fake_guadalupe,3,ghz,2,50,0.4,0,qiskit_L3,success_prob,0.5,0.9311108374531011,0.6297178983210192,0.930478973748305,2,6,True,"[1, 6, 8, 9, 13, 4, 2]"
fake_guadalupe,3,ghz,3,50,0.4,0,qiskit_L3,success_prob,0.470703125,0.9311108374531011,0.6297178983210192,0.930478973748305,2,6,True,"[1, 6, 8, 9, 13, 4, 2]"
fake_guadalupe,3,ghz,4,50,0.4,0,qiskit_L3,success_prob,0.458984375,0.9311108374531011,0.6297178983210192,0.930478973748305,2,6,True,"[1, 6, 8, 9, 13, 4, 2]"
fake_guadalupe,3,ghz,0,50,0.4,0,esp_no_thermal,success_prob,0.4638671875,0.9312938436630379,0.6298416669222056,0.9307484809013108,2,6,True,"[1, 6, 8, 9, 13, 4, 2]"
fake_guadalupe,3,ghz,1,50,0.4,0,esp_no_thermal,success_prob,0.4794921875,0.9312938436630379,0.6298416669222056,0.9307484809013108,2,6,True,"[1, 6, 8, 9, 13, 4, 2]"
fake_guadalupe,3,ghz,2,50,0.4,0,esp_no_thermal,success_prob,0.5,0.9312938436630379,0.6298416669222056,0.9307484809013108,2,6,True,"[1, 6, 8, 9, 13, 4, 2]"
fake_guadalupe,3,ghz,3,50,0.4,0,esp_no_thermal,success_prob,0.470703125,0.9312938436630379,0.6298416669222056,0.9307484809013108,2,6,True,"[1, 6, 8, 9, 13, 4, 2]"
fake_guadalupe,3,ghz,4,50,0.4,0,esp_no_thermal,success_prob,0.4580078125,0.9312938436630379,0.6298416669222056,0.9307484809013108,2,6,True,"[1, 6, 8, 9, 13, 4, 2]"
fake_guadalupe,3,ghz,0,50,0.4,0,esp_thermal,success_prob,0.4580078125,0.9100361926703583,0.8759169605484324,0.9099089878449595,2,6,True,"[1, 6, 8, 9, 13, 4, 2]"
fake_guadalupe,3,ghz,1,50,0.4,0,esp_thermal,success_prob,0.4716796875,0.9100361926703583,0.8759169605484324,0.9099089878449595,2,6,True,"[1, 6, 8, 9, 13, 4, 2]"
fake_guadalupe,3,ghz,2,50,0.4,0,esp_thermal,success_prob,0.4912109375,0.9100361926703583,0.8759169605484324,0.9099089878449595,2,6,True,"[1, 6, 8, 9, 13, 4, 2]"
fake_guadalupe,3,ghz,3,50,0.4,0,esp_thermal,success_prob,0.4599609375,0.9100361926703583,0.8759169605484324,0.9099089878449595,2,6,True,"[1, 6, 8, 9, 13, 4, 2]"
fake_guadalupe,3,ghz,4,50,0.4,0,esp_thermal,success_prob,0.4580078125,0.9100361926703583,0.8759169605484324,0.9099089878449595,2,6,True,"[1, 6, 8, 9, 13, 4, 2]"
fake_guadalupe,3,ghz,0,120,0.0,0,qiskit_L0,success_prob,0.455078125,0.9042400424124051,0.4453758753668797,0.9009480940791478,2,6,True,[]
fake_guadalupe,3,ghz,1,120,0.0,0,qiskit_L0,success_prob,0.4638671875,0.9042400424124051,0.4453758753668797,0.9009480940791478,2,6,True,[]
fake_guadalupe,3,ghz,2,120,0.0,0,qiskit_L0,success_prob,0.4873046875,0.9042400424124051,0.4453758753668797,0.9009480940791478,2,6,True,[]
fake_guadalupe,3,ghz,3,120,0.0,0,qiskit_L0,success_prob,0.44921875,0.9042400424124051,0.4453758753668797,0.9009480940791478,2,6,True,[]
fake_guadalupe,3,ghz,4,120,0.0,0,qiskit_L0,success_prob,0.455078125,0.9042400424124051,0.4453758753668797,0.9009480940791478,2,6,True,[]
fake_guadalupe,3,ghz,0,120,0.0,0,qiskit_L1,success_prob,0.455078125,0.9042400424124051,0.4453758753668797,0.9009480940791478,2,6,True,[]
fake_guadalupe,3,ghz,1,120,0.0,0,qiskit_L1,success_prob,0.4638671875,0.9042400424124051,0.4453758753668797,0.9009480940791478,2,6,True,[]
fake_guadalupe,3,ghz,2,120,0.0,0,qiskit_L1,success_prob,0.4873046875,0.9042400424124051,0.4453758753668797,0.9009480940791478,2,6,True,[]
fake_guadalupe,3,ghz,3,120,0.0,0,qiskit_L1,success_prob,0.44921875,0.9042400424124051,0.4453758753668797,0.9009480940791478,2,6,True,[]
fake_guadalupe,3,ghz,4,120,0.0,0,qiskit_L1,success_prob,0.455078125,0.9042400424124051,0.4453758753668797,0.9009480940791478,2,6,True,[]
fake_guadalupe,3,ghz,0,120,0.0,0,qiskit_L3,success_prob,0.462890625,0.9311108374531011,0.45208325286517204,0.9292738181774116,2,6,True,[]
fake_guadalupe,3,ghz,1,120,0.0,0,qiskit_L3,success_prob,0.482421875,0.9311108374531011,0.45208325286517204,0.9292738181774116,2,6,True,[]
fake_guadalupe,3,ghz,2,120,0.0,0,qiskit_L3,success_prob,0.4990234375,0.9311108374531011,0.45208325286517204,0.9292738181774116,2,6,True,[]
fake_guadalupe,3,ghz,3,120,0.0,0,qiskit_L3,success_prob,0.470703125,0.9311108374531011,0.45208325286517204,0.9292738181774116,2,6,True,[]
fake_guadalupe,3,ghz,4,120,0.0,0,qiskit_L3,success_prob,0.4580078125,0.9311108374531011,0.45208325286517204,0.9292738181774116,2,6,True,[]
fake_guadalupe,3,ghz,0,120,0.0,0,esp_no_thermal,success_prob,0.4619140625,0.9312938436630379,0.4521721080683926,0.9294329726254295,2,6,True,[]
fake_guadalupe,3,ghz,1,120,0.0,0,esp_no_thermal,success_prob,0.48046875,0.9312938436630379,0.4521721080683926,0.9294329726254295,2,6,True,[]
fake_guadalupe,3,ghz,2,120,0.0,0,esp_no_thermal,success_prob,0.5,0.9312938436630379,0.4521721080683926,0.9294329726254295,2,6,True,[]
fake_guadalupe,3,ghz,3,120,0.0,0,esp_no_thermal,success_prob,0.470703125,0.9312938436630379,0.4521721080683926,0.9294329726254295,2,6,True,[]
fake_guadalupe,3,ghz,4,120,0.0,0,esp_no_thermal,success_prob,0.4580078125,0.9312938436630379,0.4521721080683926,0.9294329726254295,2,6,True,[]
fake_guadalupe,3,ghz,0,120,0.0,0,esp_thermal,success_prob,0.4560546875,0.9132416297092606,0.46558717661013926,0.9109592131121961,2,6,True,[]
fake_guadalupe,3,ghz,1,120,0.0,0,esp_thermal,success_prob,0.4697265625,0.9132416297092606,0.46558717661013926,0.9109592131121961,2,6,True,[]
fake_guadalupe,3,ghz,2,120,0.0,0,esp_thermal,success_prob,0.490234375,0.9132416297092606,0.46558717661013926,0.9109592131121961,2,6,True,[]
fake_guadalupe,3,ghz,3,120,0.0,0,esp_thermal,success_prob,0.4619140625,0.9132416297092606,0.46558717661013926,0.9109592131121961,2,6,True,[]
fake_guadalupe,3,ghz,4,120,0.0,0,esp_thermal,success_prob,0.4560546875,0.9132416297092606,0.46558717661013926,0.9109592131121961,2,6,True,[]
fake_guadalupe,3,ghz,0,120,0.4,0,qiskit_L0,success_prob,0.4541015625,0.9042400424124051,0.3567454070225315,0.899891450574722,2,6,True,"[1, 6, 8, 9, 13, 4, 2]"
fake_guadalupe,3,ghz,1,120,0.4,0,qiskit_L0,success_prob,0.4638671875,0.9042400424124051,0.3567454070225315,0.899891450574722,2,6,True,"[1, 6, 8, 9, 13, 4, 2]"
fake_guadalupe,3,ghz,2,120,0.4,0,qiskit_L0,success_prob,0.4873046875,0.9042400424124051,0.3567454070225315,0.899891450574722,2,6,True,"[1, 6, 8, 9, 13, 4, 2]"
fake_guadalupe,3,ghz,3,120,0.4,0,qiskit_L0,success_prob,0.451171875,0.9042400424124051,0.3567454070225315,0.899891450574722,2,6,True,"[1, 6, 8, 9, 13, 4, 2]"
fake_guadalupe,3,ghz,4,120,0.4,0,qiskit_L0,success_prob,0.455078125,0.9042400424124051,0.3567454070225315,0.899891450574722,2,6,True,"[1, 6, 8, 9, 13, 4, 2]"
fake_guadalupe,3,ghz,0,120,0.4,0,qiskit_L1,success_prob,0.4541015625,0.9042400424124051,0.3567454070225315,0.899891450574722,2,6,True,"[1, 6, 8, 9, 13, 4, 2]"
fake_guadalupe,3,ghz,1,120,0.4,0,qiskit_L1,success_prob,0.4638671875,0.9042400424124051,0.3567454070225315,0.899891450574722,2,6,True,"[1, 6, 8, 9, 13, 4, 2]"
fake_guadalupe,3,ghz,2,120,0.4,0,qiskit_L1,success_prob,0.4873046875,0.9042400424124051,0.3567454070225315,0.899891450574722,2,6,True,"[1, 6, 8, 9, 13, 4, 2]"
fake_guadalupe,3,ghz,3,120,0.4,0,qiskit_L1,success_prob,0.451171875,0.9042400424124051,0.3567454070225315,0.899891450574722,2,6,True,"[1, 6, 8, 9, 13, 4, 2]"
fake_guadalupe,3,ghz,4,120,0.4,0,qiskit_L1,success_prob,0.455078125,0.9042400424124051,0.3567454070225315,0.899891450574722,2,6,True,"[1, 6, 8, 9, 13, 4, 2]"
fake_guadalupe,3,ghz,0,120,0.4,0,qiskit_L3,success_prob,0.462890625,0.9311108374531011,0.40358154479357217,0.929114716667838,2,6,True,"[1, 6, 8, 9, 13, 4, 2]"
fake_guadalupe,3,ghz,1,120,0.4,0,qiskit_L3,success_prob,0.482421875,0.9311108374531011,0.40358154479357217,0.929114716667838,2,6,True,"[1, 6, 8, 9, 13, 4, 2]"
fake_guadalupe,3,ghz,2,120,0.4,0,qiskit_L3,success_prob,0.4990234375,0.9311108374531011,0.40358154479357217,0.929114716667838,2,6,True,"[1, 6, 8, 9, 13, 4, 2]"
fake_guadalupe,3,ghz,3,120,0.4,0,qiskit_L3,success_prob,0.470703125,0.9311108374531011,0.40358154479357217,0.929114716667838,2,6,True,"[1, 6, 8, 9, 13, 4, 2]"
fake_guadalupe,3,ghz,4,120,0.4,0,qiskit_L3,success_prob,0.4580078125,0.9311108374531011,0.40358154479357217,0.929114716667838,2,6,True,"[1, 6, 8, 9, 13, 4, 2]"
fake_guadalupe,3,ghz,0,120,0.4,0,esp_no_thermal,success_prob,0.4619140625,0.9312938436630379,0.4036608671749066,0.9293008105353171,2,6,True,"[1, 6, 8, 9, 13, 4, 2]"
fake_guadalupe,3,ghz,1,120,0.4,0,esp_no_thermal,success_prob,0.48046875,0.9312938436630379,0.4036608671749066,0.9293008105353171,2,6,True,"[1, 6, 8, 9, 13, 4, 2]"
fake_guadalupe,3,ghz,2,120,0.4,0,esp_no_thermal,success_prob,0.4990234375,0.9312938436630379,0.4036608671749066,0.9293008105353171,2,6,True,"[1, 6, 8, 9, 13, 4, 2]"
fake_guadalupe,3,ghz,3,120,0.4,0,esp_no_thermal,success_prob,0.470703125,0.9312938436630379,0.4036608671749066,0.9293008105353171,2,6,True,"[1, 6, 8, 9, 13, 4, 2]"
fake_guadalupe,3,ghz,4,120,0.4,0,esp_no_thermal,success_prob,0.4580078125,0.9312938436630379,0.4036608671749066,0.9293008105353171,2,6,True,"[1, 6, 8, 9, 13, 4, 2]"
fake_guadalupe,3,ghz,0,120,0.4,0,esp_thermal,success_prob,0.45703125,0.9080616559403466,0.45938148551900604,0.9059944260868841,2,6,True,"[1, 6, 8, 9, 13, 4, 2]"
fake_guadalupe,3,ghz,1,120,0.4,0,esp_thermal,success_prob,0.466796875,0.9080616559403466,0.45938148551900604,0.9059944260868841,2,6,True,"[1, 6, 8, 9, 13, 4, 2]"
fake_guadalupe,3,ghz,2,120,0.4,0,esp_thermal,success_prob,0.4853515625,0.9080616559403466,0.45938148551900604,0.9059944260868841,2,6,True,"[1, 6, 8, 9, 13, 4, 2]"
fake_guadalupe,3,ghz,3,120,0.4,0,esp_thermal,success_prob,0.4619140625,0.9080616559403466,0.45938148551900604,0.9059944260868841,2,6,True,"[1, 6, 8, 9, 13, 4, 2]"
fake_guadalupe,3,ghz,4,120,0.4,0,esp_thermal,success_prob,0.455078125,0.9080616559403466,0.45938148551900604,0.9059944260868841,2,6,True,"[1, 6, 8, 9, 13, 4, 2]"
fake_guadalupe,3,qft,0,15,0.0,0,qiskit_L0,fidelity,0.833984375,0.6894854257850398,0.6894851670903551,0.6894854172098073,12,32,False,[]
fake_guadalupe,3,qft,1,15,0.0,0,qiskit_L0,fidelity,0.8193359375000001,0.6894854257850398,0.6894851670903551,0.6894854172098073,12,32,False,[]
fake_guadalupe,3,qft,2,15,0.0,0,qiskit_L0,fidelity,0.83984375,0.6894854257850398,0.6894851670903551,0.6894854172098073,12,32,False,[]
fake_guadalupe,3,qft,3,15,0.0,0,qiskit_L0,fidelity,0.8193359375000001,0.6894854257850398,0.6894851670903551,0.6894854172098073,12,32,False,[]
fake_guadalupe,3,qft,4,15,0.0,0,qiskit_L0,fidelity,0.8154296875,0.6894854257850398,0.6894851670903551,0.6894854172098073,12,32,False,[]
fake_guadalupe,3,qft,0,15,0.0,0,qiskit_L1,fidelity,0.83984375,0.6970575314536998,0.6970573073307569,0.6970575269143271,12,26,False,[]
fake_guadalupe,3,qft,1,15,0.0,0,qiskit_L1,fidelity,0.8310546875000001,0.6970575314536998,0.6970573073307569,0.6970575269143271,12,26,False,[]
fake_guadalupe,3,qft,2,15,0.0,0,qiskit_L1,fidelity,0.857421875,0.6970575314536998,0.6970573073307569,0.6970575269143271,12,26,False,[]
fake_guadalupe,3,qft,3,15,0.0,0,qiskit_L1,fidelity,0.8427734375,0.6970575314536998,0.6970573073307569,0.6970575269143271,12,26,False,[]
fake_guadalupe,3,qft,4,15,0.0,0,qiskit_L1,fidelity,0.8271484375000001,0.6970575314536998,0.6970573073307569,0.6970575269143271,12,26,False,[]
fake_guadalupe,3,qft,0,15,0.0,0,qiskit_L3,fidelity,0.8896484375000001,0.8328540218219276,0.8328536487272857,0.832854017424782,9,23,False,[]
fake_guadalupe,3,qft,1,15,0.0,0,qiskit_L3,fidelity,0.8818359375000001,0.8328540218219276,0.8328536487272857,0.832854017424782,9,23,False,[]
fake_guadalupe,3,qft,2,15,0.0,0,qiskit_L3,fidelity,0.908203125,0.8328540218219276,0.8328536487272857,0.832854017424782,9,23,False,[]
fake_guadalupe,3,qft,3,15,0.0,0,qiskit_L3,fidelity,0.8935546875,0.8328540218219276,0.8328536487272857,0.832854017424782,9,23,False,[]
fake_guadalupe,3,qft,4,15,0.0,0,qiskit_L3,fidelity,0.8935546875,0.8328540218219276,0.8328536487272857,0.832854017424782,9,23,False,[]
fake_guadalupe,3,qft,0,15,0.0,0,esp_no_thermal,fidelity,0.87890625,0.8022285900618221,0.8022282306864926,0.8022285847161211,12,24,False,[]
fake_guadalupe,3,qft,1,15,0.0,0,esp_no_thermal,fidelity,0.875,0.8022285900618221,0.8022282306864926,0.8022285847161211,12,24,False,[]
fake_guadalupe,3,qft,2,15,0.0,0,esp_no_thermal,fidelity,0.890625,0.8022285900618221,0.8022282306864926,0.8022285847161211,12,24,False,[]
fake_guadalupe,3,qft,3,15,0.0,0,esp_no_thermal,fidelity,0.8779296875,0.8022285900618221,0.8022282306864926,0.8022285847161211,12,24,False,[]
fake_guadalupe,3,qft,4,15,0.0,0,esp_no_thermal,fidelity,0.8818359375000001,0.8022285900618221,0.8022282306864926,0.8022285847161211,12,24,False,[]
fake_guadalupe,3,qft,0,15,0.0,0,esp_thermal,fidelity,0.87890625,0.8022285900618221,0.8022282306864926,0.8022285847161211,12,24,False,[]
fake_guadalupe,3,qft,1,15,0.0,0,esp_thermal,fidelity,0.875,0.8022285900618221,0.8022282306864926,0.8022285847161211,12,24,False,[]
fake_guadalupe,3,qft,2,15,0.0,0,esp_thermal,fidelity,0.890625,0.8022285900618221,0.8022282306864926,0.8022285847161211,12,24,False,[]
fake_guadalupe,3,qft,3,15,0.0,0,esp_thermal,fidelity,0.8779296875,0.8022285900618221,0.8022282306864926,0.8022285847161211,12,24,False,[]
fake_guadalupe,3,qft,4,15,0.0,0,esp_thermal,fidelity,0.8818359375000001,0.8022285900618221,0.8022282306864926,0.8022285847161211,12,24,False,[]
fake_guadalupe,3,qft,0,15,0.4,0,qiskit_L0,fidelity,0.833984375,0.6894854257850398,0.6791892173225169,0.6890708537991774,12,32,False,"[1, 6, 8, 9, 13, 4, 2]"
fake_guadalupe,3,qft,1,15,0.4,0,qiskit_L0,fidelity,0.8193359375000001,0.6894854257850398,0.6791892173225169,0.6890708537991774,12,32,False,"[1, 6, 8, 9, 13, 4, 2]"
fake_guadalupe,3,qft,2,15,0.4,0,qiskit_L0,fidelity,0.83984375,0.6894854257850398,0.6791892173225169,0.6890708537991774,12,32,False,"[1, 6, 8, 9, 13, 4, 2]"
fake_guadalupe,3,qft,3,15,0.4,0,qiskit_L0,fidelity,0.8193359375000001,0.6894854257850398,0.6791892173225169,0.6890708537991774,12,32,False,"[1, 6, 8, 9, 13, 4, 2]"
fake_guadalupe,3,qft,4,15,0.4,0,qiskit_L0,fidelity,0.8154296875,0.6894854257850398,0.6791892173225169,0.6890708537991774,12,32,False,"[1, 6, 8, 9, 13, 4, 2]"
fake_guadalupe,3,qft,0,15,0.4,0,qiskit_L1,fidelity,0.83984375,0.6970575314536998,0.6912690214270105,0.6969947378553316,12,26,False,"[1, 6, 8, 9, 13, 4, 2]"
fake_guadalupe,3,qft,1,15,0.4,0,qiskit_L1,fidelity,0.8310546875000001,0.6970575314536998,0.6912690214270105,0.6969947378553316,12,26,False,"[1, 6, 8, 9, 13, 4, 2]"
fake_guadalupe,3,qft,2,15,0.4,0,qiskit_L1,fidelity,0.857421875,0.6970575314536998,0.6912690214270105,0.6969947378553316,12,26,False,"[1, 6, 8, 9, 13, 4, 2]"
fake_guadalupe,3,qft,3,15,0.4,0,qiskit_L1,fidelity,0.8427734375,0.6970575314536998,0.6912690214270105,0.6969947378553316,12,26,False,"[1, 6, 8, 9, 13, 4, 2]"
fake_guadalupe,3,qft,4,15,0.4,0,qiskit_L1,fidelity,0.8271484375000001,0.6970575314536998,0.6912690214270105,0.6969947378553316,12,26,False,"[1, 6, 8, 9, 13, 4, 2]"
fake_guadalupe,3,qft,0,15,0.4,0,qiskit_L3,fidelity,0.8896484375000001,0.8328540218219276,0.8251797901742232,0.8327932830221871,9,23,False,"[1, 6, 8, 9, 13, 4, 2]"
fake_guadalupe,3,qft,1,15,0.4,0,qiskit_L3,fidelity,0.8818359375000001,0.8328540218219276,0.8251797901742232,0.8327932830221871,9,23,False,"[1, 6, 8, 9, 13, 4, 2]"
fake_guadalupe,3,qft,2,15,0.4,0,qiskit_L3,fidelity,0.908203125,0.8328540218219276,0.8251797901742232,0.8327932830221871,9,23,False,"[1, 6, 8, 9, 13, 4, 2]"
fake_guadalupe,3,qft,3,15,0.4,0,qiskit_L3,fidelity,0.8925781250000001,0.8328540218219276,0.8251797901742232,0.8327932830221871,9,23,False,"[1, 6, 8, 9, 13, 4, 2]"
fake_guadalupe,3,qft,4,15,0.4,0,qiskit_L3,fidelity,0.8935546875,0.8328540218219276,0.8251797901742232,0.8327932830221871,9,23,False,"[1, 6, 8, 9, 13, 4, 2]"
fake_guadalupe,3,qft,0,15,0.4,0,esp_no_thermal,fidelity,0.87890625,0.8022285900618221,0.794836552714055,0.8021387337757901,12,24,False,"[1, 6, 8, 9, 13, 4, 2]"
fake_guadalupe,3,qft,1,15,0.4,0,esp_no_thermal,fidelity,0.875,0.8022285900618221,0.794836552714055,0.8021387337757901,12,24,False,"[1, 6, 8, 9, 13, 4, 2]"
fake_guadalupe,3,qft,2,15,0.4,0,esp_no_thermal,fidelity,0.890625,0.8022285900618221,0.794836552714055,0.8021387337757901,12,24,False,"[1, 6, 8, 9, 13, 4, 2]"
fake_guadalupe,3,qft,3,15,0.4,0,esp_no_thermal,fidelity,0.8779296875,0.8022285900618221,0.794836552714055,0.8021387337757901,12,24,False,"[1, 6, 8, 9, 13, 4, 2]"
fake_guadalupe,3,qft,4,15,0.4,0,esp_no_thermal,fidelity,0.8818359375000001,0.8022285900618221,0.794836552714055,0.8021387337757901,12,24,False,"[1, 6, 8, 9, 13, 4, 2]"
fake_guadalupe,3,qft,0,15,0.4,0,esp_thermal,fidelity,0.87890625,0.8022285900618221,0.794836552714055,0.8021387337757901,12,24,False,"[1, 6, 8, 9, 13, 4, 2]"
fake_guadalupe,3,qft,1,15,0.4,0,esp_thermal,fidelity,0.875,0.8022285900618221,0.794836552714055,0.8021387337757901,12,24,False,"[1, 6, 8, 9, 13, 4, 2]"
fake_guadalupe,3,qft,2,15,0.4,0,esp_thermal,fidelity,0.890625,0.8022285900618221,0.794836552714055,0.8021387337757901,12,24,False,"[1, 6, 8, 9, 13, 4, 2]"
fake_guadalupe,3,qft,3,15,0.4,0,esp_thermal,fidelity,0.8779296875,0.8022285900618221,0.794836552714055,0.8021387337757901,12,24,False,"[1, 6, 8, 9, 13, 4, 2]"
fake_guadalupe,3,qft,4,15,0.4,0,esp_thermal,fidelity,0.8818359375000001,0.8022285900618221,0.794836552714055,0.8021387337757901,12,24,False,"[1, 6, 8, 9, 13, 4, 2]"
fake_guadalupe,3,qft,0,50,0.0,0,qiskit_L0,fidelity,0.8330078125,0.6894854257850398,0.6618105819267559,0.6885666487920483,12,32,False,[]
fake_guadalupe,3,qft,1,50,0.0,0,qiskit_L0,fidelity,0.8183593749999999,0.6894854257850398,0.6618105819267559,0.6885666487920483,12,32,False,[]
fake_guadalupe,3,qft,2,50,0.0,0,qiskit_L0,fidelity,0.83984375,0.6894854257850398,0.6618105819267559,0.6885666487920483,12,32,False,[]
fake_guadalupe,3,qft,3,50,0.0,0,qiskit_L0,fidelity,0.8193359375000001,0.6894854257850398,0.6618105819267559,0.6885666487920483,12,32,False,[]
fake_guadalupe,3,qft,4,50,0.0,0,qiskit_L0,fidelity,0.8154296875,0.6894854257850398,0.6618105819267559,0.6885666487920483,12,32,False,[]
fake_guadalupe,3,qft,0,50,0.0,0,qiskit_L1,fidelity,0.83984375,0.6970575314536998,0.6705141901164858,0.6964975822720667,12,26,False,[]
fake_guadalupe,3,qft,1,50,0.0,0,qiskit_L1,fidelity,0.8310546875000001,0.6970575314536998,0.6705141901164858,0.6964975822720667,12,26,False,[]
fake_guadalupe,3,qft,2,50,0.0,0,qiskit_L1,fidelity,0.857421875,0.6970575314536998,0.6705141901164858,0.6964975822720667,12,26,False,[]
fake_guadalupe,3,qft,3,50,0.0,0,qiskit_L1,fidelity,0.841796875,0.6970575314536998,0.6705141901164858,0.6964975822720667,12,26,False,[]
fake_guadalupe,3,qft,4,50,0.0,0,qiskit_L1,fidelity,0.8271484375000001,0.6970575314536998,0.6705141901164858,0.6964975822720667,12,26,False,[]
fake_guadalupe,3,qft,0,50,0.0,0,qiskit_L3,fidelity,0.8896484375000001,0.8328540218219276,0.7977031572708713,0.8323897223391675,9,23,False,[]
fake_guadalupe,3,qft,1,50,0.0,0,qiskit_L3,fidelity,0.8818359375000001,0.8328540218219276,0.7977031572708713,0.8323897223391675,9,23,False,[]
fake_guadalupe,3,qft,2,50,0.0,0,qiskit_L3,fidelity,0.908203125,0.8328540218219276,0.7977031572708713,0.8323897223391675,9,23,False,[]
fake_guadalupe,3,qft,3,50,0.0,0,qiskit_L3,fidelity,0.8925781250000001,0.8328540218219276,0.7977031572708713,0.8323897223391675,9,23,False,[]
fake_guadalupe,3,qft,4,50,0.0,0,qiskit_L3,fidelity,0.8935546875,0.8328540218219276,0.7977031572708713,0.8323897223391675,9,23,False,[]
fake_guadalupe,3,qft,0,50,0.0,0,esp_no_thermal,fidelity,0.87890625,0.8022285900618221,0.7683702814394292,0.8016714213596805,12,24,False,[]
fake_guadalupe,3,qft,1,50,0.0,0,esp_no_thermal,fidelity,0.875,0.8022285900618221,0.7683702814394292,0.8016714213596805,12,24,False,[]
fake_guadalupe,3,qft,2,50,0.0,0,esp_no_thermal,fidelity,0.890625,0.8022285900618221,0.7683702814394292,0.8016714213596805,12,24,False,[]
fake_guadalupe,3,qft,3,50,0.0,0,esp_no_thermal,fidelity,0.8779296875,0.8022285900618221,0.7683702814394292,0.8016714213596805,12,24,False,[]
fake_guadalupe,3,qft,4,50,0.0,0,esp_no_thermal,fidelity,0.8818359375000001,0.8022285900618221,0.7683702814394292,0.8016714213596805,12,24,False,[]
fake_guadalupe,3,qft,0,50,0.0,0,esp_thermal,fidelity,0.87890625,0.8022285900618221,0.7683702814394292,0.8016714213596805,12,24,False,[]
fake_guadalupe,3,qft,1,50,0.0,0,esp_thermal,fidelity,0.875,0.8022285900618221,0.7683702814394292,0.8016714213596805,12,24,False,[]
fake_guadalupe,3,qft,2,50,0.0,0,esp_thermal,fidelity,0.890625,0.8022285900618221,0.7683702814394292,0.8016714213596805,12,24,False,[]
fake_guadalupe,3,qft,3,50,0.0,0,esp_thermal,fidelity,0.8779296875,0.8022285900618221,0.7683702814394292,0.8016714213596805,12,24,False,[]
fake_guadalupe,3,qft,4,50,0.0,0,esp_thermal,fidelity,0.8818359375000001,0.8022285900618221,0.7683702814394292,0.8016714213596805,12,24,False,[]
fake_guadalupe,3,qft,0,50,0.4,0,qiskit_L0,fidelity,0.8154296875,0.6894854257850398,0.34189112126423743,0.6725177721042598,12,32,True,"[1, 6, 8, 9, 13, 4, 2]"
fake_guadalupe,3,qft,1,50,0.4,0,qiskit_L0,fidelity,0.8056640625,0.6894854257850398,0.34189112126423743,0.6725177721042598,12,32,True,"[1, 6, 8, 9, 13, 4, 2]"
fake_guadalupe,3,qft,2,50,0.4,0,qiskit_L0,fidelity,0.8242187499999999,0.6894854257850398,0.34189112126423743,0.6725177721042598,12,32,True,"[1, 6, 8, 9, 13, 4, 2]"
fake_guadalupe,3,qft,3,50,0.4,0,qiskit_L0,fidelity,0.8046875,0.6894854257850398,0.34189112126423743,0.6725177721042598,12,32,True,"[1, 6, 8, 9, 13, 4, 2]"
fake_guadalupe,3,qft,4,50,0.4,0,qiskit_L0,fidelity,0.7988281249999999,0.6894854257850398,0.34189112126423743,0.6725177721042598,12,32,True,"[1, 6, 8, 9, 13, 4, 2]"
fake_guadalupe,3,qft,0,50,0.4,0,qiskit_L1,fidelity,0.83984375,0.6970575314536998,0.47768617500010996,0.6941658215176807,12,26,True,"[1, 6, 8, 9, 13, 4, 2]"
fake_guadalupe,3,qft,1,50,0.4,0,qiskit_L1,fidelity,0.8310546875000001,0.6970575314536998,0.47768617500010996,0.6941658215176807,12,26,True,"[1, 6, 8, 9, 13, 4, 2]"
fake_guadalupe,3,qft,2,50,0.4,0,qiskit_L1,fidelity,0.8564453125,0.6970575314536998,0.47768617500010996,0.6941658215176807,12,26,True,"[1, 6, 8, 9, 13, 4, 2]"
fake_guadalupe,3,qft,3,50,0.4,0,qiskit_L1,fidelity,0.83984375,0.6970575314536998,0.47768617500010996,0.6941658215176807,12,26,True,"[1, 6, 8, 9, 13, 4, 2]"
fake_guadalupe,3,qft,4,50,0.4,0,qiskit_L1,fidelity,0.8271484375000001,0.6970575314536998,0.47768617500010996,0.6941658215176807,12,26,True,"[1, 6, 8, 9, 13, 4, 2]"
fake_guadalupe,3,qft,0,50,0.4,0,qiskit_L3,fidelity,0.8896484375000001,0.8328540218219276,0.5632660077982703,0.8303089729428884,9,23,True,"[1, 6, 8, 9, 13, 4, 2]"
fake_guadalupe,3,qft,1,50,0.4,0,qiskit_L3,fidelity,0.8818359375000001,0.8328540218219276,0.5632660077982703,0.8303089729428884,9,23,True,"[1, 6, 8, 9, 13, 4, 2]"
fake_guadalupe,3,qft,2,50,0.4,0,qiskit_L3,fidelity,0.908203125,0.8328540218219276,0.5632660077982703,0.8303089729428884,9,23,True,"[1, 6, 8, 9, 13, 4, 2]"
fake_guadalupe,3,qft,3,50,0.4,0,qiskit_L3,fidelity,0.8916015625,0.8328540218219276,0.5632660077982703,0.8303089729428884,9,23,True,"[1, 6, 8, 9, 13, 4, 2]"
fake_guadalupe,3,qft,4,50,0.4,0,qiskit_L3,fidelity,0.8916015625,0.8328540218219276,0.5632660077982703,0.8303089729428884,9,23,True,"[1, 6, 8, 9, 13, 4, 2]"
fake_guadalupe,3,qft,0,50,0.4,0,esp_no_thermal,fidelity,0.876953125,0.8022285900618221,0.5425537770439819,0.7985955914724594,12,24,True,"[1, 6, 8, 9, 13, 4, 2]"
fake_guadalupe,3,qft,1,50,0.4,0,esp_no_thermal,fidelity,0.8720703125,0.8022285900618221,0.5425537770439819,0.7985955914724594,12,24,True,"[1, 6, 8, 9, 13, 4, 2]"
fake_guadalupe,3,qft,2,50,0.4,0,esp_no_thermal,fidelity,0.888671875,0.8022285900618221,0.5425537770439819,0.7985955914724594,12,24,True,"[1, 6, 8, 9, 13, 4, 2]"
fake_guadalupe,3,qft,3,50,0.4,0,esp_no_thermal,fidelity,0.8759765624999999,0.8022285900618221,0.5425537770439819,0.7985955914724594,12,24,True,"[1, 6, 8, 9, 13, 4, 2]"
fake_guadalupe,3,qft,4,50,0.4,0,esp_no_thermal,fidelity,0.8779296875,0.8022285900618221,0.5425537770439819,0.7985955914724594,12,24,True,"[1, 6, 8, 9, 13, 4, 2]"
fake_guadalupe,3,qft,0,50,0.4,0,esp_thermal,fidelity,0.8476562500000001,0.7614541060253269,0.7336641068426816,0.7608646351191714,12,24,True,"[1, 6, 8, 9, 13, 4, 2]"
fake_guadalupe,3,qft,1,50,0.4,0,esp_thermal,fidelity,0.8330078125,0.7614541060253269,0.7336641068426816,0.7608646351191714,12,24,True,"[1, 6, 8, 9, 13, 4, 2]"
fake_guadalupe,3,qft,2,50,0.4,0,esp_thermal,fidelity,0.8544921875,0.7614541060253269,0.7336641068426816,0.7608646351191714,12,24,True,"[1, 6, 8, 9, 13, 4, 2]"
fake_guadalupe,3,qft,3,50,0.4,0,esp_thermal,fidelity,0.8320312499999999,0.7614541060253269,0.7336641068426816,0.7608646351191714,12,24,True,"[1, 6, 8, 9, 13, 4, 2]"
fake_guadalupe,3,qft,4,50,0.4,0,esp_thermal,fidelity,0.8251953125000001,0.7614541060253269,0.7336641068426816,0.7608646351191714,12,24,True,"[1, 6, 8, 9, 13, 4, 2]"
fake_guadalupe,3,qft,0,120,0.0,0,qiskit_L0,fidelity,0.822265625,0.6894854257850398,0.33960028383886254,0.6746860679899243,12,32,True,[]
fake_guadalupe,3,qft,1,120,0.0,0,qiskit_L0,fidelity,0.8076171875000001,0.6894854257850398,0.33960028383886254,0.6746860679899243,12,32,True,[]
fake_guadalupe,3,qft,2,120,0.0,0,qiskit_L0,fidelity,0.828125,0.6894854257850398,0.33960028383886254,0.6746860679899243,12,32,True,[]
fake_guadalupe,3,qft,3,120,0.0,0,qiskit_L0,fidelity,0.80859375,0.6894854257850398,0.33960028383886254,0.6746860679899243,12,32,True,[]
fake_guadalupe,3,qft,4,120,0.0,0,qiskit_L0,fidelity,0.8046875,0.6894854257850398,0.33960028383886254,0.6746860679899243,12,32,True,[]
fake_guadalupe,3,qft,0,120,0.0,0,qiskit_L1,fidelity,0.83984375,0.6970575314536998,0.3486854504575893,0.6876034811980051,12,26,True,[]
fake_guadalupe,3,qft,1,120,0.0,0,qiskit_L1,fidelity,0.8251953125000001,0.6970575314536998,0.3486854504575893,0.6876034811980051,12,26,True,[]
fake_guadalupe,3,qft,2,120,0.0,0,qiskit_L1,fidelity,0.8496093750000001,0.6970575314536998,0.3486854504575893,0.6876034811980051,12,26,True,[]
fake_guadalupe,3,qft,3,120,0.0,0,qiskit_L1,fidelity,0.8330078125,0.6970575314536998,0.3486854504575893,0.6876034811980051,12,26,True,[]
fake_guadalupe,3,qft,4,120,0.0,0,qiskit_L1,fidelity,0.8242187499999999,0.6970575314536998,0.3486854504575893,0.6876034811980051,12,26,True,[]
fake_guadalupe,3,qft,0,120,0.0,0,qiskit_L3,fidelity,0.88671875,0.8328540218219276,0.40437651480569603,0.8253321283418729,9,23,True,[]
fake_guadalupe,3,qft,1,120,0.0,0,qiskit_L3,fidelity,0.8808593750000001,0.8328540218219276,0.40437651480569603,0.8253321283418729,9,23,True,[]
fake_guadalupe,3,qft,2,120,0.0,0,qiskit_L3,fidelity,0.9033203125,0.8328540218219276,0.40437651480569603,0.8253321283418729,9,23,True,[]
fake_guadalupe,3,qft,3,120,0.0,0,qiskit_L3,fidelity,0.8896484375000001,0.8328540218219276,0.40437651480569603,0.8253321283418729,9,23,True,[]
fake_guadalupe,3,qft,4,120,0.0,0,qiskit_L3,fidelity,0.8837890625,0.8328540218219276,0.40437651480569603,0.8253321283418729,9,23,True,[]
fake_guadalupe,3,qft,0,120,0.0,0,esp_no_thermal,fidelity,0.8740234375,0.8022285900618221,0.3895069157702255,0.7932362756716919,12,24,True,[]
fake_guadalupe,3,qft,1,120,0.0,0,esp_no_thermal,fidelity,0.8662109375000001,0.8022285900618221,0.3895069157702255,0.7932362756716919,12,24,True,[]
fake_guadalupe,3,qft,2,120,0.0,0,esp_no_thermal,fidelity,0.8857421875,0.8022285900618221,0.3895069157702255,0.7932362756716919,12,24,True,[]
fake_guadalupe,3,qft,3,120,0.0,0,esp_no_thermal,fidelity,0.8720703125,0.8022285900618221,0.3895069157702255,0.7932362756716919,12,24,True,[]
fake_guadalupe,3,qft,4,120,0.0,0,esp_no_thermal,fidelity,0.8740234375,0.8022285900618221,0.3895069157702255,0.7932362756716919,12,24,True,[]
fake_guadalupe,3,qft,0,120,0.0,0,esp_thermal,fidelity,0.8544921875,0.7679831172624416,0.3915317475883216,0.7564780913048799,12,24,True,[]
fake_guadalupe,3,qft,1,120,0.0,0,esp_thermal,fidelity,0.8525390625000001,0.7679831172624416,0.3915317475883216,0.7564780913048799,12,24,True,[]
fake_guadalupe,3,qft,2,120,0.0,0,esp_thermal,fidelity,0.8730468750000001,0.7679831172624416,0.3915317475883216,0.7564780913048799,12,24,True,[]
fake_guadalupe,3,qft,3,120,0.0,0,esp_thermal,fidelity,0.8535156249999999,0.7679831172624416,0.3915317475883216,0.7564780913048799,12,24,True,[]
fake_guadalupe,3,qft,4,120,0.0,0,esp_thermal,fidelity,0.8496093750000001,0.7679831172624416,0.3915317475883216,0.7564780913048799,12,24,True,[]
fake_guadalupe,3,qft,0,120,0.4,0,qiskit_L0,fidelity,0.814453125,0.6894854257850398,0.2720193171290741,0.6696760401291223,12,32,True,"[1, 6, 8, 9, 13, 4, 2]"
fake_guadalupe,3,qft,1,120,0.4,0,qiskit_L0,fidelity,0.8056640625,0.6894854257850398,0.2720193171290741,0.6696760401291223,12,32,True,"[1, 6, 8, 9, 13, 4, 2]"
fake_guadalupe,3,qft,2,120,0.4,0,qiskit_L0,fidelity,0.8232421874999999,0.6894854257850398,0.2720193171290741,0.6696760401291223,12,32,True,"[1, 6, 8, 9, 13, 4, 2]"
fake_guadalupe,3,qft,3,120,0.4,0,qiskit_L0,fidelity,0.8046875,0.6894854257850398,0.2720193171290741,0.6696760401291223,12,32,True,"[1, 6, 8, 9, 13, 4, 2]"
fake_guadalupe,3,qft,4,120,0.4,0,qiskit_L0,fidelity,0.7968750000000001,0.6894854257850398,0.2720193171290741,0.6696760401291223,12,32,True,"[1, 6, 8, 9, 13, 4, 2]"
fake_guadalupe,3,qft,0,120,0.4,0,qiskit_L1,fidelity,0.83984375,0.6970575314536998,0.3116606739363345,0.6868832054430147,12,26,True,"[1, 6, 8, 9, 13, 4, 2]"
fake_guadalupe,3,qft,1,120,0.4,0,qiskit_L1,fidelity,0.8251953125000001,0.6970575314536998,0.3116606739363345,0.6868832054430147,12,26,True,"[1, 6, 8, 9, 13, 4, 2]"
fake_guadalupe,3,qft,2,120,0.4,0,qiskit_L1,fidelity,0.8496093750000001,0.6970575314536998,0.3116606739363345,0.6868832054430147,12,26,True,"[1, 6, 8, 9, 13, 4, 2]"
fake_guadalupe,3,qft,3,120,0.4,0,qiskit_L1,fidelity,0.8330078125,0.6970575314536998,0.3116606739363345,0.6868832054430147,12,26,True,"[1, 6, 8, 9, 13, 4, 2]"
fake_guadalupe,3,qft,4,120,0.4,0,qiskit_L1,fidelity,0.8242187499999999,0.6970575314536998,0.3116606739363345,0.6868832054430147,12,26,True,"[1, 6, 8, 9, 13, 4, 2]"
fake_guadalupe,3,qft,0,120,0.4,0,qiskit_L3,fidelity,0.88671875,0.8328540218219276,0.3609930195140309,0.8246976590634587,9,23,True,"[1, 6, 8, 9, 13, 4, 2]"
fake_guadalupe,3,qft,1,120,0.4,0,qiskit_L3,fidelity,0.8808593750000001,0.8328540218219276,0.3609930195140309,0.8246976590634587,9,23,True,"[1, 6, 8, 9, 13, 4, 2]"
fake_guadalupe,3,qft,2,120,0.4,0,qiskit_L3,fidelity,0.9033203125,0.8328540218219276,0.3609930195140309,0.8246976590634587,9,23,True,"[1, 6, 8, 9, 13, 4, 2]"
fake_guadalupe,3,qft,3,120,0.4,0,qiskit_L3,fidelity,0.8896484375000001,0.8328540218219276,0.3609930195140309,0.8246976590634587,9,23,True,"[1, 6, 8, 9, 13, 4, 2]"
fake_guadalupe,3,qft,4,120,0.4,0,qiskit_L3,fidelity,0.8828125,0.8328540218219276,0.3609930195140309,0.8246976590634587,9,23,True,"[1, 6, 8, 9, 13, 4, 2]"
fake_guadalupe,3,qft,0,120,0.4,0,esp_no_thermal,fidelity,0.8730468750000001,0.8022285900618221,0.34771870397333565,0.7922998855150063,12,24,True,"[1, 6, 8, 9, 13, 4, 2]"
fake_guadalupe,3,qft,1,120,0.4,0,esp_no_thermal,fidelity,0.8662109375000001,0.8022285900618221,0.34771870397333565,0.7922998855150063,12,24,True,"[1, 6, 8, 9, 13, 4, 2]"
fake_guadalupe,3,qft,2,120,0.4,0,esp_no_thermal,fidelity,0.8847656249999999,0.8022285900618221,0.34771870397333565,0.7922998855150063,12,24,True,"[1, 6, 8, 9, 13, 4, 2]"
fake_guadalupe,3,qft,3,120,0.4,0,esp_no_thermal,fidelity,0.8720703125,0.8022285900618221,0.34771870397333565,0.7922998855150063,12,24,True,"[1, 6, 8, 9, 13, 4, 2]"
fake_guadalupe,3,qft,4,120,0.4,0,esp_no_thermal,fidelity,0.87109375,0.8022285900618221,0.34771870397333565,0.7922998855150063,12,24,True,"[1, 6, 8, 9, 13, 4, 2]"
fake_guadalupe,3,qft,0,120,0.4,0,esp_thermal,fidelity,0.8408203125,0.7614541060253269,0.3852138410339845,0.7510110969637833,12,24,True,"[1, 6, 8, 9, 13, 4, 2]"
fake_guadalupe,3,qft,1,120,0.4,0,esp_thermal,fidelity,0.828125,0.7614541060253269,0.3852138410339845,0.7510110969637833,12,24,True,"[1, 6, 8, 9, 13, 4, 2]"
fake_guadalupe,3,qft,2,120,0.4,0,esp_thermal,fidelity,0.8535156249999999,0.7614541060253269,0.3852138410339845,0.7510110969637833,12,24,True,"[1, 6, 8, 9, 13, 4, 2]"
fake_guadalupe,3,qft,3,120,0.4,0,esp_thermal,fidelity,0.8261718750000001,0.7614541060253269,0.3852138410339845,0.7510110969637833,12,24,True,"[1, 6, 8, 9, 13, 4, 2]"
fake_guadalupe,3,qft,4,120,0.4,0,esp_thermal,fidelity,0.8203124999999999,0.7614541060253269,0.3852138410339845,0.7510110969637833,12,24,True,"[1, 6, 8, 9, 13, 4, 2]"
fake_guadalupe,3,routing,0,15,0.0,0,qiskit_L0,fidelity,0.9920058056764802,0.7820390711094424,0.7820387776886631,0.7820390631495625,9,13,False,[]
fake_guadalupe,3,routing,1,15,0.0,0,qiskit_L0,fidelity,0.9952994792076493,0.7820390711094424,0.7820387776886631,0.7820390631495625,9,13,False,[]
fake_guadalupe,3,routing,2,15,0.0,0,qiskit_L0,fidelity,0.997490722630096,0.7820390711094424,0.7820387776886631,0.7820390631495625,9,13,False,[]
fake_guadalupe,3,routing,3,15,0.0,0,qiskit_L0,fidelity,0.9972745299140283,0.7820390711094424,0.7820387776886631,0.7820390631495625,9,13,False,[]
fake_guadalupe,3,routing,4,15,0.0,0,qiskit_L0,fidelity,0.9962494373178868,0.7820390711094424,0.7820387776886631,0.7820390631495625,9,13,False,[]
fake_guadalupe,3,routing,0,15,0.0,0,qiskit_L1,fidelity,0.9948649126578599,0.8289091392420969,0.8289088727252782,0.8289091362581588,6,10,False,[]
fake_guadalupe,3,routing,1,15,0.0,0,qiskit_L1,fidelity,0.9988992186670765,0.8289091392420969,0.8289088727252782,0.8289091362581588,6,10,False,[]
fake_guadalupe,3,routing,2,15,0.0,0,qiskit_L1,fidelity,0.9975646869448787,0.8289091392420969,0.8289088727252782,0.8289091362581588,6,10,False,[]
fake_guadalupe,3,routing,3,15,0.0,0,qiskit_L1,fidelity,0.9978299318798758,0.8289091392420969,0.8289088727252782,0.8289091362581588,6,10,False,[]
fake_guadalupe,3,routing,4,15,0.0,0,qiskit_L1,fidelity,0.9951328299449861,0.8289091392420969,0.8289088727252782,0.8289091362581588,6,10,False,[]
fake_guadalupe,3,routing,0,15,0.0,0,qiskit_L3,fidelity,0.9939061312374239,0.9026061706924886,0.9026057663508907,0.9026061685786104,4,8,False,[]
fake_guadalupe,3,routing,1,15,0.0,0,qiskit_L3,fidelity,0.9966647927905405,0.9026061706924886,0.9026057663508907,0.9026061685786104,4,8,False,[]
fake_guadalupe,3,routing,2,15,0.0,0,qiskit_L3,fidelity,0.9969990174856415,0.9026061706924886,0.9026057663508907,0.9026061685786104,4,8,False,[]
fake_guadalupe,3,routing,3,15,0.0,0,qiskit_L3,fidelity,0.9989144363587602,0.9026061706924886,0.9026057663508907,0.9026061685786104,4,8,False,[]
fake_guadalupe,3,routing,4,15,0.0,0,qiskit_L3,fidelity,0.9965780056358573,0.9026061706924886,0.9026057663508907,0.9026061685786104,4,8,False,[]
fake_guadalupe,3,routing,0,15,0.0,0,esp_no_thermal,fidelity,0.9932168331146956,0.9032843223074006,0.9032839176620103,0.9032843202386546,4,8,False,[]
fake_guadalupe,3,routing,1,15,0.0,0,esp_no_thermal,fidelity,0.9964449659970296,0.9032843223074006,0.9032839176620103,0.9032843202386546,4,8,False,[]
fake_guadalupe,3,routing,2,15,0.0,0,esp_no_thermal,fidelity,0.9970325189602707,0.9032843223074006,0.9032839176620103,0.9032843202386546,4,8,False,[]
fake_guadalupe,3,routing,3,15,0.0,0,esp_no_thermal,fidelity,0.9973785586386332,0.9032843223074006,0.9032839176620103,0.9032843202386546,4,8,False,[]
fake_guadalupe,3,routing,4,15,0.0,0,esp_no_thermal,fidelity,0.9969258431977799,0.9032843223074006,0.9032839176620103,0.9032843202386546,4,8,False,[]
fake_guadalupe,3,routing,0,15,0.0,0,esp_thermal,fidelity,0.9932168331146956,0.9032843223074006,0.9032839176620103,0.9032843202386546,4,8,False,[]
fake_guadalupe,3,routing,1,15,0.0,0,esp_thermal,fidelity,0.9964449659970296,0.9032843223074006,0.9032839176620103,0.9032843202386546,4,8,False,[]
fake_guadalupe,3,routing,2,15,0.0,0,esp_thermal,fidelity,0.9970325189602707,0.9032843223074006,0.9032839176620103,0.9032843202386546,4,8,False,[]
fake_guadalupe,3,routing,3,15,0.0,0,esp_thermal,fidelity,0.9973785586386332,0.9032843223074006,0.9032839176620103,0.9032843202386546,4,8,False,[]
fake_guadalupe,3,routing,4,15,0.0,0,esp_thermal,fidelity,0.9969258431977799,0.9032843223074006,0.9032839176620103,0.9032843202386546,4,8,False,[]
fake_guadalupe,3,routing,0,15,0.4,0,qiskit_L0,fidelity,0.9921744236607977,0.7820390711094424,0.7703607426040753,0.781760157851158,9,13,False,"[1, 6, 8, 9, 13, 4, 2]"
fake_guadalupe,3,routing,1,15,0.4,0,qiskit_L0,fidelity,0.9952994792076493,0.7820390711094424,0.7703607426040753,0.781760157851158,9,13,False,"[1, 6, 8, 9, 13, 4, 2]"
fake_guadalupe,3,routing,2,15,0.4,0,qiskit_L0,fidelity,0.997490722630096,0.7820390711094424,0.7703607426040753,0.781760157851158,9,13,False,"[1, 6, 8, 9, 13, 4, 2]"
fake_guadalupe,3,routing,3,15,0.4,0,qiskit_L0,fidelity,0.9973284258592018,0.7820390711094424,0.7703607426040753,0.781760157851158,9,13,False,"[1, 6, 8, 9, 13, 4, 2]"
fake_guadalupe,3,routing,4,15,0.4,0,qiskit_L0,fidelity,0.9962494373178868,0.7820390711094424,0.7703607426040753,0.781760157851158,9,13,False,"[1, 6, 8, 9, 13, 4, 2]"
fake_guadalupe,3,routing,0,15,0.4,0,qiskit_L1,fidelity,0.9948240839887257,0.8289091392420969,0.8220257061720736,0.8288509984957743,6,10,False,"[1, 6, 8, 9, 13, 4, 2]"
fake_guadalupe,3,routing,1,15,0.4,0,qiskit_L1,fidelity,0.9988992186670765,0.8289091392420969,0.8220257061720736,0.8288509984957743,6,10,False,"[1, 6, 8, 9, 13, 4, 2]"
fake_guadalupe,3,routing,2,15,0.4,0,qiskit_L1,fidelity,0.9975680980733882,0.8289091392420969,0.8220257061720736,0.8288509984957743,6,10,False,"[1, 6, 8, 9, 13, 4, 2]"
fake_guadalupe,3,routing,3,15,0.4,0,qiskit_L1,fidelity,0.9978299318798758,0.8289091392420969,0.8220257061720736,0.8288509984957743,6,10,False,"[1, 6, 8, 9, 13, 4, 2]"
fake_guadalupe,3,routing,4,15,0.4,0,qiskit_L1,fidelity,0.9951328299449861,0.8289091392420969,0.8220257061720736,0.8288509984957743,6,10,False,"[1, 6, 8, 9, 13, 4, 2]"
fake_guadalupe,3,routing,0,15,0.4,0,qiskit_L3,fidelity,0.9939061312374239,0.9026061706924886,0.894289216389514,0.902579341449936,4,8,False,"[1, 6, 8, 9, 13, 4, 2]"
fake_guadalupe,3,routing,1,15,0.4,0,qiskit_L3,fidelity,0.9966647927905405,0.9026061706924886,0.894289216389514,0.902579341449936,4,8,False,"[1, 6, 8, 9, 13, 4, 2]"
fake_guadalupe,3,routing,2,15,0.4,0,qiskit_L3,fidelity,0.9969990174856415,0.9026061706924886,0.894289216389514,0.902579341449936,4,8,False,"[1, 6, 8, 9, 13, 4, 2]"
fake_guadalupe,3,routing,3,15,0.4,0,qiskit_L3,fidelity,0.9989144363587602,0.9026061706924886,0.894289216389514,0.902579341449936,4,8,False,"[1, 6, 8, 9, 13, 4, 2]"
fake_guadalupe,3,routing,4,15,0.4,0,qiskit_L3,fidelity,0.9965780056358573,0.9026061706924886,0.894289216389514,0.902579341449936,4,8,False,"[1, 6, 8, 9, 13, 4, 2]"
fake_guadalupe,3,routing,0,15,0.4,0,esp_no_thermal,fidelity,0.9932168331146956,0.9032843223074006,0.8949611192592093,0.9032587138906556,4,8,False,"[1, 6, 8, 9, 13, 4, 2]"
fake_guadalupe,3,routing,1,15,0.4,0,esp_no_thermal,fidelity,0.9964449659970296,0.9032843223074006,0.8949611192592093,0.9032587138906556,4,8,False,"[1, 6, 8, 9, 13, 4, 2]"
fake_guadalupe,3,routing,2,15,0.4,0,esp_no_thermal,fidelity,0.9970325189602707,0.9032843223074006,0.8949611192592093,0.9032587138906556,4,8,False,"[1, 6, 8, 9, 13, 4, 2]"
fake_guadalupe,3,routing,3,15,0.4,0,esp_no_thermal,fidelity,0.9973785586386332,0.9032843223074006,0.8949611192592093,0.9032587138906556,4,8,False,"[1, 6, 8, 9, 13, 4, 2]"
fake_guadalupe,3,routing,4,15,0.4,0,esp_no_thermal,fidelity,0.9969258431977799,0.9032843223074006,0.8949611192592093,0.9032587138906556,4,8,False,"[1, 6, 8, 9, 13, 4, 2]"
fake_guadalupe,3,routing,0,15,0.4,0,esp_thermal,fidelity,0.9932168331146956,0.9032843223074006,0.8949611192592093,0.9032587138906556,4,8,False,"[1, 6, 8, 9, 13, 4, 2]"
fake_guadalupe,3,routing,1,15,0.4,0,esp_thermal,fidelity,0.9964449659970296,0.9032843223074006,0.8949611192592093,0.9032587138906556,4,8,False,"[1, 6, 8, 9, 13, 4, 2]"
fake_guadalupe,3,routing,2,15,0.4,0,esp_thermal,fidelity,0.9970325189602707,0.9032843223074006,0.8949611192592093,0.9032587138906556,4,8,False,"[1, 6, 8, 9, 13, 4, 2]"
fake_guadalupe,3,routing,3,15,0.4,0,esp_thermal,fidelity,0.9973785586386332,0.9032843223074006,0.8949611192592093,0.9032587138906556,4,8,False,"[1, 6, 8, 9, 13, 4, 2]"
fake_guadalupe,3,routing,4,15,0.4,0,esp_thermal,fidelity,0.9969258431977799,0.9032843223074006,0.8949611192592093,0.9032587138906556,4,8,False,"[1, 6, 8, 9, 13, 4, 2]"
fake_guadalupe,3,routing,0,50,0.0,0,qiskit_L0,fidelity,0.9921744236607977,0.7820390711094424,0.7506492717392976,0.7812311847845245,9,13,False,[]
fake_guadalupe,3,routing,1,50,0.0,0,qiskit_L0,fidelity,0.9952994792076493,0.7820390711094424,0.7506492717392976,0.7812311847845245,9,13,False,[]
fake_guadalupe,3,routing,2,50,0.0,0,qiskit_L0,fidelity,0.997490722630096,0.7820390711094424,0.7506492717392976,0.7812311847845245,9,13,False,[]
fake_guadalupe,3,routing,3,50,0.0,0,qiskit_L0,fidelity,0.9973284258592018,0.7820390711094424,0.7506492717392976,0.7812311847845245,9,13,False,[]
fake_guadalupe,3,routing,4,50,0.0,0,qiskit_L0,fidelity,0.9963465361846766,0.7820390711094424,0.7506492717392976,0.7812311847845245,9,13,False,[]
fake_guadalupe,3,routing,0,50,0.0,0,qiskit_L1,fidelity,0.9948240839887257,0.8289091392420969,0.797345003962539,0.8285626471142429,6,10,False,[]
fake_guadalupe,3,routing,1,50,0.0,0,qiskit_L1,fidelity,0.9988948127733724,0.8289091392420969,0.797345003962539,0.8285626471142429,6,10,False,[]
fake_guadalupe,3,routing,2,50,0.0,0,qiskit_L1,fidelity,0.9975680980733882,0.8289091392420969,0.797345003962539,0.8285626471142429,6,10,False,[]
fake_guadalupe,3,routing,3,50,0.0,0,qiskit_L1,fidelity,0.9978299318798758,0.8289091392420969,0.797345003962539,0.8285626471142429,6,10,False,[]
fake_guadalupe,3,routing,4,50,0.0,0,qiskit_L1,fidelity,0.9951328299449861,0.8289091392420969,0.797345003962539,0.8285626471142429,6,10,False,[]
fake_guadalupe,3,routing,0,50,0.0,0,qiskit_L3,fidelity,0.9939061312374239,0.9026061706924886,0.8645113948762496,0.9023828701205466,4,8,False,[]
fake_guadalupe,3,routing,1,50,0.0,0,qiskit_L3,fidelity,0.9966647927905405,0.9026061706924886,0.8645113948762496,0.9023828701205466,4,8,False,[]
fake_guadalupe,3,routing,2,50,0.0,0,qiskit_L3,fidelity,0.9969969610780933,0.9026061706924886,0.8645113948762496,0.9023828701205466,4,8,False,[]
fake_guadalupe,3,routing,3,50,0.0,0,qiskit_L3,fidelity,0.9989144363587602,0.9026061706924886,0.8645113948762496,0.9023828701205466,4,8,False,[]
fake_guadalupe,3,routing,4,50,0.0,0,qiskit_L3,fidelity,0.9964457086268356,0.9026061706924886,0.8645113948762496,0.9023828701205466,4,8,False,[]
fake_guadalupe,3,routing,0,50,0.0,0,esp_no_thermal,fidelity,0.9932168331146956,0.9032843223074006,0.8651609248900932,0.9030655705081299,4,8,False,[]
fake_guadalupe,3,routing,1,50,0.0,0,esp_no_thermal,fidelity,0.9963659947829754,0.9032843223074006,0.8651609248900932,0.9030655705081299,4,8,False,[]
fake_guadalupe,3,routing,2,50,0.0,0,esp_no_thermal,fidelity,0.9970325189602707,0.9032843223074006,0.8651609248900932,0.9030655705081299,4,8,False,[]
fake_guadalupe,3,routing,3,50,0.0,0,esp_no_thermal,fidelity,0.99740279750046,0.9032843223074006,0.8651609248900932,0.9030655705081299,4,8,False,[]
fake_guadalupe,3,routing,4,50,0.0,0,esp_no_thermal,fidelity,0.9969258431977799,0.9032843223074006,0.8651609248900932,0.9030655705081299,4,8,False,[]
fake_guadalupe,3,routing,0,50,0.0,0,esp_thermal,fidelity,0.9932168331146956,0.9032843223074006,0.8651609248900932,0.9030655705081299,4,8,False,[]
fake_guadalupe,3,routing,1,50,0.0,0,esp_thermal,fidelity,0.9963659947829754,0.9032843223074006,0.8651609248900932,0.9030655705081299,4,8,False,[]
fake_guadalupe,3,routing,2,50,0.0,0,esp_thermal,fidelity,0.9970325189602707,0.9032843223074006,0.8651609248900932,0.9030655705081299,4,8,False,[]
fake_guadalupe,3,routing,3,50,0.0,0,esp_thermal,fidelity,0.99740279750046,0.9032843223074006,0.8651609248900932,0.9030655705081299,4,8,False,[]
fake_guadalupe,3,routing,4,50,0.0,0,esp_thermal,fidelity,0.9969258431977799,0.9032843223074006,0.8651609248900932,0.9030655705081299,4,8,False,[]
fake_guadalupe,3,routing,0,50,0.4,0,qiskit_L0,fidelity,0.9929090247709897,0.7820390711094424,0.3877851581701283,0.7705408560445344,9,13,True,"[1, 6, 8, 9, 13, 4, 2]"
fake_guadalupe,3,routing,1,50,0.4,0,qiskit_L0,fidelity,0.9957363272050905,0.7820390711094424,0.3877851581701283,0.7705408560445344,9,13,True,"[1, 6, 8, 9, 13, 4, 2]"
fake_guadalupe,3,routing,2,50,0.4,0,qiskit_L0,fidelity,0.9973507122901589,0.7820390711094424,0.3877851581701283,0.7705408560445344,9,13,True,"[1, 6, 8, 9, 13, 4, 2]"
fake_guadalupe,3,routing,3,50,0.4,0,qiskit_L0,fidelity,0.9973006845751321,0.7820390711094424,0.3877851581701283,0.7705408560445344,9,13,True,"[1, 6, 8, 9, 13, 4, 2]"
fake_guadalupe,3,routing,4,50,0.4,0,qiskit_L0,fidelity,0.9961162039025006,0.7820390711094424,0.3877851581701283,0.7705408560445344,9,13,True,"[1, 6, 8, 9, 13, 4, 2]"
fake_guadalupe,3,routing,0,50,0.4,0,qiskit_L1,fidelity,0.9946822688016637,0.8289091392420969,0.5680426912846451,0.8264020337308414,6,10,True,"[1, 6, 8, 9, 13, 4, 2]"
fake_guadalupe,3,routing,1,50,0.4,0,qiskit_L1,fidelity,0.9987467879955798,0.8289091392420969,0.5680426912846451,0.8264020337308414,6,10,True,"[1, 6, 8, 9, 13, 4, 2]"
fake_guadalupe,3,routing,2,50,0.4,0,qiskit_L1,fidelity,0.9974813311748894,0.8289091392420969,0.5680426912846451,0.8264020337308414,6,10,True,"[1, 6, 8, 9, 13, 4, 2]"
fake_guadalupe,3,routing,3,50,0.4,0,qiskit_L1,fidelity,0.9977934344532833,0.8289091392420969,0.5680426912846451,0.8264020337308414,6,10,True,"[1, 6, 8, 9, 13, 4, 2]"
fake_guadalupe,3,routing,4,50,0.4,0,qiskit_L1,fidelity,0.9951475200045126,0.8289091392420969,0.5680426912846451,0.8264020337308414,6,10,True,"[1, 6, 8, 9, 13, 4, 2]"
fake_guadalupe,3,routing,0,50,0.4,0,qiskit_L3,fidelity,0.993735406122294,0.9026061706924886,0.610439958334913,0.9014628389096115,4,8,True,"[1, 6, 8, 9, 13, 4, 2]"
fake_guadalupe,3,routing,1,50,0.4,0,qiskit_L3,fidelity,0.9966774625643351,0.9026061706924886,0.610439958334913,0.9014628389096115,4,8,True,"[1, 6, 8, 9, 13, 4, 2]"
fake_guadalupe,3,routing,2,50,0.4,0,qiskit_L3,fidelity,0.997007054452927,0.9026061706924886,0.610439958334913,0.9014628389096115,4,8,True,"[1, 6, 8, 9, 13, 4, 2]"
fake_guadalupe,3,routing,3,50,0.4,0,qiskit_L3,fidelity,0.9989756071525239,0.9026061706924886,0.610439958334913,0.9014628389096115,4,8,True,"[1, 6, 8, 9, 13, 4, 2]"
fake_guadalupe,3,routing,4,50,0.4,0,qiskit_L3,fidelity,0.9963333132429032,0.9026061706924886,0.610439958334913,0.9014628389096115,4,8,True,"[1, 6, 8, 9, 13, 4, 2]"
fake_guadalupe,3,routing,0,50,0.4,0,esp_no_thermal,fidelity,0.993002542718276,0.9032843223074006,0.61089859783572,0.90218739256502,4,8,True,"[1, 6, 8, 9, 13, 4, 2]"
fake_guadalupe,3,routing,1,50,0.4,0,esp_no_thermal,fidelity,0.9963799122307034,0.9032843223074006,0.61089859783572,0.90218739256502,4,8,True,"[1, 6, 8, 9, 13, 4, 2]"
fake_guadalupe,3,routing,2,50,0.4,0,esp_no_thermal,fidelity,0.99706965386003,0.9032843223074006,0.61089859783572,0.90218739256502,4,8,True,"[1, 6, 8, 9, 13, 4, 2]"
fake_guadalupe,3,routing,3,50,0.4,0,esp_no_thermal,fidelity,0.99740279750046,0.9032843223074006,0.61089859783572,0.90218739256502,4,8,True,"[1, 6, 8, 9, 13, 4, 2]"
fake_guadalupe,3,routing,4,50,0.4,0,esp_no_thermal,fidelity,0.9969258431977799,0.9032843223074006,0.61089859783572,0.90218739256502,4,8,True,"[1, 6, 8, 9, 13, 4, 2]"
fake_guadalupe,3,routing,0,50,0.4,0,esp_thermal,fidelity,0.9932511251470854,0.8697642964598242,0.8380214128159494,0.8695323938445,4,8,True,"[1, 6, 8, 9, 13, 4, 2]"
fake_guadalupe,3,routing,1,50,0.4,0,esp_thermal,fidelity,0.9968300950985955,0.8697642964598242,0.8380214128159494,0.8695323938445,4,8,True,"[1, 6, 8, 9, 13, 4, 2]"
fake_guadalupe,3,routing,2,50,0.4,0,esp_thermal,fidelity,0.9973966936407628,0.8697642964598242,0.8380214128159494,0.8695323938445,4,8,True,"[1, 6, 8, 9, 13, 4, 2]"
fake_guadalupe,3,routing,3,50,0.4,0,esp_thermal,fidelity,0.999445562876318,0.8697642964598242,0.8380214128159494,0.8695323938445,4,8,True,"[1, 6, 8, 9, 13, 4, 2]"
fake_guadalupe,3,routing,4,50,0.4,0,esp_thermal,fidelity,0.9967445077295325,0.8697642964598242,0.8380214128159494,0.8695323938445,4,8,True,"[1, 6, 8, 9, 13, 4, 2]"
fake_guadalupe,3,routing,0,120,0.0,0,qiskit_L0,fidelity,0.9929245157759478,0.7820390711094424,0.3851868082917925,0.7692018164485536,9,13,True,[]
fake_guadalupe,3,routing,1,120,0.0,0,qiskit_L0,fidelity,0.9959742599749734,0.7820390711094424,0.3851868082917925,0.7692018164485536,9,13,True,[]
fake_guadalupe,3,routing,2,120,0.0,0,qiskit_L0,fidelity,0.9971979367119177,0.7820390711094424,0.3851868082917925,0.7692018164485536,9,13,True,[]
fake_guadalupe,3,routing,3,120,0.0,0,qiskit_L0,fidelity,0.997615459925272,0.7820390711094424,0.3851868082917925,0.7692018164485536,9,13,True,[]
fake_guadalupe,3,routing,4,120,0.0,0,qiskit_L0,fidelity,0.9961549014631682,0.7820390711094424,0.3851868082917925,0.7692018164485536,9,13,True,[]
fake_guadalupe,3,routing,0,120,0.0,0,qiskit_L1,fidelity,0.9950170307030618,0.8289091392420969,0.41464089198244486,0.8231492280809368,6,10,True,[]
fake_guadalupe,3,routing,1,120,0.0,0,qiskit_L1,fidelity,0.9988413781533055,0.8289091392420969,0.41464089198244486,0.8231492280809368,6,10,True,[]
fake_guadalupe,3,routing,2,120,0.0,0,qiskit_L1,fidelity,0.9971912039579325,0.8289091392420969,0.41464089198244486,0.8231492280809368,6,10,True,[]
fake_guadalupe,3,routing,3,120,0.0,0,qiskit_L1,fidelity,0.9977236068826727,0.8289091392420969,0.41464089198244486,0.8231492280809368,6,10,True,[]
fake_guadalupe,3,routing,4,120,0.0,0,qiskit_L1,fidelity,0.9952045338244305,0.8289091392420969,0.41464089198244486,0.8231492280809368,6,10,True,[]
fake_guadalupe,3,routing,0,120,0.0,0,qiskit_L3,fidelity,0.9936353252030387,0.9026061706924886,0.4382433511556996,0.8989809746934543,4,8,True,[]
fake_guadalupe,3,routing,1,120,0.0,0,qiskit_L3,fidelity,0.9968098662359742,0.9026061706924886,0.4382433511556996,0.8989809746934543,4,8,True,[]
fake_guadalupe,3,routing,2,120,0.0,0,qiskit_L3,fidelity,0.9969636729138408,0.9026061706924886,0.4382433511556996,0.8989809746934543,4,8,True,[]
fake_guadalupe,3,routing,3,120,0.0,0,qiskit_L3,fidelity,0.9987652687023373,0.9026061706924886,0.4382433511556996,0.8989809746934543,4,8,True,[]
fake_guadalupe,3,routing,4,120,0.0,0,qiskit_L3,fidelity,0.9961744469034128,0.9026061706924886,0.4382433511556996,0.8989809746934543,4,8,True,[]
fake_guadalupe,3,routing,0,120,0.0,0,esp_no_thermal,fidelity,0.992965123857262,0.9032843223074006,0.43857261484340815,0.8997321855497251,4,8,True,[]
fake_guadalupe,3,routing,1,120,0.0,0,esp_no_thermal,fidelity,0.9963168990159006,0.9032843223074006,0.43857261484340815,0.8997321855497251,4,8,True,[]
fake_guadalupe,3,routing,2,120,0.0,0,esp_no_thermal,fidelity,0.9969844673947363,0.9032843223074006,0.43857261484340815,0.8997321855497251,4,8,True,[]
fake_guadalupe,3,routing,3,120,0.0,0,esp_no_thermal,fidelity,0.9974189534833446,0.9032843223074006,0.43857261484340815,0.8997321855497251,4,8,True,[]
fake_guadalupe,3,routing,4,120,0.0,0,esp_no_thermal,fidelity,0.9969258431977799,0.9032843223074006,0.43857261484340815,0.8997321855497251,4,8,True,[]
fake_guadalupe,3,routing,0,120,0.0,0,esp_thermal,fidelity,0.9933602867406793,0.8754356196980202,0.4463129857635921,0.870919148127728,4,8,True,[]
fake_guadalupe,3,routing,1,120,0.0,0,esp_thermal,fidelity,0.9964366039933669,0.8754356196980202,0.4463129857635921,0.870919148127728,4,8,True,[]
fake_guadalupe,3,routing,2,120,0.0,0,esp_thermal,fidelity,0.9970216191330008,0.8754356196980202,0.4463129857635921,0.870919148127728,4,8,True,[]
fake_guadalupe,3,routing,3,120,0.0,0,esp_thermal,fidelity,0.9989333651245723,0.8754356196980202,0.4463129857635921,0.870919148127728,4,8,True,[]
fake_guadalupe,3,routing,4,120,0.0,0,esp_thermal,fidelity,0.9966899608097985,0.8754356196980202,0.4463129857635921,0.870919148127728,4,8,True,[]
fake_guadalupe,3,routing,0,120,0.4,0,qiskit_L0,fidelity,0.9924779155214579,0.7820390711094424,0.30853405472528217,0.7658702332376579,9,13,True,"[1, 6, 8, 9, 13, 4, 2]"
fake_guadalupe,3,routing,1,120,0.4,0,qiskit_L0,fidelity,0.995969170714149,0.7820390711094424,0.30853405472528217,0.7658702332376579,9,13,True,"[1, 6, 8, 9, 13, 4, 2]"
fake_guadalupe,3,routing,2,120,0.4,0,qiskit_L0,fidelity,0.997125852648211,0.7820390711094424,0.30853405472528217,0.7658702332376579,9,13,True,"[1, 6, 8, 9, 13, 4, 2]"
fake_guadalupe,3,routing,3,120,0.4,0,qiskit_L0,fidelity,0.9975830852968574,0.7820390711094424,0.30853405472528217,0.7658702332376579,9,13,True,"[1, 6, 8, 9, 13, 4, 2]"
fake_guadalupe,3,routing,4,120,0.4,0,qiskit_L0,fidelity,0.9961950826808639,0.7820390711094424,0.30853405472528217,0.7658702332376579,9,13,True,"[1, 6, 8, 9, 13, 4, 2]"
fake_guadalupe,3,routing,0,120,0.4,0,qiskit_L1,fidelity,0.9950170307030618,0.8289091392420969,0.37061271030157183,0.8224777801398357,6,10,True,"[1, 6, 8, 9, 13, 4, 2]"
fake_guadalupe,3,routing,1,120,0.4,0,qiskit_L1,fidelity,0.9988213807146175,0.8289091392420969,0.37061271030157183,0.8224777801398357,6,10,True,"[1, 6, 8, 9, 13, 4, 2]"
fake_guadalupe,3,routing,2,120,0.4,0,qiskit_L1,fidelity,0.9971912039579325,0.8289091392420969,0.37061271030157183,0.8224777801398357,6,10,True,"[1, 6, 8, 9, 13, 4, 2]"
fake_guadalupe,3,routing,3,120,0.4,0,qiskit_L1,fidelity,0.9978083773101825,0.8289091392420969,0.37061271030157183,0.8224777801398357,6,10,True,"[1, 6, 8, 9, 13, 4, 2]"
fake_guadalupe,3,routing,4,120,0.4,0,qiskit_L1,fidelity,0.9952580952258313,0.8289091392420969,0.37061271030157183,0.8224777801398357,6,10,True,"[1, 6, 8, 9, 13, 4, 2]"
fake_guadalupe,3,routing,0,120,0.4,0,qiskit_L3,fidelity,0.9937145071069748,0.9026061706924886,0.39122645560081704,0.8986992496019407,4,8,True,"[1, 6, 8, 9, 13, 4, 2]"
fake_guadalupe,3,routing,1,120,0.4,0,qiskit_L3,fidelity,0.9968098662359742,0.9026061706924886,0.39122645560081704,0.8986992496019407,4,8,True,"[1, 6, 8, 9, 13, 4, 2]"
fake_guadalupe,3,routing,2,120,0.4,0,qiskit_L3,fidelity,0.9969089597214396,0.9026061706924886,0.39122645560081704,0.8986992496019407,4,8,True,"[1, 6, 8, 9, 13, 4, 2]"
fake_guadalupe,3,routing,3,120,0.4,0,qiskit_L3,fidelity,0.9988266820717774,0.9026061706924886,0.39122645560081704,0.8986992496019407,4,8,True,"[1, 6, 8, 9, 13, 4, 2]"
fake_guadalupe,3,routing,4,120,0.4,0,qiskit_L3,fidelity,0.9960996995055931,0.9026061706924886,0.39122645560081704,0.8986992496019407,4,8,True,"[1, 6, 8, 9, 13, 4, 2]"
fake_guadalupe,3,routing,0,120,0.4,0,esp_no_thermal,fidelity,0.9930438727643156,0.9032843223074006,0.39152039426562635,0.8994632618817332,4,8,True,"[1, 6, 8, 9, 13, 4, 2]"
fake_guadalupe,3,routing,1,120,0.4,0,esp_no_thermal,fidelity,0.9963094788093679,0.9032843223074006,0.39152039426562635,0.8994632618817332,4,8,True,"[1, 6, 8, 9, 13, 4, 2]"
fake_guadalupe,3,routing,2,120,0.4,0,esp_no_thermal,fidelity,0.9969844673947363,0.9032843223074006,0.39152039426562635,0.8994632618817332,4,8,True,"[1, 6, 8, 9, 13, 4, 2]"
fake_guadalupe,3,routing,3,120,0.4,0,esp_no_thermal,fidelity,0.9974189534833446,0.9032843223074006,0.39152039426562635,0.8994632618817332,4,8,True,"[1, 6, 8, 9, 13, 4, 2]"
fake_guadalupe,3,routing,4,120,0.4,0,esp_no_thermal,fidelity,0.9969258431977799,0.9032843223074006,0.39152039426562635,0.8994632618817332,4,8,True,"[1, 6, 8, 9, 13, 4, 2]"
fake_guadalupe,3,routing,0,120,0.4,0,esp_thermal,fidelity,0.9934838806924768,0.8697642964598242,0.4400071426266182,0.8656228642333909,4,8,True,"[1, 6, 8, 9, 13, 4, 2]"
fake_guadalupe,3,routing,1,120,0.4,0,esp_thermal,fidelity,0.9966262643451537,0.8697642964598242,0.4400071426266182,0.8656228642333909,4,8,True,"[1, 6, 8, 9, 13, 4, 2]"
fake_guadalupe,3,routing,2,120,0.4,0,esp_thermal,fidelity,0.9970314613173364,0.8697642964598242,0.4400071426266182,0.8656228642333909,4,8,True,"[1, 6, 8, 9, 13, 4, 2]"
fake_guadalupe,3,routing,3,120,0.4,0,esp_thermal,fidelity,0.9991598038807018,0.8697642964598242,0.4400071426266182,0.8656228642333909,4,8,True,"[1, 6, 8, 9, 13, 4, 2]"
fake_guadalupe,3,routing,4,120,0.4,0,esp_thermal,fidelity,0.9969023549779908,0.8697642964598242,0.4400071426266182,0.8656228642333909,4,8,True,"[1, 6, 8, 9, 13, 4, 2]"
fake_guadalupe,4,ghz,0,15,0.0,0,qiskit_L0,success_prob,0.431640625,0.8479792061042426,0.8479788440902234,0.8479792038904878,3,7,False,[]
fake_guadalupe,4,ghz,1,15,0.0,0,qiskit_L0,success_prob,0.43359375,0.8479792061042426,0.8479788440902234,0.8479792038904878,3,7,False,[]
fake_guadalupe,4,ghz,2,15,0.0,0,qiskit_L0,success_prob,0.474609375,0.8479792061042426,0.8479788440902234,0.8479792038904878,3,7,False,[]
fake_guadalupe,4,ghz,3,15,0.0,0,qiskit_L0,success_prob,0.43359375,0.8479792061042426,0.8479788440902234,0.8479792038904878,3,7,False,[]
fake_guadalupe,4,ghz,4,15,0.0,0,qiskit_L0,success_prob,0.4462890625,0.8479792061042426,0.8479788440902234,0.8479792038904878,3,7,False,[]
fake_guadalupe,4,ghz,0,15,0.0,0,qiskit_L1,success_prob,0.431640625,0.8479792061042426,0.8479788440902234,0.8479792038904878,3,7,False,[]
fake_guadalupe,4,ghz,1,15,0.0,0,qiskit_L1,success_prob,0.43359375,0.8479792061042426,0.8479788440902234,0.8479792038904878,3,7,False,[]
fake_guadalupe,4,ghz,2,15,0.0,0,qiskit_L1,success_prob,0.474609375,0.8479792061042426,0.8479788440902234,0.8479792038904878,3,7,False,[]
fake_guadalupe,4,ghz,3,15,0.0,0,qiskit_L1,success_prob,0.43359375,0.8479792061042426,0.8479788440902234,0.8479792038904878,3,7,False,[]
fake_guadalupe,4,ghz,4,15,0.0,0,qiskit_L1,success_prob,0.4462890625,0.8479792061042426,0.8479788440902234,0.8479792038904878,3,7,False,[]
fake_guadalupe,4,ghz,0,15,0.0,0,qiskit_L3,success_prob,0.447265625,0.8944862540693089,0.8944857486277994,0.8944862521986339,3,7,False,[]
fake_guadalupe,4,ghz,1,15,0.0,0,qiskit_L3,success_prob,0.462890625,0.8944862540693089,0.8944857486277994,0.8944862521986339,3,7,False,[]
fake_guadalupe,4,ghz,2,15,0.0,0,qiskit_L3,success_prob,0.48828125,0.8944862540693089,0.8944857486277994,0.8944862521986339,3,7,False,[]
fake_guadalupe,4,ghz,3,15,0.0,0,qiskit_L3,success_prob,0.4462890625,0.8944862540693089,0.8944857486277994,0.8944862521986339,3,7,False,[]
fake_guadalupe,4,ghz,4,15,0.0,0,qiskit_L3,success_prob,0.453125,0.8944862540693089,0.8944857486277994,0.8944862521986339,3,7,False,[]
fake_guadalupe,4,ghz,0,15,0.0,0,esp_no_thermal,success_prob,0.44921875,0.8916165889647325,0.8916160851447659,0.8916165870084828,3,7,False,[]
fake_guadalupe,4,ghz,1,15,0.0,0,esp_no_thermal,success_prob,0.4619140625,0.8916165889647325,0.8916160851447659,0.8916165870084828,3,7,False,[]
fake_guadalupe,4,ghz,2,15,0.0,0,esp_no_thermal,success_prob,0.48046875,0.8916165889647325,0.8916160851447659,0.8916165870084828,3,7,False,[]
fake_guadalupe,4,ghz,3,15,0.0,0,esp_no_thermal,success_prob,0.4443359375,0.8916165889647325,0.8916160851447659,0.8916165870084828,3,7,False,[]
fake_guadalupe,4,ghz,4,15,0.0,0,esp_no_thermal,success_prob,0.4521484375,0.8916165889647325,0.8916160851447659,0.8916165870084828,3,7,False,[]
fake_guadalupe,4,ghz,0,15,0.0,0,esp_thermal,success_prob,0.44921875,0.8916165889647325,0.8916160851447659,0.8916165870084828,3,7,False,[]
fake_guadalupe,4,ghz,1,15,0.0,0,esp_thermal,success_prob,0.4619140625,0.8916165889647325,0.8916160851447659,0.8916165870084828,3,7,False,[]
fake_guadalupe,4,ghz,2,15,0.0,0,esp_thermal,success_prob,0.48046875,0.8916165889647325,0.8916160851447659,0.8916165870084828,3,7,False,[]
fake_guadalupe,4,ghz,3,15,0.0,0,esp_thermal,success_prob,0.4443359375,0.8916165889647325,0.8916160851447659,0.8916165870084828,3,7,False,[]
fake_guadalupe,4,ghz,4,15,0.0,0,esp_thermal,success_prob,0.4521484375,0.8916165889647325,0.8916160851447659,0.8916165870084828,3,7,False,[]
fake_guadalupe,4,ghz,0,15,0.4,0,qiskit_L0,success_prob,0.431640625,0.8479792061042426,0.8353161386403202,0.8478813636026872,3,7,False,"[1, 6, 8, 9, 13, 4, 2]"
fake_guadalupe,4,ghz,1,15,0.4,0,qiskit_L0,success_prob,0.43359375,0.8479792061042426,0.8353161386403202,0.8478813636026872,3,7,False,"[1, 6, 8, 9, 13, 4, 2]"
fake_guadalupe,4,ghz,2,15,0.4,0,qiskit_L0,success_prob,0.474609375,0.8479792061042426,0.8353161386403202,0.8478813636026872,3,7,False,"[1, 6, 8, 9, 13, 4, 2]"
fake_guadalupe,4,ghz,3,15,0.4,0,qiskit_L0,success_prob,0.43359375,0.8479792061042426,0.8353161386403202,0.8478813636026872,3,7,False,"[1, 6, 8, 9, 13, 4, 2]"
fake_guadalupe,4,ghz,4,15,0.4,0,qiskit_L0,success_prob,0.4462890625,0.8479792061042426,0.8353161386403202,0.8478813636026872,3,7,False,"[1, 6, 8, 9, 13, 4, 2]"
fake_guadalupe,4,ghz,0,15,0.4,0,qiskit_L1,success_prob,0.431640625,0.8479792061042426,0.8353161386403202,0.8478813636026872,3,7,False,"[1, 6, 8, 9, 13, 4, 2]"
fake_guadalupe,4,ghz,1,15,0.4,0,qiskit_L1,success_prob,0.43359375,0.8479792061042426,0.8353161386403202,0.8478813636026872,3,7,False,"[1, 6, 8, 9, 13, 4, 2]"
fake_guadalupe,4,ghz,2,15,0.4,0,qiskit_L1,success_prob,0.474609375,0.8479792061042426,0.8353161386403202,0.8478813636026872,3,7,False,"[1, 6, 8, 9, 13, 4, 2]"
fake_guadalupe,4,ghz,3,15,0.4,0,qiskit_L1,success_prob,0.43359375,0.8479792061042426,0.8353161386403202,0.8478813636026872,3,7,False,"[1, 6, 8, 9, 13, 4, 2]"
fake_guadalupe,4,ghz,4,15,0.4,0,qiskit_L1,success_prob,0.4462890625,0.8479792061042426,0.8353161386403202,0.8478813636026872,3,7,False,"[1, 6, 8, 9, 13, 4, 2]"
fake_guadalupe,4,ghz,0,15,0.4,0,qiskit_L3,success_prob,0.447265625,0.8944862540693089,0.8862440159738219,0.8944604074033864,3,7,False,"[1, 6, 8, 9, 13, 4, 2]"
fake_guadalupe,4,ghz,1,15,0.4,0,qiskit_L3,success_prob,0.462890625,0.8944862540693089,0.8862440159738219,0.8944604074033864,3,7,False,"[1, 6, 8, 9, 13, 4, 2]"
fake_guadalupe,4,ghz,2,15,0.4,0,qiskit_L3,success_prob,0.48828125,0.8944862540693089,0.8862440159738219,0.8944604074033864,3,7,False,"[1, 6, 8, 9, 13, 4, 2]"
fake_guadalupe,4,ghz,3,15,0.4,0,qiskit_L3,success_prob,0.4462890625,0.8944862540693089,0.8862440159738219,0.8944604074033864,3,7,False,"[1, 6, 8, 9, 13, 4, 2]"
fake_guadalupe,4,ghz,4,15,0.4,0,qiskit_L3,success_prob,0.453125,0.8944862540693089,0.8862440159738219,0.8944604074033864,3,7,False,"[1, 6, 8, 9, 13, 4, 2]"
fake_guadalupe,4,ghz,0,15,0.4,0,esp_no_thermal,success_prob,0.44921875,0.8916165889647325,0.8834007933807302,0.8915883758252812,3,7,False,"[1, 6, 8, 9, 13, 4, 2]"
fake_guadalupe,4,ghz,1,15,0.4,0,esp_no_thermal,success_prob,0.4619140625,0.8916165889647325,0.8834007933807302,0.8915883758252812,3,7,False,"[1, 6, 8, 9, 13, 4, 2]"
fake_guadalupe,4,ghz,2,15,0.4,0,esp_no_thermal,success_prob,0.48046875,0.8916165889647325,0.8834007933807302,0.8915883758252812,3,7,False,"[1, 6, 8, 9, 13, 4, 2]"
fake_guadalupe,4,ghz,3,15,0.4,0,esp_no_thermal,success_prob,0.4443359375,0.8916165889647325,0.8834007933807302,0.8915883758252812,3,7,False,"[1, 6, 8, 9, 13, 4, 2]"
fake_guadalupe,4,ghz,4,15,0.4,0,esp_no_thermal,success_prob,0.4521484375,0.8916165889647325,0.8834007933807302,0.8915883758252812,3,7,False,"[1, 6, 8, 9, 13, 4, 2]"
fake_guadalupe,4,ghz,0,15,0.4,0,esp_thermal,success_prob,0.44921875,0.8916165889647325,0.8834007933807302,0.8915883758252812,3,7,False,"[1, 6, 8, 9, 13, 4, 2]"
fake_guadalupe,4,ghz,1,15,0.4,0,esp_thermal,success_prob,0.4619140625,0.8916165889647325,0.8834007933807302,0.8915883758252812,3,7,False,"[1, 6, 8, 9, 13, 4, 2]"
fake_guadalupe,4,ghz,2,15,0.4,0,esp_thermal,success_prob,0.48046875,0.8916165889647325,0.8834007933807302,0.8915883758252812,3,7,False,"[1, 6, 8, 9, 13, 4, 2]"
fake_guadalupe,4,ghz,3,15,0.4,0,esp_thermal,success_prob,0.4443359375,0.8916165889647325,0.8834007933807302,0.8915883758252812,3,7,False,"[1, 6, 8, 9, 13, 4, 2]"
fake_guadalupe,4,ghz,4,15,0.4,0,esp_thermal,success_prob,0.4521484375,0.8916165889647325,0.8834007933807302,0.8915883758252812,3,7,False,"[1, 6, 8, 9, 13, 4, 2]"
fake_guadalupe,4,ghz,0,50,0.0,0,qiskit_L0,success_prob,0.431640625,0.8479792061042426,0.8053928023389635,0.8477168931130722,3,7,True,[]
fake_guadalupe,4,ghz,1,50,0.0,0,qiskit_L0,success_prob,0.43359375,0.8479792061042426,0.8053928023389635,0.8477168931130722,3,7,True,[]
fake_guadalupe,4,ghz,2,50,0.0,0,qiskit_L0,success_prob,0.4736328125,0.8479792061042426,0.8053928023389635,0.8477168931130722,3,7,True,[]
fake_guadalupe,4,ghz,3,50,0.0,0,qiskit_L0,success_prob,0.43359375,0.8479792061042426,0.8053928023389635,0.8477168931130722,3,7,True,[]
fake_guadalupe,4,ghz,4,50,0.0,0,qiskit_L0,success_prob,0.4462890625,0.8479792061042426,0.8053928023389635,0.8477168931130722,3,7,True,[]
fake_guadalupe,4,ghz,0,50,0.0,0,qiskit_L1,success_prob,0.431640625,0.8479792061042426,0.8053928023389635,0.8477168931130722,3,7,True,[]
fake_guadalupe,4,ghz,1,50,0.0,0,qiskit_L1,success_prob,0.43359375,0.8479792061042426,0.8053928023389635,0.8477168931130722,3,7,True,[]
fake_guadalupe,4,ghz,2,50,0.0,0,qiskit_L1,success_prob,0.4736328125,0.8479792061042426,0.8053928023389635,0.8477168931130722,3,7,True,[]
fake_guadalupe,4,ghz,3,50,0.0,0,qiskit_L1,success_prob,0.43359375,0.8479792061042426,0.8053928023389635,0.8477168931130722,3,7,True,[]
fake_guadalupe,4,ghz,4,50,0.0,0,qiskit_L1,success_prob,0.4462890625,0.8479792061042426,0.8053928023389635,0.8477168931130722,3,7,True,[]
fake_guadalupe,4,ghz,0,50,0.0,0,qiskit_L3,success_prob,0.447265625,0.8944862540693089,0.8452596206865619,0.8942915560370831,3,7,True,[]
fake_guadalupe,4,ghz,1,50,0.0,0,qiskit_L3,success_prob,0.462890625,0.8944862540693089,0.8452596206865619,0.8942915560370831,3,7,True,[]
fake_guadalupe,4,ghz,2,50,0.0,0,qiskit_L3,success_prob,0.48828125,0.8944862540693089,0.8452596206865619,0.8942915560370831,3,7,True,[]
fake_guadalupe,4,ghz,3,50,0.0,0,qiskit_L3,success_prob,0.4462890625,0.8944862540693089,0.8452596206865619,0.8942915560370831,3,7,True,[]
fake_guadalupe,4,ghz,4,50,0.0,0,qiskit_L3,success_prob,0.453125,0.8944862540693089,0.8452596206865619,0.8942915560370831,3,7,True,[]
fake_guadalupe,4,ghz,0,50,0.0,0,esp_no_thermal,success_prob,0.44921875,0.8916165889647325,0.8425478830530803,0.8914128488337534,3,7,True,[]
fake_guadalupe,4,ghz,1,50,0.0,0,esp_no_thermal,success_prob,0.4619140625,0.8916165889647325,0.8425478830530803,0.8914128488337534,3,7,True,[]
fake_guadalupe,4,ghz,2,50,0.0,0,esp_no_thermal,success_prob,0.48046875,0.8916165889647325,0.8425478830530803,0.8914128488337534,3,7,True,[]
fake_guadalupe,4,ghz,3,50,0.0,0,esp_no_thermal,success_prob,0.4443359375,0.8916165889647325,0.8425478830530803,0.8914128488337534,3,7,True,[]
fake_guadalupe,4,ghz,4,50,0.0,0,esp_no_thermal,success_prob,0.4521484375,0.8916165889647325,0.8425478830530803,0.8914128488337534,3,7,True,[]
fake_guadalupe,4,ghz,0,50,0.0,0,esp_thermal,success_prob,0.4462890625,0.8889556194891709,0.8427730568716965,0.8887353469374908,3,7,True,[]
fake_guadalupe,4,ghz,1,50,0.0,0,esp_thermal,success_prob,0.4541015625,0.8889556194891709,0.8427730568716965,0.8887353469374908,3,7,True,[]
fake_guadalupe,4,ghz,2,50,0.0,0,esp_thermal,success_prob,0.478515625,0.8889556194891709,0.8427730568716965,0.8887353469374908,3,7,True,[]
fake_guadalupe,4,ghz,3,50,0.0,0,esp_thermal,success_prob,0.439453125,0.8889556194891709,0.8427730568716965,0.8887353469374908,3,7,True,[]
fake_guadalupe,4,ghz,4,50,0.0,0,esp_thermal,success_prob,0.451171875,0.8889556194891709,0.8427730568716965,0.8887353469374908,3,7,True,[]
fake_guadalupe,4,ghz,0,50,0.4,0,qiskit_L0,success_prob,0.431640625,0.8479792061042426,0.4160656474366995,0.8438312599811187,3,7,True,"[1, 6, 8, 9, 13, 4, 2]"
fake_guadalupe,4,ghz,1,50,0.4,0,qiskit_L0,success_prob,0.4384765625,0.8479792061042426,0.4160656474366995,0.8438312599811187,3,7,True,"[1, 6, 8, 9, 13, 4, 2]"
fake_guadalupe,4,ghz,2,50,0.4,0,qiskit_L0,success_prob,0.466796875,0.8479792061042426,0.4160656474366995,0.8438312599811187,3,7,True,"[1, 6, 8, 9, 13, 4, 2]"
fake_guadalupe,4,ghz,3,50,0.4,0,qiskit_L0,success_prob,0.435546875,0.8479792061042426,0.4160656474366995,0.8438312599811187,3,7,True,"[1, 6, 8, 9, 13, 4, 2]"
fake_guadalupe,4,ghz,4,50,0.4,0,qiskit_L0,success_prob,0.4443359375,0.8479792061042426,0.4160656474366995,0.8438312599811187,3,7,True,"[1, 6, 8, 9, 13, 4, 2]"
fake_guadalupe,4,ghz,0,50,0.4,0,qiskit_L1,success_prob,0.431640625,0.8479792061042426,0.4160656474366995,0.8438312599811187,3,7,True,"[1, 6, 8, 9, 13, 4, 2]"
fake_guadalupe,4,ghz,1,50,0.4,0,qiskit_L1,success_prob,0.4384765625,0.8479792061042426,0.4160656474366995,0.8438312599811187,3,7,True,"[1, 6, 8, 9, 13, 4, 2]"
fake_guadalupe,4,ghz,2,50,0.4,0,qiskit_L1,success_prob,0.466796875,0.8479792061042426,0.4160656474366995,0.8438312599811187,3,7,True,"[1, 6, 8, 9, 13, 4, 2]"
fake_guadalupe,4,ghz,3,50,0.4,0,qiskit_L1,success_prob,0.435546875,0.8479792061042426,0.4160656474366995,0.8438312599811187,3,7,True,"[1, 6, 8, 9, 13, 4, 2]"
fake_guadalupe,4,ghz,4,50,0.4,0,qiskit_L1,success_prob,0.4443359375,0.8479792061042426,0.4160656474366995,0.8438312599811187,3,7,True,"[1, 6, 8, 9, 13, 4, 2]"
fake_guadalupe,4,ghz,0,50,0.4,0,qiskit_L3,success_prob,0.447265625,0.8944862540693089,0.5968460921303983,0.8934051605270751,3,7,True,"[1, 6, 8, 9, 13, 4, 2]"
fake_guadalupe,4,ghz,1,50,0.4,0,qiskit_L3,success_prob,0.4619140625,0.8944862540693089,0.5968460921303983,0.8934051605270751,3,7,True,"[1, 6, 8, 9, 13, 4, 2]"
fake_guadalupe,4,ghz,2,50,0.4,0,qiskit_L3,success_prob,0.4873046875,0.8944862540693089,0.5968460921303983,0.8934051605270751,3,7,True,"[1, 6, 8, 9, 13, 4, 2]"
fake_guadalupe,4,ghz,3,50,0.4,0,qiskit_L3,success_prob,0.4462890625,0.8944862540693089,0.5968460921303983,0.8934051605270751,3,7,True,"[1, 6, 8, 9, 13, 4, 2]"
fake_guadalupe,4,ghz,4,50,0.4,0,qiskit_L3,success_prob,0.453125,0.8944862540693089,0.5968460921303983,0.8934051605270751,3,7,True,"[1, 6, 8, 9, 13, 4, 2]"
fake_guadalupe,4,ghz,0,50,0.4,0,esp_no_thermal,success_prob,0.44921875,0.8916165889647325,0.5949313076431045,0.8904453240967573,3,7,True,"[1, 6, 8, 9, 13, 4, 2]"
fake_guadalupe,4,ghz,1,50,0.4,0,esp_no_thermal,success_prob,0.4619140625,0.8916165889647325,0.5949313076431045,0.8904453240967573,3,7,True,"[1, 6, 8, 9, 13, 4, 2]"
fake_guadalupe,4,ghz,2,50,0.4,0,esp_no_thermal,success_prob,0.48046875,0.8916165889647325,0.5949313076431045,0.8904453240967573,3,7,True,"[1, 6, 8, 9, 13, 4, 2]"
fake_guadalupe,4,ghz,3,50,0.4,0,esp_no_thermal,success_prob,0.4443359375,0.8916165889647325,0.5949313076431045,0.8904453240967573,3,7,True,"[1, 6, 8, 9, 13, 4, 2]"
fake_guadalupe,4,ghz,4,50,0.4,0,esp_no_thermal,success_prob,0.4521484375,0.8916165889647325,0.5949313076431045,0.8904453240967573,3,7,True,"[1, 6, 8, 9, 13, 4, 2]"
fake_guadalupe,4,ghz,0,50,0.4,0,esp_thermal,success_prob,0.42578125,0.8352262506545638,0.7931191076269859,0.8348442893521333,7,9,True,"[1, 6, 8, 9, 13, 4, 2]"
fake_guadalupe,4,ghz,1,50,0.4,0,esp_thermal,success_prob,0.4287109375,0.8352262506545638,0.7931191076269859,0.8348442893521333,7,9,True,"[1, 6, 8, 9, 13, 4, 2]"
fake_guadalupe,4,ghz,2,50,0.4,0,esp_thermal,success_prob,0.455078125,0.8352262506545638,0.7931191076269859,0.8348442893521333,7,9,True,"[1, 6, 8, 9, 13, 4, 2]"
fake_guadalupe,4,ghz,3,50,0.4,0,esp_thermal,success_prob,0.4130859375,0.8352262506545638,0.7931191076269859,0.8348442893521333,7,9,True,"[1, 6, 8, 9, 13, 4, 2]"
fake_guadalupe,4,ghz,4,50,0.4,0,esp_thermal,success_prob,0.439453125,0.8352262506545638,0.7931191076269859,0.8348442893521333,7,9,True,"[1, 6, 8, 9, 13, 4, 2]"
fake_guadalupe,4,ghz,0,120,0.0,0,qiskit_L0,success_prob,0.4326171875,0.8479792061042426,0.3373985032685108,0.8435714218873985,3,7,True,[]
fake_guadalupe,4,ghz,1,120,0.0,0,qiskit_L0,success_prob,0.4384765625,0.8479792061042426,0.3373985032685108,0.8435714218873985,3,7,True,[]
fake_guadalupe,4,ghz,2,120,0.0,0,qiskit_L0,success_prob,0.4658203125,0.8479792061042426,0.3373985032685108,0.8435714218873985,3,7,True,[]
fake_guadalupe,4,ghz,3,120,0.0,0,qiskit_L0,success_prob,0.4365234375,0.8479792061042426,0.3373985032685108,0.8435714218873985,3,7,True,[]
fake_guadalupe,4,ghz,4,120,0.0,0,qiskit_L0,success_prob,0.443359375,0.8479792061042426,0.3373985032685108,0.8435714218873985,3,7,True,[]
fake_guadalupe,4,ghz,0,120,0.0,0,qiskit_L1,success_prob,0.4326171875,0.8479792061042426,0.3373985032685108,0.8435714218873985,3,7,True,[]
fake_guadalupe,4,ghz,1,120,0.0,0,qiskit_L1,success_prob,0.4384765625,0.8479792061042426,0.3373985032685108,0.8435714218873985,3,7,True,[]
fake_guadalupe,4,ghz,2,120,0.0,0,qiskit_L1,success_prob,0.4658203125,0.8479792061042426,0.3373985032685108,0.8435714218873985,3,7,True,[]
fake_guadalupe,4,ghz,3,120,0.0,0,qiskit_L1,success_prob,0.4365234375,0.8479792061042426,0.3373985032685108,0.8435714218873985,3,7,True,[]
fake_guadalupe,4,ghz,4,120,0.0,0,qiskit_L1,success_prob,0.443359375,0.8479792061042426,0.3373985032685108,0.8435714218873985,3,7,True,[]
fake_guadalupe,4,ghz,0,120,0.0,0,qiskit_L3,success_prob,0.447265625,0.8944862540693089,0.3433219798041609,0.8913404401179629,3,7,True,[]
fake_guadalupe,4,ghz,1,120,0.0,0,qiskit_L3,success_prob,0.4619140625,0.8944862540693089,0.3433219798041609,0.8913404401179629,3,7,True,[]
fake_guadalupe,4,ghz,2,120,0.0,0,qiskit_L3,success_prob,0.4873046875,0.8944862540693089,0.3433219798041609,0.8913404401179629,3,7,True,[]
fake_guadalupe,4,ghz,3,120,0.0,0,qiskit_L3,success_prob,0.4462890625,0.8944862540693089,0.3433219798041609,0.8913404401179629,3,7,True,[]
fake_guadalupe,4,ghz,4,120,0.0,0,qiskit_L3,success_prob,0.453125,0.8944862540693089,0.3433219798041609,0.8913404401179629,3,7,True,[]
fake_guadalupe,4,ghz,0,120,0.0,0,esp_no_thermal,success_prob,0.44921875,0.8916165889647325,0.3422205440910954,0.8883241688405566,3,7,True,[]
fake_guadalupe,4,ghz,1,120,0.0,0,esp_no_thermal,success_prob,0.4619140625,0.8916165889647325,0.3422205440910954,0.8883241688405566,3,7,True,[]
fake_guadalupe,4,ghz,2,120,0.0,0,esp_no_thermal,success_prob,0.4794921875,0.8916165889647325,0.3422205440910954,0.8883241688405566,3,7,True,[]
fake_guadalupe,4,ghz,3,120,0.0,0,esp_no_thermal,success_prob,0.4443359375,0.8916165889647325,0.3422205440910954,0.8883241688405566,3,7,True,[]
fake_guadalupe,4,ghz,4,120,0.0,0,esp_no_thermal,success_prob,0.4521484375,0.8916165889647325,0.3422205440910954,0.8883241688405566,3,7,True,[]
fake_guadalupe,4,ghz,0,120,0.0,0,esp_thermal,success_prob,0.4443359375,0.880591430042909,0.35671032514144263,0.8773616543474899,3,7,True,[]
fake_guadalupe,4,ghz,1,120,0.0,0,esp_thermal,success_prob,0.4541015625,0.880591430042909,0.35671032514144263,0.8773616543474899,3,7,True,[]
fake_guadalupe,4,ghz,2,120,0.0,0,esp_thermal,success_prob,0.4716796875,0.880591430042909,0.35671032514144263,0.8773616543474899,3,7,True,[]
fake_guadalupe,4,ghz,3,120,0.0,0,esp_thermal,success_prob,0.4384765625,0.880591430042909,0.35671032514144263,0.8773616543474899,3,7,True,[]
fake_guadalupe,4,ghz,4,120,0.0,0,esp_thermal,success_prob,0.4453125,0.880591430042909,0.35671032514144263,0.8773616543474899,3,7,True,[]
fake_guadalupe,4,ghz,0,120,0.4,0,qiskit_L0,success_prob,0.43359375,0.8479792061042426,0.2702556942002448,0.8423435611338018,3,7,True,"[1, 6, 8, 9, 13, 4, 2]"
fake_guadalupe,4,ghz,1,120,0.4,0,qiskit_L0,success_prob,0.4384765625,0.8479792061042426,0.2702556942002448,0.8423435611338018,3,7,True,"[1, 6, 8, 9, 13, 4, 2]"
fake_guadalupe,4,ghz,2,120,0.4,0,qiskit_L0,success_prob,0.4638671875,0.8479792061042426,0.2702556942002448,0.8423435611338018,3,7,True,"[1, 6, 8, 9, 13, 4, 2]"
fake_guadalupe,4,ghz,3,120,0.4,0,qiskit_L0,success_prob,0.4365234375,0.8479792061042426,0.2702556942002448,0.8423435611338018,3,7,True,"[1, 6, 8, 9, 13, 4, 2]"
fake_guadalupe,4,ghz,4,120,0.4,0,qiskit_L0,success_prob,0.44140625,0.8479792061042426,0.2702556942002448,0.8423435611338018,3,7,True,"[1, 6, 8, 9, 13, 4, 2]"
fake_guadalupe,4,ghz,0,120,0.4,0,qiskit_L1,success_prob,0.43359375,0.8479792061042426,0.2702556942002448,0.8423435611338018,3,7,True,"[1, 6, 8, 9, 13, 4, 2]"
fake_guadalupe,4,ghz,1,120,0.4,0,qiskit_L1,success_prob,0.4384765625,0.8479792061042426,0.2702556942002448,0.8423435611338018,3,7,True,"[1, 6, 8, 9, 13, 4, 2]"
fake_guadalupe,4,ghz,2,120,0.4,0,qiskit_L1,success_prob,0.4638671875,0.8479792061042426,0.2702556942002448,0.8423435611338018,3,7,True,"[1, 6, 8, 9, 13, 4, 2]"
fake_guadalupe,4,ghz,3,120,0.4,0,qiskit_L1,success_prob,0.4365234375,0.8479792061042426,0.2702556942002448,0.8423435611338018,3,7,True,"[1, 6, 8, 9, 13, 4, 2]"
fake_guadalupe,4,ghz,4,120,0.4,0,qiskit_L1,success_prob,0.44140625,0.8479792061042426,0.2702556942002448,0.8423435611338018,3,7,True,"[1, 6, 8, 9, 13, 4, 2]"
fake_guadalupe,4,ghz,0,120,0.4,0,qiskit_L3,success_prob,0.447265625,0.8944862540693089,0.3064887143967576,0.8910688864266118,3,7,True,"[1, 6, 8, 9, 13, 4, 2]"
fake_guadalupe,4,ghz,1,120,0.4,0,qiskit_L3,success_prob,0.4619140625,0.8944862540693089,0.3064887143967576,0.8910688864266118,3,7,True,"[1, 6, 8, 9, 13, 4, 2]"
fake_guadalupe,4,ghz,2,120,0.4,0,qiskit_L3,success_prob,0.4873046875,0.8944862540693089,0.3064887143967576,0.8910688864266118,3,7,True,"[1, 6, 8, 9, 13, 4, 2]"
fake_guadalupe,4,ghz,3,120,0.4,0,qiskit_L3,success_prob,0.4462890625,0.8944862540693089,0.3064887143967576,0.8910688864266118,3,7,True,"[1, 6, 8, 9, 13, 4, 2]"
fake_guadalupe,4,ghz,4,120,0.4,0,qiskit_L3,success_prob,0.453125,0.8944862540693089,0.3064887143967576,0.8910688864266118,3,7,True,"[1, 6, 8, 9, 13, 4, 2]"
fake_guadalupe,4,ghz,0,120,0.4,0,esp_no_thermal,success_prob,0.44921875,0.8916165889647325,0.3055054461076703,0.888027795185909,3,7,True,"[1, 6, 8, 9, 13, 4, 2]"
fake_guadalupe,4,ghz,1,120,0.4,0,esp_no_thermal,success_prob,0.4619140625,0.8916165889647325,0.3055054461076703,0.888027795185909,3,7,True,"[1, 6, 8, 9, 13, 4, 2]"
fake_guadalupe,4,ghz,2,120,0.4,0,esp_no_thermal,success_prob,0.4794921875,0.8916165889647325,0.3055054461076703,0.888027795185909,3,7,True,"[1, 6, 8, 9, 13, 4, 2]"
fake_guadalupe,4,ghz,3,120,0.4,0,esp_no_thermal,success_prob,0.4443359375,0.8916165889647325,0.3055054461076703,0.888027795185909,3,7,True,"[1, 6, 8, 9, 13, 4, 2]"
fake_guadalupe,4,ghz,4,120,0.4,0,esp_no_thermal,success_prob,0.4521484375,0.8916165889647325,0.3055054461076703,0.888027795185909,3,7,True,"[1, 6, 8, 9, 13, 4, 2]"
fake_guadalupe,4,ghz,0,120,0.4,0,esp_thermal,success_prob,0.427734375,0.8352262506545638,0.3316370223446811,0.8285845264909879,7,9,True,"[1, 6, 8, 9, 13, 4, 2]"
fake_guadalupe,4,ghz,1,120,0.4,0,esp_thermal,success_prob,0.4296875,0.8352262506545638,0.3316370223446811,0.8285845264909879,7,9,True,"[1, 6, 8, 9, 13, 4, 2]"
fake_guadalupe,4,ghz,2,120,0.4,0,esp_thermal,success_prob,0.455078125,0.8352262506545638,0.3316370223446811,0.8285845264909879,7,9,True,"[1, 6, 8, 9, 13, 4, 2]"
fake_guadalupe,4,ghz,3,120,0.4,0,esp_thermal,success_prob,0.4150390625,0.8352262506545638,0.3316370223446811,0.8285845264909879,7,9,True,"[1, 6, 8, 9, 13, 4, 2]"
fake_guadalupe,4,ghz,4,120,0.4,0,esp_thermal,success_prob,0.4326171875,0.8352262506545638,0.3316370223446811,0.8285845264909879,7,9,True,"[1, 6, 8, 9, 13, 4, 2]"
fake_guadalupe,4,qft,0,15,0.0,0,qiskit_L0,fidelity,0.6416015625,0.3058839964696152,0.30588386588351807,0.3058839880632321,33,60,False,[]
fake_guadalupe,4,qft,1,15,0.0,0,qiskit_L0,fidelity,0.6435546875,0.3058839964696152,0.30588386588351807,0.3058839880632321,33,60,False,[]
fake_guadalupe,4,qft,2,15,0.0,0,qiskit_L0,fidelity,0.640625,0.3058839964696152,0.30588386588351807,0.3058839880632321,33,60,False,[]
fake_guadalupe,4,qft,3,15,0.0,0,qiskit_L0,fidelity,0.6396484375000001,0.3058839964696152,0.30588386588351807,0.3058839880632321,33,60,False,[]
fake_guadalupe,4,qft,4,15,0.0,0,qiskit_L0,fidelity,0.6171875,0.3058839964696152,0.30588386588351807,0.3058839880632321,33,60,False,[]
fake_guadalupe,4,qft,0,15,0.0,0,qiskit_L1,fidelity,0.7324218750000001,0.30313836907611613,0.3031382495387436,0.30313836426742524,27,46,False,[]
fake_guadalupe,4,qft,1,15,0.0,0,qiskit_L1,fidelity,0.7490234375,0.30313836907611613,0.3031382495387436,0.30313836426742524,27,46,False,[]
fake_guadalupe,4,qft,2,15,0.0,0,qiskit_L1,fidelity,0.74609375,0.30313836907611613,0.3031382495387436,0.30313836426742524,27,46,False,[]
fake_guadalupe,4,qft,3,15,0.0,0,qiskit_L1,fidelity,0.7333984374999999,0.30313836907611613,0.3031382495387436,0.30313836426742524,27,46,False,[]
fake_guadalupe,4,qft,4,15,0.0,0,qiskit_L1,fidelity,0.7119140625,0.30313836907611613,0.3031382495387436,0.30313836426742524,27,46,False,[]
fake_guadalupe,4,qft,0,15,0.0,0,qiskit_L3,fidelity,0.7753906250000001,0.4453658017229644,0.4453656261006639,0.4453657969962868,18,35,False,[]
fake_guadalupe,4,qft,1,15,0.0,0,qiskit_L3,fidelity,0.7812500000000001,0.4453658017229644,0.4453656261006639,0.4453657969962868,18,35,False,[]
fake_guadalupe,4,qft,2,15,0.0,0,qiskit_L3,fidelity,0.7763671875,0.4453658017229644,0.4453656261006639,0.4453657969962868,18,35,False,[]
fake_guadalupe,4,qft,3,15,0.0,0,qiskit_L3,fidelity,0.7792968750000001,0.4453658017229644,0.4453656261006639,0.4453657969962868,18,35,False,[]
fake_guadalupe,4,qft,4,15,0.0,0,qiskit_L3,fidelity,0.765625,0.4453658017229644,0.4453656261006639,0.4453657969962868,18,35,False,[]
fake_guadalupe,4,qft,0,15,0.0,0,esp_no_thermal,fidelity,0.7705078125,0.5895164280122692,0.5895160948980688,0.589516417237883,27,38,False,[]
fake_guadalupe,4,qft,1,15,0.0,0,esp_no_thermal,fidelity,0.7744140625000001,0.5895164280122692,0.5895160948980688,0.589516417237883,27,38,False,[]
fake_guadalupe,4,qft,2,15,0.0,0,esp_no_thermal,fidelity,0.7753906250000001,0.5895164280122692,0.5895160948980688,0.589516417237883,27,38,False,[]
fake_guadalupe,4,qft,3,15,0.0,0,esp_no_thermal,fidelity,0.7695312499999999,0.5895164280122692,0.5895160948980688,0.589516417237883,27,38,False,[]
fake_guadalupe,4,qft,4,15,0.0,0,esp_no_thermal,fidelity,0.7548828125,0.5895164280122692,0.5895160948980688,0.589516417237883,27,38,False,[]
fake_guadalupe,4,qft,0,15,0.0,0,esp_thermal,fidelity,0.7705078125,0.5895164280122692,0.5895160948980688,0.589516417237883,27,38,False,[]
fake_guadalupe,4,qft,1,15,0.0,0,esp_thermal,fidelity,0.7744140625000001,0.5895164280122692,0.5895160948980688,0.589516417237883,27,38,False,[]
fake_guadalupe,4,qft,2,15,0.0,0,esp_thermal,fidelity,0.7753906250000001,0.5895164280122692,0.5895160948980688,0.589516417237883,27,38,False,[]
fake_guadalupe,4,qft,3,15,0.0,0,esp_thermal,fidelity,0.7695312499999999,0.5895164280122692,0.5895160948980688,0.589516417237883,27,38,False,[]
fake_guadalupe,4,qft,4,15,0.0,0,esp_thermal,fidelity,0.7548828125,0.5895164280122692,0.5895160948980688,0.589516417237883,27,38,False,[]
fake_guadalupe,4,qft,0,15,0.4,0,qiskit_L0,fidelity,0.640625,0.3058839964696152,0.3013161607779547,0.3054879681667387,33,60,False,"[1, 6, 8, 9, 13, 4, 2]"
fake_guadalupe,4,qft,1,15,0.4,0,qiskit_L0,fidelity,0.6416015625,0.3058839964696152,0.3013161607779547,0.3054879681667387,33,60,False,"[1, 6, 8, 9, 13, 4, 2]"
fake_guadalupe,4,qft,2,15,0.4,0,qiskit_L0,fidelity,0.640625,0.3058839964696152,0.3013161607779547,0.3054879681667387,33,60,False,"[1, 6, 8, 9, 13, 4, 2]"
fake_guadalupe,4,qft,3,15,0.4,0,qiskit_L0,fidelity,0.640625,0.3058839964696152,0.3013161607779547,0.3054879681667387,33,60,False,"[1, 6, 8, 9, 13, 4, 2]"
fake_guadalupe,4,qft,4,15,0.4,0,qiskit_L0,fidelity,0.6171875,0.3058839964696152,0.3013161607779547,0.3054879681667387,33,60,False,"[1, 6, 8, 9, 13, 4, 2]"
fake_guadalupe,4,qft,0,15,0.4,0,qiskit_L1,fidelity,0.7324218750000001,0.30313836907611613,0.29863827367101753,0.3030469202607831,27,46,False,"[1, 6, 8, 9, 13, 4, 2]"
fake_guadalupe,4,qft,1,15,0.4,0,qiskit_L1,fidelity,0.7490234375,0.30313836907611613,0.29863827367101753,0.3030469202607831,27,46,False,"[1, 6, 8, 9, 13, 4, 2]"
fake_guadalupe,4,qft,2,15,0.4,0,qiskit_L1,fidelity,0.74609375,0.30313836907611613,0.29863827367101753,0.3030469202607831,27,46,False,"[1, 6, 8, 9, 13, 4, 2]"
fake_guadalupe,4,qft,3,15,0.4,0,qiskit_L1,fidelity,0.7333984374999999,0.30313836907611613,0.29863827367101753,0.3030469202607831,27,46,False,"[1, 6, 8, 9, 13, 4, 2]"
fake_guadalupe,4,qft,4,15,0.4,0,qiskit_L1,fidelity,0.7119140625,0.30313836907611613,0.29863827367101753,0.3030469202607831,27,46,False,"[1, 6, 8, 9, 13, 4, 2]"
fake_guadalupe,4,qft,0,15,0.4,0,qiskit_L3,fidelity,0.7753906250000001,0.4453658017229644,0.43875433711678546,0.44527779584485405,18,35,False,"[1, 6, 8, 9, 13, 4, 2]"
fake_guadalupe,4,qft,1,15,0.4,0,qiskit_L3,fidelity,0.7812500000000001,0.4453658017229644,0.43875433711678546,0.44527779584485405,18,35,False,"[1, 6, 8, 9, 13, 4, 2]"
fake_guadalupe,4,qft,2,15,0.4,0,qiskit_L3,fidelity,0.7763671875,0.4453658017229644,0.43875433711678546,0.44527779584485405,18,35,False,"[1, 6, 8, 9, 13, 4, 2]"
fake_guadalupe,4,qft,3,15,0.4,0,qiskit_L3,fidelity,0.7792968750000001,0.4453658017229644,0.43875433711678546,0.44527779584485405,18,35,False,"[1, 6, 8, 9, 13, 4, 2]"
fake_guadalupe,4,qft,4,15,0.4,0,qiskit_L3,fidelity,0.765625,0.4453658017229644,0.43875433711678546,0.44527779584485405,18,35,False,"[1, 6, 8, 9, 13, 4, 2]"
fake_guadalupe,4,qft,0,15,0.4,0,esp_no_thermal,fidelity,0.7705078125,0.5895164280122692,0.5840843325063033,0.5893665434660735,27,38,False,"[1, 6, 8, 9, 13, 4, 2]"
fake_guadalupe,4,qft,1,15,0.4,0,esp_no_thermal,fidelity,0.7744140625000001,0.5895164280122692,0.5840843325063033,0.5893665434660735,27,38,False,"[1, 6, 8, 9, 13, 4, 2]"
fake_guadalupe,4,qft,2,15,0.4,0,esp_no_thermal,fidelity,0.7744140625000001,0.5895164280122692,0.5840843325063033,0.5893665434660735,27,38,False,"[1, 6, 8, 9, 13, 4, 2]"
fake_guadalupe,4,qft,3,15,0.4,0,esp_no_thermal,fidelity,0.7695312499999999,0.5895164280122692,0.5840843325063033,0.5893665434660735,27,38,False,"[1, 6, 8, 9, 13, 4, 2]"
fake_guadalupe,4,qft,4,15,0.4,0,esp_no_thermal,fidelity,0.7548828125,0.5895164280122692,0.5840843325063033,0.5893665434660735,27,38,False,"[1, 6, 8, 9, 13, 4, 2]"
fake_guadalupe,4,qft,0,15,0.4,0,esp_thermal,fidelity,0.7705078125,0.5895164280122692,0.5840843325063033,0.5893665434660735,27,38,False,"[1, 6, 8, 9, 13, 4, 2]"
fake_guadalupe,4,qft,1,15,0.4,0,esp_thermal,fidelity,0.7744140625000001,0.5895164280122692,0.5840843325063033,0.5893665434660735,27,38,False,"[1, 6, 8, 9, 13, 4, 2]"
fake_guadalupe,4,qft,2,15,0.4,0,esp_thermal,fidelity,0.7744140625000001,0.5895164280122692,0.5840843325063033,0.5893665434660735,27,38,False,"[1, 6, 8, 9, 13, 4, 2]"
fake_guadalupe,4,qft,3,15,0.4,0,esp_thermal,fidelity,0.7695312499999999,0.5895164280122692,0.5840843325063033,0.5893665434660735,27,38,False,"[1, 6, 8, 9, 13, 4, 2]"
fake_guadalupe,4,qft,4,15,0.4,0,esp_thermal,fidelity,0.7548828125,0.5895164280122692,0.5840843325063033,0.5893665434660735,27,38,False,"[1, 6, 8, 9, 13, 4, 2]"
fake_guadalupe,4,qft,0,50,0.0,0,qiskit_L0,fidelity,0.6396484375000001,0.3058839964696152,0.29052218183404394,0.3048479845525701,33,60,True,[]
fake_guadalupe,4,qft,1,50,0.0,0,qiskit_L0,fidelity,0.6416015625,0.3058839964696152,0.29052218183404394,0.3048479845525701,33,60,True,[]
fake_guadalupe,4,qft,2,50,0.0,0,qiskit_L0,fidelity,0.640625,0.3058839964696152,0.29052218183404394,0.3048479845525701,33,60,True,[]
fake_guadalupe,4,qft,3,50,0.0,0,qiskit_L0,fidelity,0.640625,0.3058839964696152,0.29052218183404394,0.3048479845525701,33,60,True,[]
fake_guadalupe,4,qft,4,50,0.0,0,qiskit_L0,fidelity,0.6152343749999999,0.3058839964696152,0.29052218183404394,0.3048479845525701,33,60,True,[]
fake_guadalupe,4,qft,0,50,0.0,0,qiskit_L1,fidelity,0.7324218750000001,0.30313836907611613,0.28820401187216044,0.3025437245848888,27,46,True,[]
fake_guadalupe,4,qft,1,50,0.0,0,qiskit_L1,fidelity,0.7490234375,0.30313836907611613,0.28820401187216044,0.3025437245848888,27,46,True,[]
fake_guadalupe,4,qft,2,50,0.0,0,qiskit_L1,fidelity,0.74609375,0.30313836907611613,0.28820401187216044,0.3025437245848888,27,46,True,[]
fake_guadalupe,4,qft,3,50,0.0,0,qiskit_L1,fidelity,0.7333984374999999,0.30313836907611613,0.28820401187216044,0.3025437245848888,27,46,True,[]
fake_guadalupe,4,qft,4,50,0.0,0,qiskit_L1,fidelity,0.7109375,0.30313836907611613,0.28820401187216044,0.3025437245848888,27,46,True,[]
fake_guadalupe,4,qft,0,50,0.0,0,qiskit_L3,fidelity,0.7734375,0.4453658017229644,0.42342449488797657,0.4447803705639337,18,35,True,[]
fake_guadalupe,4,qft,1,50,0.0,0,qiskit_L3,fidelity,0.7802734375,0.4453658017229644,0.42342449488797657,0.4447803705639337,18,35,True,[]
fake_guadalupe,4,qft,2,50,0.0,0,qiskit_L3,fidelity,0.7763671875,0.4453658017229644,0.42342449488797657,0.4447803705639337,18,35,True,[]
fake_guadalupe,4,qft,3,50,0.0,0,qiskit_L3,fidelity,0.7783203125,0.4453658017229644,0.42342449488797657,0.4447803705639337,18,35,True,[]
fake_guadalupe,4,qft,4,50,0.0,0,qiskit_L3,fidelity,0.765625,0.4453658017229644,0.42342449488797657,0.4447803705639337,18,35,True,[]
fake_guadalupe,4,qft,0,50,0.0,0,esp_no_thermal,fidelity,0.7695312499999999,0.5895164280122692,0.5570733256807963,0.5883944215599722,27,38,True,[]
fake_guadalupe,4,qft,1,50,0.0,0,esp_no_thermal,fidelity,0.7734375,0.5895164280122692,0.5570733256807963,0.5883944215599722,27,38,True,[]
fake_guadalupe,4,qft,2,50,0.0,0,esp_no_thermal,fidelity,0.7724609375000001,0.5895164280122692,0.5570733256807963,0.5883944215599722,27,38,True,[]
fake_guadalupe,4,qft,3,50,0.0,0,esp_no_thermal,fidelity,0.7685546875,0.5895164280122692,0.5570733256807963,0.5883944215599722,27,38,True,[]
fake_guadalupe,4,qft,4,50,0.0,0,esp_no_thermal,fidelity,0.7548828125,0.5895164280122692,0.5570733256807963,0.5883944215599722,27,38,True,[]
fake_guadalupe,4,qft,0,50,0.0,0,esp_thermal,fidelity,0.7041015625,0.5876766058944101,0.5573435634707227,0.5864894301308189,33,47,True,[]
fake_guadalupe,4,qft,1,50,0.0,0,esp_thermal,fidelity,0.7138671875,0.5876766058944101,0.5573435634707227,0.5864894301308189,33,47,True,[]
fake_guadalupe,4,qft,2,50,0.0,0,esp_thermal,fidelity,0.7119140625,0.5876766058944101,0.5573435634707227,0.5864894301308189,33,47,True,[]
fake_guadalupe,4,qft,3,50,0.0,0,esp_thermal,fidelity,0.7177734374999999,0.5876766058944101,0.5573435634707227,0.5864894301308189,33,47,True,[]
fake_guadalupe,4,qft,4,50,0.0,0,esp_thermal,fidelity,0.6689453125,0.5876766058944101,0.5573435634707227,0.5864894301308189,33,47,True,[]
fake_guadalupe,4,qft,0,50,0.4,0,qiskit_L0,fidelity,0.6142578125000001,0.3058839964696152,0.15008366020712358,0.28943969034210654,33,60,True,"[1, 6, 8, 9, 13, 4, 2]"
fake_guadalupe,4,qft,1,50,0.4,0,qiskit_L0,fidelity,0.6230468750000001,0.3058839964696152,0.15008366020712358,0.28943969034210654,33,60,True,"[1, 6, 8, 9, 13, 4, 2]"
fake_guadalupe,4,qft,2,50,0.4,0,qiskit_L0,fidelity,0.6181640625000002,0.3058839964696152,0.15008366020712358,0.28943969034210654,33,60,True,"[1, 6, 8, 9, 13, 4, 2]"
fake_guadalupe,4,qft,3,50,0.4,0,qiskit_L0,fidelity,0.6230468750000001,0.3058839964696152,0.15008366020712358,0.28943969034210654,33,60,True,"[1, 6, 8, 9, 13, 4, 2]"
fake_guadalupe,4,qft,4,50,0.4,0,qiskit_L0,fidelity,0.5908203125000001,0.3058839964696152,0.15008366020712358,0.28943969034210654,33,60,True,"[1, 6, 8, 9, 13, 4, 2]"
fake_guadalupe,4,qft,0,50,0.4,0,qiskit_L1,fidelity,0.7265625000000001,0.30313836907611613,0.14910567518090886,0.2988601795307844,27,46,True,"[1, 6, 8, 9, 13, 4, 2]"
fake_guadalupe,4,qft,1,50,0.4,0,qiskit_L1,fidelity,0.7441406249999999,0.30313836907611613,0.14910567518090886,0.2988601795307844,27,46,True,"[1, 6, 8, 9, 13, 4, 2]"
fake_guadalupe,4,qft,2,50,0.4,0,qiskit_L1,fidelity,0.7421875,0.30313836907611613,0.14910567518090886,0.2988601795307844,27,46,True,"[1, 6, 8, 9, 13, 4, 2]"
fake_guadalupe,4,qft,3,50,0.4,0,qiskit_L1,fidelity,0.7314453125,0.30313836907611613,0.14910567518090886,0.2988601795307844,27,46,True,"[1, 6, 8, 9, 13, 4, 2]"
fake_guadalupe,4,qft,4,50,0.4,0,qiskit_L1,fidelity,0.7041015625,0.30313836907611613,0.14910567518090886,0.2988601795307844,27,46,True,"[1, 6, 8, 9, 13, 4, 2]"
fake_guadalupe,4,qft,0,50,0.4,0,qiskit_L3,fidelity,0.7714843750000001,0.4453658017229644,0.2190635542797788,0.4412388726280647,18,35,True,"[1, 6, 8, 9, 13, 4, 2]"
fake_guadalupe,4,qft,1,50,0.4,0,qiskit_L3,fidelity,0.7783203125,0.4453658017229644,0.2190635542797788,0.4412388726280647,18,35,True,"[1, 6, 8, 9, 13, 4, 2]"
fake_guadalupe,4,qft,2,50,0.4,0,qiskit_L3,fidelity,0.7734375,0.4453658017229644,0.2190635542797788,0.4412388726280647,18,35,True,"[1, 6, 8, 9, 13, 4, 2]"
fake_guadalupe,4,qft,3,50,0.4,0,qiskit_L3,fidelity,0.7734375,0.4453658017229644,0.2190635542797788,0.4412388726280647,18,35,True,"[1, 6, 8, 9, 13, 4, 2]"
fake_guadalupe,4,qft,4,50,0.4,0,qiskit_L3,fidelity,0.7607421875000001,0.4453658017229644,0.2190635542797788,0.4412388726280647,18,35,True,"[1, 6, 8, 9, 13, 4, 2]"
fake_guadalupe,4,qft,0,50,0.4,0,esp_no_thermal,fidelity,0.7666015625,0.5895164280122692,0.39335492826760776,0.5832820956234273,27,38,True,"[1, 6, 8, 9, 13, 4, 2]"
fake_guadalupe,4,qft,1,50,0.4,0,esp_no_thermal,fidelity,0.7695312499999999,0.5895164280122692,0.39335492826760776,0.5832820956234273,27,38,True,"[1, 6, 8, 9, 13, 4, 2]"
fake_guadalupe,4,qft,2,50,0.4,0,esp_no_thermal,fidelity,0.7695312499999999,0.5895164280122692,0.39335492826760776,0.5832820956234273,27,38,True,"[1, 6, 8, 9, 13, 4, 2]"
fake_guadalupe,4,qft,3,50,0.4,0,esp_no_thermal,fidelity,0.763671875,0.5895164280122692,0.39335492826760776,0.5832820956234273,27,38,True,"[1, 6, 8, 9, 13, 4, 2]"
fake_guadalupe,4,qft,4,50,0.4,0,esp_no_thermal,fidelity,0.7490234375,0.5895164280122692,0.39335492826760776,0.5832820956234273,27,38,True,"[1, 6, 8, 9, 13, 4, 2]"
fake_guadalupe,4,qft,0,50,0.4,0,esp_thermal,fidelity,0.701171875,0.5419273507419003,0.514606594898364,0.5407694855175266,33,46,True,"[1, 6, 8, 9, 13, 4, 2]"
fake_guadalupe,4,qft,1,50,0.4,0,esp_thermal,fidelity,0.7138671875,0.5419273507419003,0.514606594898364,0.5407694855175266,33,46,True,"[1, 6, 8, 9, 13, 4, 2]"
fake_guadalupe,4,qft,2,50,0.4,0,esp_thermal,fidelity,0.708984375,0.5419273507419003,0.514606594898364,0.5407694855175266,33,46,True,"[1, 6, 8, 9, 13, 4, 2]"
fake_guadalupe,4,qft,3,50,0.4,0,esp_thermal,fidelity,0.7158203125,0.5419273507419003,0.514606594898364,0.5407694855175266,33,46,True,"[1, 6, 8, 9, 13, 4, 2]"
fake_guadalupe,4,qft,4,50,0.4,0,esp_thermal,fidelity,0.6689453125,0.5419273507419003,0.514606594898364,0.5407694855175266,33,46,True,"[1, 6, 8, 9, 13, 4, 2]"
fake_guadalupe,4,qft,0,120,0.0,0,qiskit_L0,fidelity,0.6123046875000001,0.3058839964696152,0.12170676101455202,0.2886979917748547,33,60,True,[]
fake_guadalupe,4,qft,1,120,0.0,0,qiskit_L0,fidelity,0.62109375,0.3058839964696152,0.12170676101455202,0.2886979917748547,33,60,True,[]
fake_guadalupe,4,qft,2,120,0.0,0,qiskit_L0,fidelity,0.6181640625000002,0.3058839964696152,0.12170676101455202,0.2886979917748547,33,60,True,[]
fake_guadalupe,4,qft,3,120,0.0,0,qiskit_L0,fidelity,0.6201171875000001,0.3058839964696152,0.12170676101455202,0.2886979917748547,33,60,True,[]
fake_guadalupe,4,qft,4,120,0.0,0,qiskit_L0,fidelity,0.58984375,0.3058839964696152,0.12170676101455202,0.2886979917748547,33,60,True,[]
fake_guadalupe,4,qft,0,120,0.0,0,qiskit_L1,fidelity,0.71875,0.30313836907611613,0.12141970886251525,0.29320172369783964,27,46,True,[]
fake_guadalupe,4,qft,1,120,0.0,0,qiskit_L1,fidelity,0.7314453125,0.30313836907611613,0.12141970886251525,0.29320172369783964,27,46,True,[]
fake_guadalupe,4,qft,2,120,0.0,0,qiskit_L1,fidelity,0.734375,0.30313836907611613,0.12141970886251525,0.29320172369783964,27,46,True,[]
fake_guadalupe,4,qft,3,120,0.0,0,qiskit_L1,fidelity,0.724609375,0.30313836907611613,0.12141970886251525,0.29320172369783964,27,46,True,[]
fake_guadalupe,4,qft,4,120,0.0,0,qiskit_L1,fidelity,0.6904296875,0.30313836907611613,0.12141970886251525,0.29320172369783964,27,46,True,[]
fake_guadalupe,4,qft,0,120,0.0,0,qiskit_L3,fidelity,0.7675781250000001,0.4453658017229644,0.17838779745148278,0.4355274900049598,18,35,True,[]
fake_guadalupe,4,qft,1,120,0.0,0,qiskit_L3,fidelity,0.7763671875,0.4453658017229644,0.17838779745148278,0.4355274900049598,18,35,True,[]
fake_guadalupe,4,qft,2,120,0.0,0,qiskit_L3,fidelity,0.7675781250000001,0.4453658017229644,0.17838779745148278,0.4355274900049598,18,35,True,[]
fake_guadalupe,4,qft,3,120,0.0,0,qiskit_L3,fidelity,0.7705078125,0.4453658017229644,0.17838779745148278,0.4355274900049598,18,35,True,[]
fake_guadalupe,4,qft,4,120,0.0,0,qiskit_L3,fidelity,0.7568359375000001,0.4453658017229644,0.17838779745148278,0.4355274900049598,18,35,True,[]
fake_guadalupe,4,qft,0,120,0.0,0,esp_no_thermal,fidelity,0.755859375,0.5895164280122692,0.22626837055515775,0.5716091576800119,27,38,True,[]
fake_guadalupe,4,qft,1,120,0.0,0,esp_no_thermal,fidelity,0.76171875,0.5895164280122692,0.22626837055515775,0.5716091576800119,27,38,True,[]
fake_guadalupe,4,qft,2,120,0.0,0,esp_no_thermal,fidelity,0.763671875,0.5895164280122692,0.22626837055515775,0.5716091576800119,27,38,True,[]
fake_guadalupe,4,qft,3,120,0.0,0,esp_no_thermal,fidelity,0.751953125,0.5895164280122692,0.22626837055515775,0.5716091576800119,27,38,True,[]
fake_guadalupe,4,qft,4,120,0.0,0,esp_no_thermal,fidelity,0.740234375,0.5895164280122692,0.22626837055515775,0.5716091576800119,27,38,True,[]
fake_guadalupe,4,qft,0,120,0.0,0,esp_thermal,fidelity,0.6806640625000001,0.5825857808357304,0.2359940787688206,0.5630533822815993,27,38,True,[]
fake_guadalupe,4,qft,1,120,0.0,0,esp_thermal,fidelity,0.6923828125000001,0.5825857808357304,0.2359940787688206,0.5630533822815993,27,38,True,[]
fake_guadalupe,4,qft,2,120,0.0,0,esp_thermal,fidelity,0.6943359375,0.5825857808357304,0.2359940787688206,0.5630533822815993,27,38,True,[]
fake_guadalupe,4,qft,3,120,0.0,0,esp_thermal,fidelity,0.6962890625000001,0.5825857808357304,0.2359940787688206,0.5630533822815993,27,38,True,[]
fake_guadalupe,4,qft,4,120,0.0,0,esp_thermal,fidelity,0.6601562500000002,0.5825857808357304,0.2359940787688206,0.5630533822815993,27,38,True,[]
fake_guadalupe,4,qft,0,120,0.4,0,qiskit_L0,fidelity,0.609375,0.3058839964696152,0.09748693271669542,0.28398400978234256,33,60,True,"[1, 6, 8, 9, 13, 4, 2]"
fake_guadalupe,4,qft,1,120,0.4,0,qiskit_L0,fidelity,0.6083984375000001,0.3058839964696152,0.09748693271669542,0.28398400978234256,33,60,True,"[1, 6, 8, 9, 13, 4, 2]"
fake_guadalupe,4,qft,2,120,0.4,0,qiskit_L0,fidelity,0.6123046875000001,0.3058839964696152,0.09748693271669542,0.28398400978234256,33,60,True,"[1, 6, 8, 9, 13, 4, 2]"
fake_guadalupe,4,qft,3,120,0.4,0,qiskit_L0,fidelity,0.6103515625,0.3058839964696152,0.09748693271669542,0.28398400978234256,33,60,True,"[1, 6, 8, 9, 13, 4, 2]"
fake_guadalupe,4,qft,4,120,0.4,0,qiskit_L0,fidelity,0.5830078125000001,0.3058839964696152,0.09748693271669542,0.28398400978234256,33,60,True,"[1, 6, 8, 9, 13, 4, 2]"
fake_guadalupe,4,qft,0,120,0.4,0,qiskit_L1,fidelity,0.71875,0.30313836907611613,0.0972822276353372,0.29206022020034333,27,46,True,"[1, 6, 8, 9, 13, 4, 2]"
fake_guadalupe,4,qft,1,120,0.4,0,qiskit_L1,fidelity,0.73046875,0.30313836907611613,0.0972822276353372,0.29206022020034333,27,46,True,"[1, 6, 8, 9, 13, 4, 2]"
fake_guadalupe,4,qft,2,120,0.4,0,qiskit_L1,fidelity,0.7314453125,0.30313836907611613,0.0972822276353372,0.29206022020034333,27,46,True,"[1, 6, 8, 9, 13, 4, 2]"
fake_guadalupe,4,qft,3,120,0.4,0,qiskit_L1,fidelity,0.7236328125,0.30313836907611613,0.0972822276353372,0.29206022020034333,27,46,True,"[1, 6, 8, 9, 13, 4, 2]"
fake_guadalupe,4,qft,4,120,0.4,0,qiskit_L1,fidelity,0.6894531250000001,0.30313836907611613,0.0972822276353372,0.29206022020034333,27,46,True,"[1, 6, 8, 9, 13, 4, 2]"
fake_guadalupe,4,qft,0,120,0.4,0,qiskit_L3,fidelity,0.7675781250000001,0.4453658017229644,0.14292541533509717,0.4344210318693744,18,35,True,"[1, 6, 8, 9, 13, 4, 2]"
fake_guadalupe,4,qft,1,120,0.4,0,qiskit_L3,fidelity,0.7744140625000001,0.4453658017229644,0.14292541533509717,0.4344210318693744,18,35,True,"[1, 6, 8, 9, 13, 4, 2]"
fake_guadalupe,4,qft,2,120,0.4,0,qiskit_L3,fidelity,0.7675781250000001,0.4453658017229644,0.14292541533509717,0.4344210318693744,18,35,True,"[1, 6, 8, 9, 13, 4, 2]"
fake_guadalupe,4,qft,3,120,0.4,0,qiskit_L3,fidelity,0.7705078125,0.4453658017229644,0.14292541533509717,0.4344210318693744,18,35,True,"[1, 6, 8, 9, 13, 4, 2]"
fake_guadalupe,4,qft,4,120,0.4,0,qiskit_L3,fidelity,0.7548828125,0.4453658017229644,0.14292541533509717,0.4344210318693744,18,35,True,"[1, 6, 8, 9, 13, 4, 2]"
fake_guadalupe,4,qft,0,120,0.4,0,esp_no_thermal,fidelity,0.7539062499999999,0.5895164280122692,0.20199319029809168,0.5700785090152712,27,38,True,"[1, 6, 8, 9, 13, 4, 2]"
fake_guadalupe,4,qft,1,120,0.4,0,esp_no_thermal,fidelity,0.76171875,0.5895164280122692,0.20199319029809168,0.5700785090152712,27,38,True,"[1, 6, 8, 9, 13, 4, 2]"
fake_guadalupe,4,qft,2,120,0.4,0,esp_no_thermal,fidelity,0.7626953125,0.5895164280122692,0.20199319029809168,0.5700785090152712,27,38,True,"[1, 6, 8, 9, 13, 4, 2]"
fake_guadalupe,4,qft,3,120,0.4,0,esp_no_thermal,fidelity,0.751953125,0.5895164280122692,0.20199319029809168,0.5700785090152712,27,38,True,"[1, 6, 8, 9, 13, 4, 2]"
fake_guadalupe,4,qft,4,120,0.4,0,esp_no_thermal,fidelity,0.7373046875,0.5895164280122692,0.20199319029809168,0.5700785090152712,27,38,True,"[1, 6, 8, 9, 13, 4, 2]"
fake_guadalupe,4,qft,0,120,0.4,0,esp_thermal,fidelity,0.6845703125,0.5419273507419003,0.2151790281810911,0.5220333331965105,33,46,True,"[1, 6, 8, 9, 13, 4, 2]"
fake_guadalupe,4,qft,1,120,0.4,0,esp_thermal,fidelity,0.6982421875000001,0.5419273507419003,0.2151790281810911,0.5220333331965105,33,46,True,"[1, 6, 8, 9, 13, 4, 2]"
fake_guadalupe,4,qft,2,120,0.4,0,esp_thermal,fidelity,0.6943359375,0.5419273507419003,0.2151790281810911,0.5220333331965105,33,46,True,"[1, 6, 8, 9, 13, 4, 2]"
fake_guadalupe,4,qft,3,120,0.4,0,esp_thermal,fidelity,0.69921875,0.5419273507419003,0.2151790281810911,0.5220333331965105,33,46,True,"[1, 6, 8, 9, 13, 4, 2]"
fake_guadalupe,4,qft,4,120,0.4,0,esp_thermal,fidelity,0.6601562500000002,0.5419273507419003,0.2151790281810911,0.5220333331965105,33,46,True,"[1, 6, 8, 9, 13, 4, 2]"
fake_guadalupe,4,routing,0,15,0.0,0,qiskit_L0,fidelity,0.9921953186543607,0.6282614472058959,0.6282611789924185,0.6282614379989708,17,15,False,[]
fake_guadalupe,4,routing,1,15,0.0,0,qiskit_L0,fidelity,0.989839040816052,0.6282614472058959,0.6282611789924185,0.6282614379989708,17,15,False,[]
fake_guadalupe,4,routing,2,15,0.0,0,qiskit_L0,fidelity,0.9960183554169554,0.6282614472058959,0.6282611789924185,0.6282614379989708,17,15,False,[]
fake_guadalupe,4,routing,3,15,0.0,0,qiskit_L0,fidelity,0.995919873118319,0.6282614472058959,0.6282611789924185,0.6282614379989708,17,15,False,[]
fake_guadalupe,4,routing,4,15,0.0,0,qiskit_L0,fidelity,0.9862375778458375,0.6282614472058959,0.6282611789924185,0.6282614379989708,17,15,False,[]
fake_guadalupe,4,routing,0,15,0.0,0,qiskit_L1,fidelity,0.991175797504475,0.7686443421653264,0.768643979793948,0.7686443379573976,9,10,False,[]
fake_guadalupe,4,routing,1,15,0.0,0,qiskit_L1,fidelity,0.9923459980738566,0.7686443421653264,0.768643979793948,0.7686443379573976,9,10,False,[]
fake_guadalupe,4,routing,2,15,0.0,0,qiskit_L1,fidelity,0.9907350962891727,0.7686443421653264,0.768643979793948,0.7686443379573976,9,10,False,[]
fake_guadalupe,4,routing,3,15,0.0,0,qiskit_L1,fidelity,0.9973317303095179,0.7686443421653264,0.768643979793948,0.7686443379573976,9,10,False,[]
fake_guadalupe,4,routing,4,15,0.0,0,qiskit_L1,fidelity,0.9939091990919529,0.7686443421653264,0.768643979793948,0.7686443379573976,9,10,False,[]
fake_guadalupe,4,routing,0,15,0.0,0,qiskit_L3,fidelity,0.9911259014156677,0.8216308087128004,0.8216303444392418,0.8216308046453321,7,15,False,[]
fake_guadalupe,4,routing,1,15,0.0,0,qiskit_L3,fidelity,0.9874554708416928,0.8216308087128004,0.8216303444392418,0.8216308046453321,7,15,False,[]
fake_guadalupe,4,routing,2,15,0.0,0,qiskit_L3,fidelity,0.9928479300966162,0.8216308087128004,0.8216303444392418,0.8216308046453321,7,15,False,[]
fake_guadalupe,4,routing,3,15,0.0,0,qiskit_L3,fidelity,0.9964389083416083,0.8216308087128004,0.8216303444392418,0.8216308046453321,7,15,False,[]
fake_guadalupe,4,routing,4,15,0.0,0,qiskit_L3,fidelity,0.9918908708748002,0.8216308087128004,0.8216303444392418,0.8216308046453321,7,15,False,[]
fake_guadalupe,4,routing,0,15,0.0,0,esp_no_thermal,fidelity,0.9927967811690306,0.821888657091542,0.821888308653425,0.8218886534496447,9,10,False,[]
fake_guadalupe,4,routing,1,15,0.0,0,esp_no_thermal,fidelity,0.9902066701777084,0.821888657091542,0.821888308653425,0.8218886534496447,9,10,False,[]
fake_guadalupe,4,routing,2,15,0.0,0,esp_no_thermal,fidelity,0.991753213606095,0.821888657091542,0.821888308653425,0.8218886534496447,9,10,False,[]
fake_guadalupe,4,routing,3,15,0.0,0,esp_no_thermal,fidelity,0.997916157391726,0.821888657091542,0.821888308653425,0.8218886534496447,9,10,False,[]
fake_guadalupe,4,routing,4,15,0.0,0,esp_no_thermal,fidelity,0.9935437803349485,0.821888657091542,0.821888308653425,0.8218886534496447,9,10,False,[]
fake_guadalupe,4,routing,0,15,0.0,0,esp_thermal,fidelity,0.9927967811690306,0.821888657091542,0.821888308653425,0.8218886534496447,9,10,False,[]
fake_guadalupe,4,routing,1,15,0.0,0,esp_thermal,fidelity,0.9902066701777084,0.821888657091542,0.821888308653425,0.8218886534496447,9,10,False,[]
fake_guadalupe,4,routing,2,15,0.0,0,esp_thermal,fidelity,0.991753213606095,0.821888657091542,0.821888308653425,0.8218886534496447,9,10,False,[]
fake_guadalupe,4,routing,3,15,0.0,0,esp_thermal,fidelity,0.997916157391726,0.821888657091542,0.821888308653425,0.8218886534496447,9,10,False,[]
fake_guadalupe,4,routing,4,15,0.0,0,esp_thermal,fidelity,0.9935437803349485,0.821888657091542,0.821888308653425,0.8218886534496447,9,10,False,[]
fake_guadalupe,4,routing,0,15,0.4,0,qiskit_L0,fidelity,0.9921953186543607,0.6282614472058959,0.6188794752970568,0.6279043597308841,17,15,False,"[1, 6, 8, 9, 13, 4, 2]"
fake_guadalupe,4,routing,1,15,0.4,0,qiskit_L0,fidelity,0.989995416774446,0.6282614472058959,0.6188794752970568,0.6279043597308841,17,15,False,"[1, 6, 8, 9, 13, 4, 2]"
fake_guadalupe,4,routing,2,15,0.4,0,qiskit_L0,fidelity,0.9960183554169554,0.6282614472058959,0.6188794752970568,0.6279043597308841,17,15,False,"[1, 6, 8, 9, 13, 4, 2]"
fake_guadalupe,4,routing,3,15,0.4,0,qiskit_L0,fidelity,0.995919873118319,0.6282614472058959,0.6188794752970568,0.6279043597308841,17,15,False,"[1, 6, 8, 9, 13, 4, 2]"
fake_guadalupe,4,routing,4,15,0.4,0,qiskit_L0,fidelity,0.9863246818242842,0.6282614472058959,0.6188794752970568,0.6279043597308841,17,15,False,"[1, 6, 8, 9, 13, 4, 2]"
fake_guadalupe,4,routing,0,15,0.4,0,qiskit_L1,fidelity,0.9907930399477185,0.7686443421653264,0.7511088889743747,0.7684694641173174,9,10,False,"[1, 6, 8, 9, 13, 4, 2]"
fake_guadalupe,4,routing,1,15,0.4,0,qiskit_L1,fidelity,0.9923553854265013,0.7686443421653264,0.7511088889743747,0.7684694641173174,9,10,False,"[1, 6, 8, 9, 13, 4, 2]"
fake_guadalupe,4,routing,2,15,0.4,0,qiskit_L1,fidelity,0.9907350962891727,0.7686443421653264,0.7511088889743747,0.7684694641173174,9,10,False,"[1, 6, 8, 9, 13, 4, 2]"
fake_guadalupe,4,routing,3,15,0.4,0,qiskit_L1,fidelity,0.997346564706421,0.7686443421653264,0.7511088889743747,0.7684694641173174,9,10,False,"[1, 6, 8, 9, 13, 4, 2]"
fake_guadalupe,4,routing,4,15,0.4,0,qiskit_L1,fidelity,0.9939091990919529,0.7686443421653264,0.7511088889743747,0.7684694641173174,9,10,False,"[1, 6, 8, 9, 13, 4, 2]"
fake_guadalupe,4,routing,0,15,0.4,0,qiskit_L3,fidelity,0.9911259014156677,0.8216308087128004,0.8140598966711785,0.8215799368326777,7,15,False,"[1, 6, 8, 9, 13, 4, 2]"
fake_guadalupe,4,routing,1,15,0.4,0,qiskit_L3,fidelity,0.9872234379267145,0.8216308087128004,0.8140598966711785,0.8215799368326777,7,15,False,"[1, 6, 8, 9, 13, 4, 2]"
fake_guadalupe,4,routing,2,15,0.4,0,qiskit_L3,fidelity,0.9928479300966162,0.8216308087128004,0.8140598966711785,0.8215799368326777,7,15,False,"[1, 6, 8, 9, 13, 4, 2]"
fake_guadalupe,4,routing,3,15,0.4,0,qiskit_L3,fidelity,0.9965407516429303,0.8216308087128004,0.8140598966711785,0.8215799368326777,7,15,False,"[1, 6, 8, 9, 13, 4, 2]"
fake_guadalupe,4,routing,4,15,0.4,0,qiskit_L3,fidelity,0.9917604297674577,0.8216308087128004,0.8140598966711785,0.8215799368326777,7,15,False,"[1, 6, 8, 9, 13, 4, 2]"
fake_guadalupe,4,routing,0,15,0.4,0,esp_no_thermal,fidelity,0.9927967811690306,0.821888657091542,0.821888308653425,0.8218886534496447,9,10,False,"[1, 6, 8, 9, 13, 4, 2]"
fake_guadalupe,4,routing,1,15,0.4,0,esp_no_thermal,fidelity,0.9902066701777084,0.821888657091542,0.821888308653425,0.8218886534496447,9,10,False,"[1, 6, 8, 9, 13, 4, 2]"
fake_guadalupe,4,routing,2,15,0.4,0,esp_no_thermal,fidelity,0.991753213606095,0.821888657091542,0.821888308653425,0.8218886534496447,9,10,False,"[1, 6, 8, 9, 13, 4, 2]"
fake_guadalupe,4,routing,3,15,0.4,0,esp_no_thermal,fidelity,0.997916157391726,0.821888657091542,0.821888308653425,0.8218886534496447,9,10,False,"[1, 6, 8, 9, 13, 4, 2]"
fake_guadalupe,4,routing,4,15,0.4,0,esp_no_thermal,fidelity,0.9935437803349485,0.821888657091542,0.821888308653425,0.8218886534496447,9,10,False,"[1, 6, 8, 9, 13, 4, 2]"
fake_guadalupe,4,routing,0,15,0.4,0,esp_thermal,fidelity,0.9927967811690306,0.821888657091542,0.821888308653425,0.8218886534496447,9,10,False,"[1, 6, 8, 9, 13, 4, 2]"
fake_guadalupe,4,routing,1,15,0.4,0,esp_thermal,fidelity,0.9902066701777084,0.821888657091542,0.821888308653425,0.8218886534496447,9,10,False,"[1, 6, 8, 9, 13, 4, 2]"
fake_guadalupe,4,routing,2,15,0.4,0,esp_thermal,fidelity,0.991753213606095,0.821888657091542,0.821888308653425,0.8218886534496447,9,10,False,"[1, 6, 8, 9, 13, 4, 2]"
fake_guadalupe,4,routing,3,15,0.4,0,esp_thermal,fidelity,0.997916157391726,0.821888657091542,0.821888308653425,0.8218886534496447,9,10,False,"[1, 6, 8, 9, 13, 4, 2]"
fake_guadalupe,4,routing,4,15,0.4,0,esp_thermal,fidelity,0.9935437803349485,0.821888657091542,0.821888308653425,0.8218886534496447,9,10,False,"[1, 6, 8, 9, 13, 4, 2]"
fake_guadalupe,4,routing,0,50,0.0,0,qiskit_L0,fidelity,0.9919963989841871,0.6282614472058959,0.5967094993889351,0.6271601190626284,17,15,False,[]
fake_guadalupe,4,routing,1,50,0.0,0,qiskit_L0,fidelity,0.990057956630497,0.6282614472058959,0.5967094993889351,0.6271601190626284,17,15,False,[]
fake_guadalupe,4,routing,2,50,0.0,0,qiskit_L0,fidelity,0.9960156947621303,0.6282614472058959,0.5967094993889351,0.6271601190626284,17,15,False,[]
fake_guadalupe,4,routing,3,50,0.0,0,qiskit_L0,fidelity,0.9958342854792658,0.6282614472058959,0.5967094993889351,0.6271601190626284,17,15,False,[]
fake_guadalupe,4,routing,4,50,0.0,0,qiskit_L0,fidelity,0.986640595981773,0.6282614472058959,0.5967094993889351,0.6271601190626284,17,15,False,[]
fake_guadalupe,4,routing,0,50,0.0,0,qiskit_L1,fidelity,0.9907930399477185,0.7686443421653264,0.7284750618431686,0.7681589248756415,9,10,False,[]
fake_guadalupe,4,routing,1,50,0.0,0,qiskit_L1,fidelity,0.9923553854265013,0.7686443421653264,0.7284750618431686,0.7681589248756415,9,10,False,[]
fake_guadalupe,4,routing,2,50,0.0,0,qiskit_L1,fidelity,0.9907303130432124,0.7686443421653264,0.7284750618431686,0.7681589248756415,9,10,False,[]
fake_guadalupe,4,routing,3,50,0.0,0,qiskit_L1,fidelity,0.9974398457126754,0.7686443421653264,0.7284750618431686,0.7681589248756415,9,10,False,[]
fake_guadalupe,4,routing,4,50,0.0,0,qiskit_L1,fidelity,0.9940415545190284,0.7686443421653264,0.7284750618431686,0.7681589248756415,9,10,False,[]
fake_guadalupe,4,routing,0,50,0.0,0,qiskit_L3,fidelity,0.9910007556246284,0.8216308087128004,0.7764136593016469,0.8212036753621117,7,15,False,[]
fake_guadalupe,4,routing,1,50,0.0,0,qiskit_L3,fidelity,0.9872234379267145,0.8216308087128004,0.7764136593016469,0.8212036753621117,7,15,False,[]
fake_guadalupe,4,routing,2,50,0.0,0,qiskit_L3,fidelity,0.9928479300966162,0.8216308087128004,0.7764136593016469,0.8212036753621117,7,15,False,[]
fake_guadalupe,4,routing,3,50,0.0,0,qiskit_L3,fidelity,0.996636658194489,0.8216308087128004,0.7764136593016469,0.8212036753621117,7,15,False,[]
fake_guadalupe,4,routing,4,50,0.0,0,qiskit_L3,fidelity,0.9917604297674577,0.8216308087128004,0.7764136593016469,0.8212036753621117,7,15,False,[]
fake_guadalupe,4,routing,0,50,0.0,0,esp_no_thermal,fidelity,0.992748248794619,0.821888657091542,0.7804539162536244,0.8214053060492271,9,10,False,[]
fake_guadalupe,4,routing,1,50,0.0,0,esp_no_thermal,fidelity,0.9902066701777084,0.821888657091542,0.7804539162536244,0.8214053060492271,9,10,False,[]
fake_guadalupe,4,routing,2,50,0.0,0,esp_no_thermal,fidelity,0.9914605442017905,0.821888657091542,0.7804539162536244,0.8214053060492271,9,10,False,[]
fake_guadalupe,4,routing,3,50,0.0,0,esp_no_thermal,fidelity,0.997844240123448,0.821888657091542,0.7804539162536244,0.8214053060492271,9,10,False,[]
fake_guadalupe,4,routing,4,50,0.0,0,esp_no_thermal,fidelity,0.9936151295045477,0.821888657091542,0.7804539162536244,0.8214053060492271,9,10,False,[]
fake_guadalupe,4,routing,0,50,0.0,0,esp_thermal,fidelity,0.992748248794619,0.821888657091542,0.7804539162536244,0.8214053060492271,9,10,False,[]
fake_guadalupe,4,routing,1,50,0.0,0,esp_thermal,fidelity,0.9902066701777084,0.821888657091542,0.7804539162536244,0.8214053060492271,9,10,False,[]
fake_guadalupe,4,routing,2,50,0.0,0,esp_thermal,fidelity,0.9914605442017905,0.821888657091542,0.7804539162536244,0.8214053060492271,9,10,False,[]
fake_guadalupe,4,routing,3,50,0.0,0,esp_thermal,fidelity,0.997844240123448,0.821888657091542,0.7804539162536244,0.8214053060492271,9,10,False,[]
fake_guadalupe,4,routing,4,50,0.0,0,esp_thermal,fidelity,0.9936151295045477,0.821888657091542,0.7804539162536244,0.8214053060492271,9,10,False,[]
fake_guadalupe,4,routing,0,50,0.4,0,qiskit_L0,fidelity,0.9918450509560115,0.6282614472058959,0.30825992419335935,0.6131060963352838,17,15,False,"[1, 6, 8, 9, 13, 4, 2]"
fake_guadalupe,4,routing,1,50,0.4,0,qiskit_L0,fidelity,0.9909100622293898,0.6282614472058959,0.30825992419335935,0.6131060963352838,17,15,False,"[1, 6, 8, 9, 13, 4, 2]"
fake_guadalupe,4,routing,2,50,0.4,0,qiskit_L0,fidelity,0.9958862640391063,0.6282614472058959,0.30825992419335935,0.6131060963352838,17,15,False,"[1, 6, 8, 9, 13, 4, 2]"
fake_guadalupe,4,routing,3,50,0.4,0,qiskit_L0,fidelity,0.9956767551796186,0.6282614472058959,0.30825992419335935,0.6131060963352838,17,15,False,"[1, 6, 8, 9, 13, 4, 2]"
fake_guadalupe,4,routing,4,50,0.4,0,qiskit_L0,fidelity,0.9867718508930318,0.6282614472058959,0.30825992419335935,0.6131060963352838,17,15,False,"[1, 6, 8, 9, 13, 4, 2]"
fake_guadalupe,4,routing,0,50,0.4,0,qiskit_L1,fidelity,0.9899296682987563,0.7686443421653264,0.2690975919817783,0.7612035384228497,9,10,False,"[1, 6, 8, 9, 13, 4, 2]"
fake_guadalupe,4,routing,1,50,0.4,0,qiskit_L1,fidelity,0.9916631030693209,0.7686443421653264,0.2690975919817783,0.7612035384228497,9,10,False,"[1, 6, 8, 9, 13, 4, 2]"
fake_guadalupe,4,routing,2,50,0.4,0,qiskit_L1,fidelity,0.9906210948552824,0.7686443421653264,0.2690975919817783,0.7612035384228497,9,10,False,"[1, 6, 8, 9, 13, 4, 2]"
fake_guadalupe,4,routing,3,50,0.4,0,qiskit_L1,fidelity,0.9977729325350502,0.7686443421653264,0.2690975919817783,0.7612035384228497,9,10,False,"[1, 6, 8, 9, 13, 4, 2]"
fake_guadalupe,4,routing,4,50,0.4,0,qiskit_L1,fidelity,0.9936030004781752,0.7686443421653264,0.2690975919817783,0.7612035384228497,9,10,False,"[1, 6, 8, 9, 13, 4, 2]"
fake_guadalupe,4,routing,0,50,0.4,0,qiskit_L3,fidelity,0.9909637805752712,0.8216308087128004,0.5482332848864285,0.8194605419649761,7,15,False,"[1, 6, 8, 9, 13, 4, 2]"
fake_guadalupe,4,routing,1,50,0.4,0,qiskit_L3,fidelity,0.9877703193960744,0.8216308087128004,0.5482332848864285,0.8194605419649761,7,15,False,"[1, 6, 8, 9, 13, 4, 2]"
fake_guadalupe,4,routing,2,50,0.4,0,qiskit_L3,fidelity,0.9929032697594149,0.8216308087128004,0.5482332848864285,0.8194605419649761,7,15,False,"[1, 6, 8, 9, 13, 4, 2]"
fake_guadalupe,4,routing,3,50,0.4,0,qiskit_L3,fidelity,0.9968279827484798,0.8216308087128004,0.5482332848864285,0.8194605419649761,7,15,False,"[1, 6, 8, 9, 13, 4, 2]"
fake_guadalupe,4,routing,4,50,0.4,0,qiskit_L3,fidelity,0.9921631323441994,0.8216308087128004,0.5482332848864285,0.8194605419649761,7,15,False,"[1, 6, 8, 9, 13, 4, 2]"
fake_guadalupe,4,routing,0,50,0.4,0,esp_no_thermal,fidelity,0.992748248794619,0.821888657091542,0.7804539162536244,0.8214053060492271,9,10,False,"[1, 6, 8, 9, 13, 4, 2]"
fake_guadalupe,4,routing,1,50,0.4,0,esp_no_thermal,fidelity,0.9902066701777084,0.821888657091542,0.7804539162536244,0.8214053060492271,9,10,False,"[1, 6, 8, 9, 13, 4, 2]"
fake_guadalupe,4,routing,2,50,0.4,0,esp_no_thermal,fidelity,0.9914605442017905,0.821888657091542,0.7804539162536244,0.8214053060492271,9,10,False,"[1, 6, 8, 9, 13, 4, 2]"
fake_guadalupe,4,routing,3,50,0.4,0,esp_no_thermal,fidelity,0.997844240123448,0.821888657091542,0.7804539162536244,0.8214053060492271,9,10,False,"[1, 6, 8, 9, 13, 4, 2]"
fake_guadalupe,4,routing,4,50,0.4,0,esp_no_thermal,fidelity,0.9936151295045477,0.821888657091542,0.7804539162536244,0.8214053060492271,9,10,False,"[1, 6, 8, 9, 13, 4, 2]"
fake_guadalupe,4,routing,0,50,0.4,0,esp_thermal,fidelity,0.992748248794619,0.821888657091542,0.7804539162536244,0.8214053060492271,9,10,False,"[1, 6, 8, 9, 13, 4, 2]"
fake_guadalupe,4,routing,1,50,0.4,0,esp_thermal,fidelity,0.9902066701777084,0.821888657091542,0.7804539162536244,0.8214053060492271,9,10,False,"[1, 6, 8, 9, 13, 4, 2]"
fake_guadalupe,4,routing,2,50,0.4,0,esp_thermal,fidelity,0.9914605442017905,0.821888657091542,0.7804539162536244,0.8214053060492271,9,10,False,"[1, 6, 8, 9, 13, 4, 2]"
fake_guadalupe,4,routing,3,50,0.4,0,esp_thermal,fidelity,0.997844240123448,0.821888657091542,0.7804539162536244,0.8214053060492271,9,10,False,"[1, 6, 8, 9, 13, 4, 2]"
fake_guadalupe,4,routing,4,50,0.4,0,esp_thermal,fidelity,0.9936151295045477,0.821888657091542,0.7804539162536244,0.8214053060492271,9,10,False,"[1, 6, 8, 9, 13, 4, 2]"
fake_guadalupe,4,routing,0,120,0.0,0,qiskit_L0,fidelity,0.9917704401757945,0.6282614472058959,0.24997602585377507,0.6098826263729663,17,15,False,[]
fake_guadalupe,4,routing,1,120,0.0,0,qiskit_L0,fidelity,0.9908235795695924,0.6282614472058959,0.24997602585377507,0.6098826263729663,17,15,False,[]
fake_guadalupe,4,routing,2,120,0.0,0,qiskit_L0,fidelity,0.9959498101271239,0.6282614472058959,0.24997602585377507,0.6098826263729663,17,15,False,[]
fake_guadalupe,4,routing,3,120,0.0,0,qiskit_L0,fidelity,0.9956452908601887,0.6282614472058959,0.24997602585377507,0.6098826263729663,17,15,False,[]
fake_guadalupe,4,routing,4,120,0.0,0,qiskit_L0,fidelity,0.9859529465993265,0.6282614472058959,0.24997602585377507,0.6098826263729663,17,15,False,[]
fake_guadalupe,4,routing,0,120,0.0,0,qiskit_L1,fidelity,0.9894152767878671,0.7686443421653264,0.3009287075979477,0.7606215141256926,9,10,False,[]
fake_guadalupe,4,routing,1,120,0.0,0,qiskit_L1,fidelity,0.9915498054466783,0.7686443421653264,0.3009287075979477,0.7606215141256926,9,10,False,[]
fake_guadalupe,4,routing,2,120,0.0,0,qiskit_L1,fidelity,0.9910038333866488,0.7686443421653264,0.3009287075979477,0.7606215141256926,9,10,False,[]
fake_guadalupe,4,routing,3,120,0.0,0,qiskit_L1,fidelity,0.9978164317947391,0.7686443421653264,0.3009287075979477,0.7606215141256926,9,10,False,[]
fake_guadalupe,4,routing,4,120,0.0,0,qiskit_L1,fidelity,0.9939329359475447,0.7686443421653264,0.3009287075979477,0.7606215141256926,9,10,False,[]
fake_guadalupe,4,routing,0,120,0.0,0,qiskit_L3,fidelity,0.9904908806459097,0.8216308087128004,0.3153585811208176,0.8147296265035204,7,15,False,[]
fake_guadalupe,4,routing,1,120,0.0,0,qiskit_L3,fidelity,0.9876913741417515,0.8216308087128004,0.3153585811208176,0.8147296265035204,7,15,False,[]
fake_guadalupe,4,routing,2,120,0.0,0,qiskit_L3,fidelity,0.9928857828122154,0.8216308087128004,0.3153585811208176,0.8147296265035204,7,15,False,[]
fake_guadalupe,4,routing,3,120,0.0,0,qiskit_L3,fidelity,0.9966935444078706,0.8216308087128004,0.3153585811208176,0.8147296265035204,7,15,False,[]
fake_guadalupe,4,routing,4,120,0.0,0,qiskit_L3,fidelity,0.992313706281155,0.8216308087128004,0.3153585811208176,0.8147296265035204,7,15,False,[]
fake_guadalupe,4,routing,0,120,0.0,0,esp_no_thermal,fidelity,0.9917512660872511,0.821888657091542,0.3263411641134322,0.813544143442204,9,10,False,[]
fake_guadalupe,4,routing,1,120,0.0,0,esp_no_thermal,fidelity,0.9897805157917163,0.821888657091542,0.3263411641134322,0.813544143442204,9,10,False,[]
fake_guadalupe,4,routing,2,120,0.0,0,esp_no_thermal,fidelity,0.990983761315097,0.821888657091542,0.3263411641134322,0.813544143442204,9,10,False,[]
fake_guadalupe,4,routing,3,120,0.0,0,esp_no_thermal,fidelity,0.9975765097436581,0.821888657091542,0.3263411641134322,0.813544143442204,9,10,False,[]
fake_guadalupe,4,routing,4,120,0.0,0,esp_no_thermal,fidelity,0.9934467173119916,0.821888657091542,0.3263411641134322,0.813544143442204,9,10,False,[]
fake_guadalupe,4,routing,0,120,0.0,0,esp_thermal,fidelity,0.9917512660872511,0.821888657091542,0.3263411641134322,0.813544143442204,9,10,False,[]
fake_guadalupe,4,routing,1,120,0.0,0,esp_thermal,fidelity,0.9897805157917163,0.821888657091542,0.3263411641134322,0.813544143442204,9,10,False,[]
fake_guadalupe,4,routing,2,120,0.0,0,esp_thermal,fidelity,0.990983761315097,0.821888657091542,0.3263411641134322,0.813544143442204,9,10,False,[]
fake_guadalupe,4,routing,3,120,0.0,0,esp_thermal,fidelity,0.9975765097436581,0.821888657091542,0.3263411641134322,0.813544143442204,9,10,False,[]
fake_guadalupe,4,routing,4,120,0.0,0,esp_thermal,fidelity,0.9934467173119916,0.821888657091542,0.3263411641134322,0.813544143442204,9,10,False,[]
fake_guadalupe,4,routing,0,120,0.4,0,qiskit_L0,fidelity,0.9918524500979837,0.6282614472058959,0.20023042113724582,0.6055148319988367,17,15,False,"[1, 6, 8, 9, 13, 4, 2]"
fake_guadalupe,4,routing,1,120,0.4,0,qiskit_L0,fidelity,0.9903179518186676,0.6282614472058959,0.20023042113724582,0.6055148319988367,17,15,False,"[1, 6, 8, 9, 13, 4, 2]"
fake_guadalupe,4,routing,2,120,0.4,0,qiskit_L0,fidelity,0.9961820206692126,0.6282614472058959,0.20023042113724582,0.6055148319988367,17,15,False,"[1, 6, 8, 9, 13, 4, 2]"
fake_guadalupe,4,routing,3,120,0.4,0,qiskit_L0,fidelity,0.9958182054277313,0.6282614472058959,0.20023042113724582,0.6055148319988367,17,15,False,"[1, 6, 8, 9, 13, 4, 2]"
fake_guadalupe,4,routing,4,120,0.4,0,qiskit_L0,fidelity,0.9858778235270969,0.6282614472058959,0.20023042113724582,0.6055148319988367,17,15,False,"[1, 6, 8, 9, 13, 4, 2]"
fake_guadalupe,4,routing,0,120,0.4,0,qiskit_L1,fidelity,0.989055716188092,0.7686443421653264,0.21557299730214197,0.7584289512958997,9,10,False,"[1, 6, 8, 9, 13, 4, 2]"
fake_guadalupe,4,routing,1,120,0.4,0,qiskit_L1,fidelity,0.9915731002682824,0.7686443421653264,0.21557299730214197,0.7584289512958997,9,10,False,"[1, 6, 8, 9, 13, 4, 2]"
fake_guadalupe,4,routing,2,120,0.4,0,qiskit_L1,fidelity,0.9904398198157655,0.7686443421653264,0.21557299730214197,0.7584289512958997,9,10,False,"[1, 6, 8, 9, 13, 4, 2]"
fake_guadalupe,4,routing,3,120,0.4,0,qiskit_L1,fidelity,0.9980142635556061,0.7686443421653264,0.21557299730214197,0.7584289512958997,9,10,False,"[1, 6, 8, 9, 13, 4, 2]"
fake_guadalupe,4,routing,4,120,0.4,0,qiskit_L1,fidelity,0.9937530097241134,0.7686443421653264,0.21557299730214197,0.7584289512958997,9,10,False,"[1, 6, 8, 9, 13, 4, 2]"
fake_guadalupe,4,routing,0,120,0.4,0,qiskit_L3,fidelity,0.9907921560824042,0.8216308087128004,0.28152536623736896,0.8141978496330812,7,15,False,"[1, 6, 8, 9, 13, 4, 2]"
fake_guadalupe,4,routing,1,120,0.4,0,qiskit_L3,fidelity,0.9876913741417515,0.8216308087128004,0.28152536623736896,0.8141978496330812,7,15,False,"[1, 6, 8, 9, 13, 4, 2]"
fake_guadalupe,4,routing,2,120,0.4,0,qiskit_L3,fidelity,0.9925869152914322,0.8216308087128004,0.28152536623736896,0.8141978496330812,7,15,False,"[1, 6, 8, 9, 13, 4, 2]"
fake_guadalupe,4,routing,3,120,0.4,0,qiskit_L3,fidelity,0.9965444995293263,0.8216308087128004,0.28152536623736896,0.8141978496330812,7,15,False,"[1, 6, 8, 9, 13, 4, 2]"
fake_guadalupe,4,routing,4,120,0.4,0,qiskit_L3,fidelity,0.9923939088950638,0.8216308087128004,0.28152536623736896,0.8141978496330812,7,15,False,"[1, 6, 8, 9, 13, 4, 2]"
fake_guadalupe,4,routing,0,120,0.4,0,esp_no_thermal,fidelity,0.9917512660872511,0.821888657091542,0.3263411641134322,0.813544143442204,9,10,False,"[1, 6, 8, 9, 13, 4, 2]"
fake_guadalupe,4,routing,1,120,0.4,0,esp_no_thermal,fidelity,0.9897805157917163,0.821888657091542,0.3263411641134322,0.813544143442204,9,10,False,"[1, 6, 8, 9, 13, 4, 2]"
fake_guadalupe,4,routing,2,120,0.4,0,esp_no_thermal,fidelity,0.990983761315097,0.821888657091542,0.3263411641134322,0.813544143442204,9,10,False,"[1, 6, 8, 9, 13, 4, 2]"
fake_guadalupe,4,routing,3,120,0.4,0,esp_no_thermal,fidelity,0.9975765097436581,0.821888657091542,0.3263411641134322,0.813544143442204,9,10,False,"[1, 6, 8, 9, 13, 4, 2]"
fake_guadalupe,4,routing,4,120,0.4,0,esp_no_thermal,fidelity,0.9934467173119916,0.821888657091542,0.3263411641134322,0.813544143442204,9,10,False,"[1, 6, 8, 9, 13, 4, 2]"
fake_guadalupe,4,routing,0,120,0.4,0,esp_thermal,fidelity,0.9917512660872511,0.821888657091542,0.3263411641134322,0.813544143442204,9,10,False,"[1, 6, 8, 9, 13, 4, 2]"
fake_guadalupe,4,routing,1,120,0.4,0,esp_thermal,fidelity,0.9897805157917163,0.821888657091542,0.3263411641134322,0.813544143442204,9,10,False,"[1, 6, 8, 9, 13, 4, 2]"
fake_guadalupe,4,routing,2,120,0.4,0,esp_thermal,fidelity,0.990983761315097,0.821888657091542,0.3263411641134322,0.813544143442204,9,10,False,"[1, 6, 8, 9, 13, 4, 2]"
fake_guadalupe,4,routing,3,120,0.4,0,esp_thermal,fidelity,0.9975765097436581,0.821888657091542,0.3263411641134322,0.813544143442204,9,10,False,"[1, 6, 8, 9, 13, 4, 2]"
fake_guadalupe,4,routing,4,120,0.4,0,esp_thermal,fidelity,0.9934467173119916,0.821888657091542,0.3263411641134322,0.813544143442204,9,10,False,"[1, 6, 8, 9, 13, 4, 2]"
fake_guadalupe,5,ghz,0,15,0.0,0,qiskit_L0,success_prob,0.3779296875,0.6683814893933886,0.6683811553902533,0.6683814849691248,10,11,False,[]
fake_guadalupe,5,ghz,1,15,0.0,0,qiskit_L0,success_prob,0.3857421875,0.6683814893933886,0.6683811553902533,0.6683814849691248,10,11,False,[]
fake_guadalupe,5,ghz,2,15,0.0,0,qiskit_L0,success_prob,0.43359375,0.6683814893933886,0.6683811553902533,0.6683814849691248,10,11,False,[]
fake_guadalupe,5,ghz,3,15,0.0,0,qiskit_L0,success_prob,0.3974609375,0.6683814893933886,0.6683811553902533,0.6683814849691248,10,11,False,[]
fake_guadalupe,5,ghz,4,15,0.0,0,qiskit_L0,success_prob,0.4091796875,0.6683814893933886,0.6683811553902533,0.6683814849691248,10,11,False,[]
fake_guadalupe,5,ghz,0,15,0.0,0,qiskit_L1,success_prob,0.439453125,0.8328166645029426,0.8328161410960276,0.8328166619639419,4,8,False,[]
fake_guadalupe,5,ghz,1,15,0.0,0,qiskit_L1,success_prob,0.4326171875,0.8328166645029426,0.8328161410960276,0.8328166619639419,4,8,False,[]
fake_guadalupe,5,ghz,2,15,0.0,0,qiskit_L1,success_prob,0.470703125,0.8328166645029426,0.8328161410960276,0.8328166619639419,4,8,False,[]
fake_guadalupe,5,ghz,3,15,0.0,0,qiskit_L1,success_prob,0.4384765625,0.8328166645029426,0.8328161410960276,0.8328166619639419,4,8,False,[]
fake_guadalupe,5,ghz,4,15,0.0,0,qiskit_L1,success_prob,0.443359375,0.8328166645029426,0.8328161410960276,0.8328166619639419,4,8,False,[]
fake_guadalupe,5,ghz,0,15,0.0,0,qiskit_L3,success_prob,0.4423828125,0.8734530615459412,0.873452511432616,0.8734530590517167,4,8,False,[]
fake_guadalupe,5,ghz,1,15,0.0,0,qiskit_L3,success_prob,0.4326171875,0.8734530615459412,0.873452511432616,0.8734530590517167,4,8,False,[]
fake_guadalupe,5,ghz,2,15,0.0,0,qiskit_L3,success_prob,0.4677734375,0.8734530615459412,0.873452511432616,0.8734530590517167,4,8,False,[]
fake_guadalupe,5,ghz,3,15,0.0,0,qiskit_L3,success_prob,0.4384765625,0.8734530615459412,0.873452511432616,0.8734530590517167,4,8,False,[]
fake_guadalupe,5,ghz,4,15,0.0,0,qiskit_L3,success_prob,0.4443359375,0.8734530615459412,0.873452511432616,0.8734530590517167,4,8,False,[]
fake_guadalupe,5,ghz,0,15,0.0,0,esp_no_thermal,success_prob,0.43359375,0.850093203778505,0.8500927445227972,0.8500932013657521,4,8,False,[]
fake_guadalupe,5,ghz,1,15,0.0,0,esp_no_thermal,success_prob,0.4326171875,0.850093203778505,0.8500927445227972,0.8500932013657521,4,8,False,[]
fake_guadalupe,5,ghz,2,15,0.0,0,esp_no_thermal,success_prob,0.4716796875,0.850093203778505,0.8500927445227972,0.8500932013657521,4,8,False,[]
fake_guadalupe,5,ghz,3,15,0.0,0,esp_no_thermal,success_prob,0.4365234375,0.850093203778505,0.8500927445227972,0.8500932013657521,4,8,False,[]
fake_guadalupe,5,ghz,4,15,0.0,0,esp_no_thermal,success_prob,0.44140625,0.850093203778505,0.8500927445227972,0.8500932013657521,4,8,False,[]
fake_guadalupe,5,ghz,0,15,0.0,0,esp_thermal,success_prob,0.43359375,0.850093203778505,0.8500927445227972,0.8500932013657521,4,8,False,[]
fake_guadalupe,5,ghz,1,15,0.0,0,esp_thermal,success_prob,0.4326171875,0.850093203778505,0.8500927445227972,0.8500932013657521,4,8,False,[]
fake_guadalupe,5,ghz,2,15,0.0,0,esp_thermal,success_prob,0.4716796875,0.850093203778505,0.8500927445227972,0.8500932013657521,4,8,False,[]
fake_guadalupe,5,ghz,3,15,0.0,0,esp_thermal,success_prob,0.4365234375,0.850093203778505,0.8500927445227972,0.8500932013657521,4,8,False,[]
fake_guadalupe,5,ghz,4,15,0.0,0,esp_thermal,success_prob,0.44140625,0.850093203778505,0.8500927445227972,0.8500932013657521,4,8,False,[]
fake_guadalupe,5,ghz,0,15,0.4,0,qiskit_L0,success_prob,0.3779296875,0.6683814893933886,0.6540578599782887,0.6681505526422105,10,11,False,"[1, 6, 8, 9, 13, 4, 2]"
fake_guadalupe,5,ghz,1,15,0.4,0,qiskit_L0,success_prob,0.3857421875,0.6683814893933886,0.6540578599782887,0.6681505526422105,10,11,False,"[1, 6, 8, 9, 13, 4, 2]"
fake_guadalupe,5,ghz,2,15,0.4,0,qiskit_L0,success_prob,0.4326171875,0.6683814893933886,0.6540578599782887,0.6681505526422105,10,11,False,"[1, 6, 8, 9, 13, 4, 2]"
fake_guadalupe,5,ghz,3,15,0.4,0,qiskit_L0,success_prob,0.3974609375,0.6683814893933886,0.6540578599782887,0.6681505526422105,10,11,False,"[1, 6, 8, 9, 13, 4, 2]"
fake_guadalupe,5,ghz,4,15,0.4,0,qiskit_L0,success_prob,0.4072265625,0.6683814893933886,0.6540578599782887,0.6681505526422105,10,11,False,"[1, 6, 8, 9, 13, 4, 2]"
fake_guadalupe,5,ghz,0,15,0.4,0,qiskit_L1,success_prob,0.439453125,0.8328166645029426,0.8138170894492036,0.8327317913197425,4,8,False,"[1, 6, 8, 9, 13, 4, 2]"
fake_guadalupe,5,ghz,1,15,0.4,0,qiskit_L1,success_prob,0.4326171875,0.8328166645029426,0.8138170894492036,0.8327317913197425,4,8,False,"[1, 6, 8, 9, 13, 4, 2]"
fake_guadalupe,5,ghz,2,15,0.4,0,qiskit_L1,success_prob,0.470703125,0.8328166645029426,0.8138170894492036,0.8327317913197425,4,8,False,"[1, 6, 8, 9, 13, 4, 2]"
fake_guadalupe,5,ghz,3,15,0.4,0,qiskit_L1,success_prob,0.4384765625,0.8328166645029426,0.8138170894492036,0.8327317913197425,4,8,False,"[1, 6, 8, 9, 13, 4, 2]"
fake_guadalupe,5,ghz,4,15,0.4,0,qiskit_L1,success_prob,0.443359375,0.8328166645029426,0.8138170894492036,0.8327317913197425,4,8,False,"[1, 6, 8, 9, 13, 4, 2]"
fake_guadalupe,5,ghz,0,15,0.4,0,qiskit_L3,success_prob,0.4423828125,0.8734530615459412,0.8654045776380125,0.8734278219780177,4,8,False,"[1, 6, 8, 9, 13, 4, 2]"
fake_guadalupe,5,ghz,1,15,0.4,0,qiskit_L3,success_prob,0.4326171875,0.8734530615459412,0.8654045776380125,0.8734278219780177,4,8,False,"[1, 6, 8, 9, 13, 4, 2]"
fake_guadalupe,5,ghz,2,15,0.4,0,qiskit_L3,success_prob,0.4677734375,0.8734530615459412,0.8654045776380125,0.8734278219780177,4,8,False,"[1, 6, 8, 9, 13, 4, 2]"
fake_guadalupe,5,ghz,3,15,0.4,0,qiskit_L3,success_prob,0.4384765625,0.8734530615459412,0.8654045776380125,0.8734278219780177,4,8,False,"[1, 6, 8, 9, 13, 4, 2]"
fake_guadalupe,5,ghz,4,15,0.4,0,qiskit_L3,success_prob,0.4443359375,0.8734530615459412,0.8654045776380125,0.8734278219780177,4,8,False,"[1, 6, 8, 9, 13, 4, 2]"
fake_guadalupe,5,ghz,0,15,0.4,0,esp_no_thermal,success_prob,0.43359375,0.850093203778505,0.8376553577553909,0.8500213674112785,4,8,False,"[1, 6, 8, 9, 13, 4, 2]"
fake_guadalupe,5,ghz,1,15,0.4,0,esp_no_thermal,success_prob,0.431640625,0.850093203778505,0.8376553577553909,0.8500213674112785,4,8,False,"[1, 6, 8, 9, 13, 4, 2]"
fake_guadalupe,5,ghz,2,15,0.4,0,esp_no_thermal,success_prob,0.4716796875,0.850093203778505,0.8376553577553909,0.8500213674112785,4,8,False,"[1, 6, 8, 9, 13, 4, 2]"
fake_guadalupe,5,ghz,3,15,0.4,0,esp_no_thermal,success_prob,0.4365234375,0.850093203778505,0.8376553577553909,0.8500213674112785,4,8,False,"[1, 6, 8, 9, 13, 4, 2]"
fake_guadalupe,5,ghz,4,15,0.4,0,esp_no_thermal,success_prob,0.44140625,0.850093203778505,0.8376553577553909,0.8500213674112785,4,8,False,"[1, 6, 8, 9, 13, 4, 2]"
fake_guadalupe,5,ghz,0,15,0.4,0,esp_thermal,success_prob,0.43359375,0.850093203778505,0.8376553577553909,0.8500213674112785,4,8,False,"[1, 6, 8, 9, 13, 4, 2]"
fake_guadalupe,5,ghz,1,15,0.4,0,esp_thermal,success_prob,0.431640625,0.850093203778505,0.8376553577553909,0.8500213674112785,4,8,False,"[1, 6, 8, 9, 13, 4, 2]"
fake_guadalupe,5,ghz,2,15,0.4,0,esp_thermal,success_prob,0.4716796875,0.850093203778505,0.8376553577553909,0.8500213674112785,4,8,False,"[1, 6, 8, 9, 13, 4, 2]"
fake_guadalupe,5,ghz,3,15,0.4,0,esp_thermal,success_prob,0.4365234375,0.850093203778505,0.8376553577553909,0.8500213674112785,4,8,False,"[1, 6, 8, 9, 13, 4, 2]"
fake_guadalupe,5,ghz,4,15,0.4,0,esp_thermal,success_prob,0.44140625,0.850093203778505,0.8376553577553909,0.8500213674112785,4,8,False,"[1, 6, 8, 9, 13, 4, 2]"
fake_guadalupe,5,ghz,0,50,0.0,0,qiskit_L0,success_prob,0.3779296875,0.6683814893933886,0.6274320771778931,0.6678070750925069,10,11,False,[]
fake_guadalupe,5,ghz,1,50,0.0,0,qiskit_L0,success_prob,0.384765625,0.6683814893933886,0.6274320771778931,0.6678070750925069,10,11,False,[]
fake_guadalupe,5,ghz,2,50,0.0,0,qiskit_L0,success_prob,0.4326171875,0.6683814893933886,0.6274320771778931,0.6678070750925069,10,11,False,[]
fake_guadalupe,5,ghz,3,50,0.0,0,qiskit_L0,success_prob,0.3974609375,0.6683814893933886,0.6274320771778931,0.6678070750925069,10,11,False,[]
fake_guadalupe,5,ghz,4,50,0.0,0,qiskit_L0,success_prob,0.4072265625,0.6683814893933886,0.6274320771778931,0.6678070750925069,10,11,False,[]
fake_guadalupe,5,ghz,0,50,0.0,0,qiskit_L1,success_prob,0.439453125,0.8328166645029426,0.7777600757858564,0.8325392762056134,4,8,False,[]
fake_guadalupe,5,ghz,1,50,0.0,0,qiskit_L1,success_prob,0.4326171875,0.8328166645029426,0.7777600757858564,0.8325392762056134,4,8,False,[]
fake_guadalupe,5,ghz,2,50,0.0,0,qiskit_L1,success_prob,0.470703125,0.8328166645029426,0.7777600757858564,0.8325392762056134,4,8,False,[]
fake_guadalupe,5,ghz,3,50,0.0,0,qiskit_L1,success_prob,0.4384765625,0.8328166645029426,0.7777600757858564,0.8325392762056134,4,8,False,[]
fake_guadalupe,5,ghz,4,50,0.0,0,qiskit_L1,success_prob,0.443359375,0.8328166645029426,0.7777600757858564,0.8325392762056134,4,8,False,[]
fake_guadalupe,5,ghz,0,50,0.0,0,qiskit_L3,success_prob,0.4423828125,0.8734530615459412,0.816114083549144,0.8731765810924471,4,8,False,[]
fake_guadalupe,5,ghz,1,50,0.0,0,qiskit_L3,success_prob,0.4326171875,0.8734530615459412,0.816114083549144,0.8731765810924471,4,8,False,[]
fake_guadalupe,5,ghz,2,50,0.0,0,qiskit_L3,success_prob,0.4677734375,0.8734530615459412,0.816114083549144,0.8731765810924471,4,8,False,[]
fake_guadalupe,5,ghz,3,50,0.0,0,qiskit_L3,success_prob,0.4384765625,0.8734530615459412,0.816114083549144,0.8731765810924471,4,8,False,[]
fake_guadalupe,5,ghz,4,50,0.0,0,qiskit_L3,success_prob,0.443359375,0.8734530615459412,0.816114083549144,0.8731765810924471,4,8,False,[]
fake_guadalupe,5,ghz,0,50,0.0,0,esp_no_thermal,success_prob,0.43359375,0.850093203778505,0.7966714068875114,0.8498133903619967,4,8,False,[]
fake_guadalupe,5,ghz,1,50,0.0,0,esp_no_thermal,success_prob,0.431640625,0.850093203778505,0.7966714068875114,0.8498133903619967,4,8,False,[]
fake_guadalupe,5,ghz,2,50,0.0,0,esp_no_thermal,success_prob,0.470703125,0.850093203778505,0.7966714068875114,0.8498133903619967,4,8,False,[]
fake_guadalupe,5,ghz,3,50,0.0,0,esp_no_thermal,success_prob,0.4365234375,0.850093203778505,0.7966714068875114,0.8498133903619967,4,8,False,[]
fake_guadalupe,5,ghz,4,50,0.0,0,esp_no_thermal,success_prob,0.44140625,0.850093203778505,0.7966714068875114,0.8498133903619967,4,8,False,[]
fake_guadalupe,5,ghz,0,50,0.0,0,esp_thermal,success_prob,0.43359375,0.850093203778505,0.7966714068875114,0.8498133903619967,4,8,False,[]
fake_guadalupe,5,ghz,1,50,0.0,0,esp_thermal,success_prob,0.431640625,0.850093203778505,0.7966714068875114,0.8498133903619967,4,8,False,[]
fake_guadalupe,5,ghz,2,50,0.0,0,esp_thermal,success_prob,0.470703125,0.850093203778505,0.7966714068875114,0.8498133903619967,4,8,False,[]
fake_guadalupe,5,ghz,3,50,0.0,0,esp_thermal,success_prob,0.4365234375,0.850093203778505,0.7966714068875114,0.8498133903619967,4,8,False,[]
fake_guadalupe,5,ghz,4,50,0.0,0,esp_thermal,success_prob,0.44140625,0.850093203778505,0.7966714068875114,0.8498133903619967,4,8,False,[]
fake_guadalupe,5,ghz,0,50,0.4,0,qiskit_L0,success_prob,0.3828125,0.6683814893933886,0.23538581430959457,0.6585529571841758,10,11,True,"[1, 6, 8, 9, 13, 4, 2]"
fake_guadalupe,5,ghz,1,50,0.4,0,qiskit_L0,success_prob,0.375,0.6683814893933886,0.23538581430959457,0.6585529571841758,10,11,True,"[1, 6, 8, 9, 13, 4, 2]"
fake_guadalupe,5,ghz,2,50,0.4,0,qiskit_L0,success_prob,0.4296875,0.6683814893933886,0.23538581430959457,0.6585529571841758,10,11,True,"[1, 6, 8, 9, 13, 4, 2]"
fake_guadalupe,5,ghz,3,50,0.4,0,qiskit_L0,success_prob,0.388671875,0.6683814893933886,0.23538581430959457,0.6585529571841758,10,11,True,"[1, 6, 8, 9, 13, 4, 2]"
fake_guadalupe,5,ghz,4,50,0.4,0,qiskit_L0,success_prob,0.4033203125,0.6683814893933886,0.23538581430959457,0.6585529571841758,10,11,True,"[1, 6, 8, 9, 13, 4, 2]"
fake_guadalupe,5,ghz,0,50,0.4,0,qiskit_L1,success_prob,0.4375,0.8328166645029426,0.2873034019915395,0.8291913895298907,4,8,True,"[1, 6, 8, 9, 13, 4, 2]"
fake_guadalupe,5,ghz,1,50,0.4,0,qiskit_L1,success_prob,0.4306640625,0.8328166645029426,0.2873034019915395,0.8291913895298907,4,8,True,"[1, 6, 8, 9, 13, 4, 2]"
fake_guadalupe,5,ghz,2,50,0.4,0,qiskit_L1,success_prob,0.4658203125,0.8328166645029426,0.2873034019915395,0.8291913895298907,4,8,True,"[1, 6, 8, 9, 13, 4, 2]"
fake_guadalupe,5,ghz,3,50,0.4,0,qiskit_L1,success_prob,0.4365234375,0.8328166645029426,0.2873034019915395,0.8291913895298907,4,8,True,"[1, 6, 8, 9, 13, 4, 2]"
fake_guadalupe,5,ghz,4,50,0.4,0,qiskit_L1,success_prob,0.439453125,0.8328166645029426,0.2873034019915395,0.8291913895298907,4,8,True,"[1, 6, 8, 9, 13, 4, 2]"
fake_guadalupe,5,ghz,0,50,0.4,0,qiskit_L3,success_prob,0.4423828125,0.8734530615459412,0.5762661430617562,0.8723111141251034,4,8,True,"[1, 6, 8, 9, 13, 4, 2]"
fake_guadalupe,5,ghz,1,50,0.4,0,qiskit_L3,success_prob,0.431640625,0.8734530615459412,0.5762661430617562,0.8723111141251034,4,8,True,"[1, 6, 8, 9, 13, 4, 2]"
fake_guadalupe,5,ghz,2,50,0.4,0,qiskit_L3,success_prob,0.466796875,0.8734530615459412,0.5762661430617562,0.8723111141251034,4,8,True,"[1, 6, 8, 9, 13, 4, 2]"
fake_guadalupe,5,ghz,3,50,0.4,0,qiskit_L3,success_prob,0.4384765625,0.8734530615459412,0.5762661430617562,0.8723111141251034,4,8,True,"[1, 6, 8, 9, 13, 4, 2]"
fake_guadalupe,5,ghz,4,50,0.4,0,qiskit_L3,success_prob,0.4423828125,0.8734530615459412,0.5762661430617562,0.8723111141251034,4,8,True,"[1, 6, 8, 9, 13, 4, 2]"
fake_guadalupe,5,ghz,0,50,0.4,0,esp_no_thermal,success_prob,0.43359375,0.850093203778505,0.41308521752074084,0.846929093410322,4,8,True,"[1, 6, 8, 9, 13, 4, 2]"
fake_guadalupe,5,ghz,1,50,0.4,0,esp_no_thermal,success_prob,0.4296875,0.850093203778505,0.41308521752074084,0.846929093410322,4,8,True,"[1, 6, 8, 9, 13, 4, 2]"
fake_guadalupe,5,ghz,2,50,0.4,0,esp_no_thermal,success_prob,0.46484375,0.850093203778505,0.41308521752074084,0.846929093410322,4,8,True,"[1, 6, 8, 9, 13, 4, 2]"
fake_guadalupe,5,ghz,3,50,0.4,0,esp_no_thermal,success_prob,0.435546875,0.850093203778505,0.41308521752074084,0.846929093410322,4,8,True,"[1, 6, 8, 9, 13, 4, 2]"
fake_guadalupe,5,ghz,4,50,0.4,0,esp_no_thermal,success_prob,0.4375,0.850093203778505,0.41308521752074084,0.846929093410322,4,8,True,"[1, 6, 8, 9, 13, 4, 2]"
fake_guadalupe,5,ghz,0,50,0.4,0,esp_thermal,success_prob,0.4365234375,0.829793213701929,0.5655661022963794,0.8288829385940927,5,9,True,"[1, 6, 8, 9, 13, 4, 2]"
fake_guadalupe,5,ghz,1,50,0.4,0,esp_thermal,success_prob,0.427734375,0.829793213701929,0.5655661022963794,0.8288829385940927,5,9,True,"[1, 6, 8, 9, 13, 4, 2]"
fake_guadalupe,5,ghz,2,50,0.4,0,esp_thermal,success_prob,0.458984375,0.829793213701929,0.5655661022963794,0.8288829385940927,5,9,True,"[1, 6, 8, 9, 13, 4, 2]"
fake_guadalupe,5,ghz,3,50,0.4,0,esp_thermal,success_prob,0.435546875,0.829793213701929,0.5655661022963794,0.8288829385940927,5,9,True,"[1, 6, 8, 9, 13, 4, 2]"
fake_guadalupe,5,ghz,4,50,0.4,0,esp_thermal,success_prob,0.435546875,0.829793213701929,0.5655661022963794,0.8288829385940927,5,9,True,"[1, 6, 8, 9, 13, 4, 2]"
fake_guadalupe,5,ghz,0,120,0.0,0,qiskit_L0,success_prob,0.3828125,0.6683814893933886,0.21294401489561696,0.6585249770946203,10,11,True,[]
fake_guadalupe,5,ghz,1,120,0.0,0,qiskit_L0,success_prob,0.375,0.6683814893933886,0.21294401489561696,0.6585249770946203,10,11,True,[]
fake_guadalupe,5,ghz,2,120,0.0,0,qiskit_L0,success_prob,0.4296875,0.6683814893933886,0.21294401489561696,0.6585249770946203,10,11,True,[]
fake_guadalupe,5,ghz,3,120,0.0,0,qiskit_L0,success_prob,0.388671875,0.6683814893933886,0.21294401489561696,0.6585249770946203,10,11,True,[]
fake_guadalupe,5,ghz,4,120,0.0,0,qiskit_L0,success_prob,0.4033203125,0.6683814893933886,0.21294401489561696,0.6585249770946203,10,11,True,[]
fake_guadalupe,5,ghz,0,120,0.0,0,qiskit_L1,success_prob,0.439453125,0.8328166645029426,0.2556268689026128,0.8282887902947589,4,8,True,[]
fake_guadalupe,5,ghz,1,120,0.0,0,qiskit_L1,success_prob,0.4296875,0.8328166645029426,0.2556268689026128,0.8282887902947589,4,8,True,[]
fake_guadalupe,5,ghz,2,120,0.0,0,qiskit_L1,success_prob,0.4638671875,0.8328166645029426,0.2556268689026128,0.8282887902947589,4,8,True,[]
fake_guadalupe,5,ghz,3,120,0.0,0,qiskit_L1,success_prob,0.4365234375,0.8328166645029426,0.2556268689026128,0.8282887902947589,4,8,True,[]
fake_guadalupe,5,ghz,4,120,0.0,0,qiskit_L1,success_prob,0.439453125,0.8328166645029426,0.2556268689026128,0.8282887902947589,4,8,True,[]
fake_guadalupe,5,ghz,0,120,0.0,0,qiskit_L3,success_prob,0.4443359375,0.8734530615459412,0.2692654174123468,0.8689060389783563,4,8,True,[]
fake_guadalupe,5,ghz,1,120,0.0,0,qiskit_L3,success_prob,0.427734375,0.8734530615459412,0.2692654174123468,0.8689060389783563,4,8,True,[]
fake_guadalupe,5,ghz,2,120,0.0,0,qiskit_L3,success_prob,0.462890625,0.8734530615459412,0.2692654174123468,0.8689060389783563,4,8,True,[]
fake_guadalupe,5,ghz,3,120,0.0,0,qiskit_L3,success_prob,0.435546875,0.8734530615459412,0.2692654174123468,0.8689060389783563,4,8,True,[]
fake_guadalupe,5,ghz,4,120,0.0,0,qiskit_L3,success_prob,0.439453125,0.8734530615459412,0.2692654174123468,0.8689060389783563,4,8,True,[]
fake_guadalupe,5,ghz,0,120,0.0,0,esp_no_thermal,success_prob,0.4345703125,0.850093203778505,0.26755209114822825,0.8454344460610311,4,8,True,[]
fake_guadalupe,5,ghz,1,120,0.0,0,esp_no_thermal,success_prob,0.4287109375,0.850093203778505,0.26755209114822825,0.8454344460610311,4,8,True,[]
fake_guadalupe,5,ghz,2,120,0.0,0,esp_no_thermal,success_prob,0.4638671875,0.850093203778505,0.26755209114822825,0.8454344460610311,4,8,True,[]
fake_guadalupe,5,ghz,3,120,0.0,0,esp_no_thermal,success_prob,0.435546875,0.850093203778505,0.26755209114822825,0.8454344460610311,4,8,True,[]
fake_guadalupe,5,ghz,4,120,0.0,0,esp_no_thermal,success_prob,0.4365234375,0.850093203778505,0.26755209114822825,0.8454344460610311,4,8,True,[]
fake_guadalupe,5,ghz,0,120,0.0,0,esp_thermal,success_prob,0.4365234375,0.8446151379366835,0.2694062543815373,0.8407250058547658,4,8,True,[]
fake_guadalupe,5,ghz,1,120,0.0,0,esp_thermal,success_prob,0.423828125,0.8446151379366835,0.2694062543815373,0.8407250058547658,4,8,True,[]
fake_guadalupe,5,ghz,2,120,0.0,0,esp_thermal,success_prob,0.453125,0.8446151379366835,0.2694062543815373,0.8407250058547658,4,8,True,[]
fake_guadalupe,5,ghz,3,120,0.0,0,esp_thermal,success_prob,0.4267578125,0.8446151379366835,0.2694062543815373,0.8407250058547658,4,8,True,[]
fake_guadalupe,5,ghz,4,120,0.0,0,esp_thermal,success_prob,0.42578125,0.8446151379366835,0.2694062543815373,0.8407250058547658,4,8,True,[]
fake_guadalupe,5,ghz,0,120,0.4,0,qiskit_L0,success_prob,0.3837890625,0.6683814893933886,0.1528949987653276,0.6556094112506262,10,11,True,"[1, 6, 8, 9, 13, 4, 2]"
fake_guadalupe,5,ghz,1,120,0.4,0,qiskit_L0,success_prob,0.373046875,0.6683814893933886,0.1528949987653276,0.6556094112506262,10,11,True,"[1, 6, 8, 9, 13, 4, 2]"
fake_guadalupe,5,ghz,2,120,0.4,0,qiskit_L0,success_prob,0.4248046875,0.6683814893933886,0.1528949987653276,0.6556094112506262,10,11,True,"[1, 6, 8, 9, 13, 4, 2]"
fake_guadalupe,5,ghz,3,120,0.4,0,qiskit_L0,success_prob,0.3876953125,0.6683814893933886,0.1528949987653276,0.6556094112506262,10,11,True,"[1, 6, 8, 9, 13, 4, 2]"
fake_guadalupe,5,ghz,4,120,0.4,0,qiskit_L0,success_prob,0.4013671875,0.6683814893933886,0.1528949987653276,0.6556094112506262,10,11,True,"[1, 6, 8, 9, 13, 4, 2]"
fake_guadalupe,5,ghz,0,120,0.4,0,qiskit_L1,success_prob,0.439453125,0.8328166645029426,0.18312061604279378,0.8272326859055545,4,8,True,"[1, 6, 8, 9, 13, 4, 2]"
fake_guadalupe,5,ghz,1,120,0.4,0,qiskit_L1,success_prob,0.427734375,0.8328166645029426,0.18312061604279378,0.8272326859055545,4,8,True,"[1, 6, 8, 9, 13, 4, 2]"
fake_guadalupe,5,ghz,2,120,0.4,0,qiskit_L1,success_prob,0.462890625,0.8328166645029426,0.18312061604279378,0.8272326859055545,4,8,True,"[1, 6, 8, 9, 13, 4, 2]"
fake_guadalupe,5,ghz,3,120,0.4,0,qiskit_L1,success_prob,0.4345703125,0.8328166645029426,0.18312061604279378,0.8272326859055545,4,8,True,"[1, 6, 8, 9, 13, 4, 2]"
fake_guadalupe,5,ghz,4,120,0.4,0,qiskit_L1,success_prob,0.4375,0.8328166645029426,0.18312061604279378,0.8272326859055545,4,8,True,"[1, 6, 8, 9, 13, 4, 2]"
fake_guadalupe,5,ghz,0,120,0.4,0,qiskit_L3,success_prob,0.4443359375,0.8734530615459412,0.24037730314060216,0.8686413200991248,4,8,True,"[1, 6, 8, 9, 13, 4, 2]"
fake_guadalupe,5,ghz,1,120,0.4,0,qiskit_L3,success_prob,0.427734375,0.8734530615459412,0.24037730314060216,0.8686413200991248,4,8,True,"[1, 6, 8, 9, 13, 4, 2]"
fake_guadalupe,5,ghz,2,120,0.4,0,qiskit_L3,success_prob,0.462890625,0.8734530615459412,0.24037730314060216,0.8686413200991248,4,8,True,"[1, 6, 8, 9, 13, 4, 2]"
fake_guadalupe,5,ghz,3,120,0.4,0,qiskit_L3,success_prob,0.435546875,0.8734530615459412,0.24037730314060216,0.8686413200991248,4,8,True,"[1, 6, 8, 9, 13, 4, 2]"
fake_guadalupe,5,ghz,4,120,0.4,0,qiskit_L3,success_prob,0.439453125,0.8734530615459412,0.24037730314060216,0.8686413200991248,4,8,True,"[1, 6, 8, 9, 13, 4, 2]"
fake_guadalupe,5,ghz,0,120,0.4,0,esp_no_thermal,success_prob,0.435546875,0.850093203778505,0.21443264888177194,0.8445215317893373,4,8,True,"[1, 6, 8, 9, 13, 4, 2]"
fake_guadalupe,5,ghz,1,120,0.4,0,esp_no_thermal,success_prob,0.427734375,0.850093203778505,0.21443264888177194,0.8445215317893373,4,8,True,"[1, 6, 8, 9, 13, 4, 2]"
fake_guadalupe,5,ghz,2,120,0.4,0,esp_no_thermal,success_prob,0.4609375,0.850093203778505,0.21443264888177194,0.8445215317893373,4,8,True,"[1, 6, 8, 9, 13, 4, 2]"
fake_guadalupe,5,ghz,3,120,0.4,0,esp_no_thermal,success_prob,0.4345703125,0.850093203778505,0.21443264888177194,0.8445215317893373,4,8,True,"[1, 6, 8, 9, 13, 4, 2]"
fake_guadalupe,5,ghz,4,120,0.4,0,esp_no_thermal,success_prob,0.4365234375,0.850093203778505,0.21443264888177194,0.8445215317893373,4,8,True,"[1, 6, 8, 9, 13, 4, 2]"
fake_guadalupe,5,ghz,0,120,0.4,0,esp_thermal,success_prob,0.4384765625,0.829793213701929,0.2364873778742344,0.8247685424340092,5,9,True,"[1, 6, 8, 9, 13, 4, 2]"
fake_guadalupe,5,ghz,1,120,0.4,0,esp_thermal,success_prob,0.4208984375,0.829793213701929,0.2364873778742344,0.8247685424340092,5,9,True,"[1, 6, 8, 9, 13, 4, 2]"
fake_guadalupe,5,ghz,2,120,0.4,0,esp_thermal,success_prob,0.45703125,0.829793213701929,0.2364873778742344,0.8247685424340092,5,9,True,"[1, 6, 8, 9, 13, 4, 2]"
fake_guadalupe,5,ghz,3,120,0.4,0,esp_thermal,success_prob,0.4345703125,0.829793213701929,0.2364873778742344,0.8247685424340092,5,9,True,"[1, 6, 8, 9, 13, 4, 2]"
fake_guadalupe,5,ghz,4,120,0.4,0,esp_thermal,success_prob,0.4345703125,0.829793213701929,0.2364873778742344,0.8247685424340092,5,9,True,"[1, 6, 8, 9, 13, 4, 2]"
fake_guadalupe,5,qft,0,15,0.0,0,qiskit_L0,fidelity,0.5117187500000002,0.1653346059901124,0.16533452336921753,0.16533459863664615,56,80,False,[]
fake_guadalupe,5,qft,1,15,0.0,0,qiskit_L0,fidelity,0.5214843750000002,0.1653346059901124,0.16533452336921753,0.16533459863664615,56,80,False,[]
fake_guadalupe,5,qft,2,15,0.0,0,qiskit_L0,fidelity,0.5371093749999999,0.1653346059901124,0.16533452336921753,0.16533459863664615,56,80,False,[]
fake_guadalupe,5,qft,3,15,0.0,0,qiskit_L0,fidelity,0.5048828125,0.1653346059901124,0.16533452336921753,0.16533459863664615,56,80,False,[]
fake_guadalupe,5,qft,4,15,0.0,0,qiskit_L0,fidelity,0.4921874999999999,0.1653346059901124,0.16533452336921753,0.16533459863664615,56,80,False,[]
fake_guadalupe,5,qft,0,15,0.0,0,qiskit_L1,fidelity,0.6425781250000001,0.11818921910928605,0.11818915657876695,0.11818921625535161,41,58,False,[]
fake_guadalupe,5,qft,1,15,0.0,0,qiskit_L1,fidelity,0.65625,0.11818921910928605,0.11818915657876695,0.11818921625535161,41,58,False,[]
fake_guadalupe,5,qft,2,15,0.0,0,qiskit_L1,fidelity,0.6484375000000001,0.11818921910928605,0.11818915657876695,0.11818921625535161,41,58,False,[]
fake_guadalupe,5,qft,3,15,0.0,0,qiskit_L1,fidelity,0.6416015625,0.11818921910928605,0.11818915657876695,0.11818921625535161,41,58,False,[]
fake_guadalupe,5,qft,4,15,0.0,0,qiskit_L1,fidelity,0.6201171875000001,0.11818921910928605,0.11818915657876695,0.11818921625535161,41,58,False,[]
fake_guadalupe,5,qft,0,15,0.0,0,qiskit_L3,fidelity,0.6591796875,0.17182421057839734,0.1718241196711457,0.17182420750742236,30,57,False,[]
fake_guadalupe,5,qft,1,15,0.0,0,qiskit_L3,fidelity,0.6894531250000001,0.17182421057839734,0.1718241196711457,0.17182420750742236,30,57,False,[]
fake_guadalupe,5,qft,2,15,0.0,0,qiskit_L3,fidelity,0.669921875,0.17182421057839734,0.1718241196711457,0.17182420750742236,30,57,False,[]
fake_guadalupe,5,qft,3,15,0.0,0,qiskit_L3,fidelity,0.65234375,0.17182421057839734,0.1718241196711457,0.17182420750742236,30,57,False,[]
fake_guadalupe,5,qft,4,15,0.0,0,qiskit_L3,fidelity,0.6376953125,0.17182421057839734,0.1718241196711457,0.17182420750742236,30,57,False,[]
fake_guadalupe,5,qft,0,15,0.0,0,esp_no_thermal,fidelity,0.5595703125000001,0.37531406166021647,0.3753138335409694,0.3753140480008051,50,61,False,[]
fake_guadalupe,5,qft,1,15,0.0,0,esp_no_thermal,fidelity,0.568359375,0.37531406166021647,0.3753138335409694,0.3753140480008051,50,61,False,[]
fake_guadalupe,5,qft,2,15,0.0,0,esp_no_thermal,fidelity,0.5732421875000002,0.37531406166021647,0.3753138335409694,0.3753140480008051,50,61,False,[]
fake_guadalupe,5,qft,3,15,0.0,0,esp_no_thermal,fidelity,0.5595703125000001,0.37531406166021647,0.3753138335409694,0.3753140480008051,50,61,False,[]
fake_guadalupe,5,qft,4,15,0.0,0,esp_no_thermal,fidelity,0.5322265625,0.37531406166021647,0.3753138335409694,0.3753140480008051,50,61,False,[]
fake_guadalupe,5,qft,0,15,0.0,0,esp_thermal,fidelity,0.5595703125000001,0.37531406166021647,0.3753138335409694,0.3753140480008051,50,61,False,[]
fake_guadalupe,5,qft,1,15,0.0,0,esp_thermal,fidelity,0.568359375,0.37531406166021647,0.3753138335409694,0.3753140480008051,50,61,False,[]
fake_guadalupe,5,qft,2,15,0.0,0,esp_thermal,fidelity,0.5732421875000002,0.37531406166021647,0.3753138335409694,0.3753140480008051,50,61,False,[]
fake_guadalupe,5,qft,3,15,0.0,0,esp_thermal,fidelity,0.5595703125000001,0.37531406166021647,0.3753138335409694,0.3753140480008051,50,61,False,[]
fake_guadalupe,5,qft,4,15,0.0,0,esp_thermal,fidelity,0.5322265625,0.37531406166021647,0.3753138335409694,0.3753140480008051,50,61,False,[]
fake_guadalupe,5,qft,0,15,0.4,0,qiskit_L0,fidelity,0.5117187500000002,0.1653346059901124,0.16179143242340688,0.1649620597536462,56,80,True,"[1, 6, 8, 9, 13, 4, 2]"
fake_guadalupe,5,qft,1,15,0.4,0,qiskit_L0,fidelity,0.5205078125,0.1653346059901124,0.16179143242340688,0.1649620597536462,56,80,True,"[1, 6, 8, 9, 13, 4, 2]"
fake_guadalupe,5,qft,2,15,0.4,0,qiskit_L0,fidelity,0.53515625,0.1653346059901124,0.16179143242340688,0.1649620597536462,56,80,True,"[1, 6, 8, 9, 13, 4, 2]"
fake_guadalupe,5,qft,3,15,0.4,0,qiskit_L0,fidelity,0.50390625,0.1653346059901124,0.16179143242340688,0.1649620597536462,56,80,True,"[1, 6, 8, 9, 13, 4, 2]"
fake_guadalupe,5,qft,4,15,0.4,0,qiskit_L0,fidelity,0.4912109375,0.1653346059901124,0.16179143242340688,0.1649620597536462,56,80,True,"[1, 6, 8, 9, 13, 4, 2]"
fake_guadalupe,5,qft,0,15,0.4,0,qiskit_L1,fidelity,0.6425781250000001,0.11818921910928605,0.11549290493434111,0.11810863388156585,41,58,True,"[1, 6, 8, 9, 13, 4, 2]"
fake_guadalupe,5,qft,1,15,0.4,0,qiskit_L1,fidelity,0.65625,0.11818921910928605,0.11549290493434111,0.11810863388156585,41,58,True,"[1, 6, 8, 9, 13, 4, 2]"
fake_guadalupe,5,qft,2,15,0.4,0,qiskit_L1,fidelity,0.6484375000000001,0.11818921910928605,0.11549290493434111,0.11810863388156585,41,58,True,"[1, 6, 8, 9, 13, 4, 2]"
fake_guadalupe,5,qft,3,15,0.4,0,qiskit_L1,fidelity,0.6416015625,0.11818921910928605,0.11549290493434111,0.11810863388156585,41,58,True,"[1, 6, 8, 9, 13, 4, 2]"
fake_guadalupe,5,qft,4,15,0.4,0,qiskit_L1,fidelity,0.6201171875000001,0.11818921910928605,0.11549290493434111,0.11810863388156585,41,58,True,"[1, 6, 8, 9, 13, 4, 2]"
fake_guadalupe,5,qft,0,15,0.4,0,qiskit_L3,fidelity,0.6591796875,0.17182421057839734,0.16790429251757263,0.17175038428448322,30,57,True,"[1, 6, 8, 9, 13, 4, 2]"
fake_guadalupe,5,qft,1,15,0.4,0,qiskit_L3,fidelity,0.6894531250000001,0.17182421057839734,0.16790429251757263,0.17175038428448322,30,57,True,"[1, 6, 8, 9, 13, 4, 2]"
fake_guadalupe,5,qft,2,15,0.4,0,qiskit_L3,fidelity,0.669921875,0.17182421057839734,0.16790429251757263,0.17175038428448322,30,57,True,"[1, 6, 8, 9, 13, 4, 2]"
fake_guadalupe,5,qft,3,15,0.4,0,qiskit_L3,fidelity,0.65234375,0.17182421057839734,0.16790429251757263,0.17175038428448322,30,57,True,"[1, 6, 8, 9, 13, 4, 2]"
fake_guadalupe,5,qft,4,15,0.4,0,qiskit_L3,fidelity,0.6376953125,0.17182421057839734,0.16790429251757263,0.17175038428448322,30,57,True,"[1, 6, 8, 9, 13, 4, 2]"
fake_guadalupe,5,qft,0,15,0.4,0,esp_no_thermal,fidelity,0.5595703125000001,0.37531406166021647,0.3688906494003001,0.3750271108988763,50,61,True,"[1, 6, 8, 9, 13, 4, 2]"
fake_guadalupe,5,qft,1,15,0.4,0,esp_no_thermal,fidelity,0.568359375,0.37531406166021647,0.3688906494003001,0.3750271108988763,50,61,True,"[1, 6, 8, 9, 13, 4, 2]"
fake_guadalupe,5,qft,2,15,0.4,0,esp_no_thermal,fidelity,0.5732421875000002,0.37531406166021647,0.3688906494003001,0.3750271108988763,50,61,True,"[1, 6, 8, 9, 13, 4, 2]"
fake_guadalupe,5,qft,3,15,0.4,0,esp_no_thermal,fidelity,0.5595703125000001,0.37531406166021647,0.3688906494003001,0.3750271108988763,50,61,True,"[1, 6, 8, 9, 13, 4, 2]"
fake_guadalupe,5,qft,4,15,0.4,0,esp_no_thermal,fidelity,0.5322265625,0.37531406166021647,0.3688906494003001,0.3750271108988763,50,61,True,"[1, 6, 8, 9, 13, 4, 2]"
fake_guadalupe,5,qft,0,15,0.4,0,esp_thermal,fidelity,0.53515625,0.37279266544597356,0.3703337227513297,0.37271866604104137,53,66,True,"[1, 6, 8, 9, 13, 4, 2]"
fake_guadalupe,5,qft,1,15,0.4,0,esp_thermal,fidelity,0.5546875,0.37279266544597356,0.3703337227513297,0.37271866604104137,53,66,True,"[1, 6, 8, 9, 13, 4, 2]"
fake_guadalupe,5,qft,2,15,0.4,0,esp_thermal,fidelity,0.5654296875,0.37279266544597356,0.3703337227513297,0.37271866604104137,53,66,True,"[1, 6, 8, 9, 13, 4, 2]"
fake_guadalupe,5,qft,3,15,0.4,0,esp_thermal,fidelity,0.546875,0.37279266544597356,0.3703337227513297,0.37271866604104137,53,66,True,"[1, 6, 8, 9, 13, 4, 2]"
fake_guadalupe,5,qft,4,15,0.4,0,esp_thermal,fidelity,0.5244140625,0.37279266544597356,0.3703337227513297,0.37271866604104137,53,66,True,"[1, 6, 8, 9, 13, 4, 2]"
fake_guadalupe,5,qft,0,50,0.0,0,qiskit_L0,fidelity,0.509765625,0.1653346059901124,0.15520512897494207,0.16446550337662863,56,80,False,[]
fake_guadalupe,5,qft,1,50,0.0,0,qiskit_L0,fidelity,0.5185546875000002,0.1653346059901124,0.15520512897494207,0.16446550337662863,56,80,False,[]
fake_guadalupe,5,qft,2,50,0.0,0,qiskit_L0,fidelity,0.5332031250000001,0.1653346059901124,0.15520512897494207,0.16446550337662863,56,80,False,[]
fake_guadalupe,5,qft,3,50,0.0,0,qiskit_L0,fidelity,0.5048828125,0.1653346059901124,0.15520512897494207,0.16446550337662863,56,80,False,[]
fake_guadalupe,5,qft,4,50,0.0,0,qiskit_L0,fidelity,0.4912109375,0.1653346059901124,0.15520512897494207,0.16446550337662863,56,80,False,[]
fake_guadalupe,5,qft,0,50,0.0,0,qiskit_L1,fidelity,0.6425781250000001,0.11818921910928605,0.11079751302680334,0.11783637079085023,41,58,False,[]
fake_guadalupe,5,qft,1,50,0.0,0,qiskit_L1,fidelity,0.6552734375,0.11818921910928605,0.11079751302680334,0.11783637079085023,41,58,False,[]
fake_guadalupe,5,qft,2,50,0.0,0,qiskit_L1,fidelity,0.6484375000000001,0.11818921910928605,0.11079751302680334,0.11783637079085023,41,58,False,[]
fake_guadalupe,5,qft,3,50,0.0,0,qiskit_L1,fidelity,0.640625,0.11818921910928605,0.11079751302680334,0.11783637079085023,41,58,False,[]
fake_guadalupe,5,qft,4,50,0.0,0,qiskit_L1,fidelity,0.619140625,0.11818921910928605,0.11079751302680334,0.11783637079085023,41,58,False,[]
fake_guadalupe,5,qft,0,50,0.0,0,qiskit_L3,fidelity,0.6572265624999999,0.17182421057839734,0.16107810300596528,0.17144318978812667,30,57,False,[]
fake_guadalupe,5,qft,1,50,0.0,0,qiskit_L3,fidelity,0.6884765625000002,0.17182421057839734,0.16107810300596528,0.17144318978812667,30,57,False,[]
fake_guadalupe,5,qft,2,50,0.0,0,qiskit_L3,fidelity,0.6689453125,0.17182421057839734,0.16107810300596528,0.17144318978812667,30,57,False,[]
fake_guadalupe,5,qft,3,50,0.0,0,qiskit_L3,fidelity,0.6513671875000001,0.17182421057839734,0.16107810300596528,0.17144318978812667,30,57,False,[]
fake_guadalupe,5,qft,4,50,0.0,0,qiskit_L3,fidelity,0.6376953125,0.17182421057839734,0.16107810300596528,0.17144318978812667,30,57,False,[]
fake_guadalupe,5,qft,0,50,0.0,0,esp_no_thermal,fidelity,0.55859375,0.37531406166021647,0.35091074859056737,0.3737420815958433,50,61,False,[]
fake_guadalupe,5,qft,1,50,0.0,0,esp_no_thermal,fidelity,0.5654296875,0.37531406166021647,0.35091074859056737,0.3737420815958433,50,61,False,[]
fake_guadalupe,5,qft,2,50,0.0,0,esp_no_thermal,fidelity,0.5712890624999999,0.37531406166021647,0.35091074859056737,0.3737420815958433,50,61,False,[]
fake_guadalupe,5,qft,3,50,0.0,0,esp_no_thermal,fidelity,0.5595703125000001,0.37531406166021647,0.35091074859056737,0.3737420815958433,50,61,False,[]
fake_guadalupe,5,qft,4,50,0.0,0,esp_no_thermal,fidelity,0.5302734375,0.37531406166021647,0.35091074859056737,0.3737420815958433,50,61,False,[]
fake_guadalupe,5,qft,0,50,0.0,0,esp_thermal,fidelity,0.55859375,0.37531406166021647,0.35091074859056737,0.3737420815958433,50,61,False,[]
fake_guadalupe,5,qft,1,50,0.0,0,esp_thermal,fidelity,0.5654296875,0.37531406166021647,0.35091074859056737,0.3737420815958433,50,61,False,[]
fake_guadalupe,5,qft,2,50,0.0,0,esp_thermal,fidelity,0.5712890624999999,0.37531406166021647,0.35091074859056737,0.3737420815958433,50,61,False,[]
fake_guadalupe,5,qft,3,50,0.0,0,esp_thermal,fidelity,0.5595703125000001,0.37531406166021647,0.35091074859056737,0.3737420815958433,50,61,False,[]
fake_guadalupe,5,qft,4,50,0.0,0,esp_thermal,fidelity,0.5302734375,0.37531406166021647,0.35091074859056737,0.3737420815958433,50,61,False,[]
fake_guadalupe,5,qft,0,50,0.4,0,qiskit_L0,fidelity,0.47949218750000017,0.1653346059901124,0.05822635947003762,0.15033603931068817,56,80,True,"[1, 6, 8, 9, 13, 4, 2]"
fake_guadalupe,5,qft,1,50,0.4,0,qiskit_L0,fidelity,0.49023437500000017,0.1653346059901124,0.05822635947003762,0.15033603931068817,56,80,True,"[1, 6, 8, 9, 13, 4, 2]"
fake_guadalupe,5,qft,2,50,0.4,0,qiskit_L0,fidelity,0.5068359375000001,0.1653346059901124,0.05822635947003762,0.15033603931068817,56,80,True,"[1, 6, 8, 9, 13, 4, 2]"
fake_guadalupe,5,qft,3,50,0.4,0,qiskit_L0,fidelity,0.47949218750000017,0.1653346059901124,0.05822635947003762,0.15033603931068817,56,80,True,"[1, 6, 8, 9, 13, 4, 2]"
fake_guadalupe,5,qft,4,50,0.4,0,qiskit_L0,fidelity,0.46777343750000017,0.1653346059901124,0.05822635947003762,0.15033603931068817,56,80,True,"[1, 6, 8, 9, 13, 4, 2]"
fake_guadalupe,5,qft,0,50,0.4,0,qiskit_L1,fidelity,0.630859375,0.11818921910928605,0.040928434636656595,0.11457729751419192,41,58,True,"[1, 6, 8, 9, 13, 4, 2]"
fake_guadalupe,5,qft,1,50,0.4,0,qiskit_L1,fidelity,0.6416015625,0.11818921910928605,0.040928434636656595,0.11457729751419192,41,58,True,"[1, 6, 8, 9, 13, 4, 2]"
fake_guadalupe,5,qft,2,50,0.4,0,qiskit_L1,fidelity,0.634765625,0.11818921910928605,0.040928434636656595,0.11457729751419192,41,58,True,"[1, 6, 8, 9, 13, 4, 2]"
fake_guadalupe,5,qft,3,50,0.4,0,qiskit_L1,fidelity,0.6279296875000002,0.11818921910928605,0.040928434636656595,0.11457729751419192,41,58,True,"[1, 6, 8, 9, 13, 4, 2]"
fake_guadalupe,5,qft,4,50,0.4,0,qiskit_L1,fidelity,0.6044921875,0.11818921910928605,0.040928434636656595,0.11457729751419192,41,58,True,"[1, 6, 8, 9, 13, 4, 2]"
fake_guadalupe,5,qft,0,50,0.4,0,qiskit_L3,fidelity,0.65625,0.17182421057839734,0.05950200893662149,0.1684299099326962,30,57,True,"[1, 6, 8, 9, 13, 4, 2]"
fake_guadalupe,5,qft,1,50,0.4,0,qiskit_L3,fidelity,0.6875,0.17182421057839734,0.05950200893662149,0.1684299099326962,30,57,True,"[1, 6, 8, 9, 13, 4, 2]"
fake_guadalupe,5,qft,2,50,0.4,0,qiskit_L3,fidelity,0.6660156250000001,0.17182421057839734,0.05950200893662149,0.1684299099326962,30,57,True,"[1, 6, 8, 9, 13, 4, 2]"
fake_guadalupe,5,qft,3,50,0.4,0,qiskit_L3,fidelity,0.650390625,0.17182421057839734,0.05950200893662149,0.1684299099326962,30,57,True,"[1, 6, 8, 9, 13, 4, 2]"
fake_guadalupe,5,qft,4,50,0.4,0,qiskit_L3,fidelity,0.6376953125,0.17182421057839734,0.05950200893662149,0.1684299099326962,30,57,True,"[1, 6, 8, 9, 13, 4, 2]"
fake_guadalupe,5,qft,0,50,0.4,0,esp_no_thermal,fidelity,0.5478515625000001,0.37531406166021647,0.17713052922551217,0.3634055751999217,50,61,True,"[1, 6, 8, 9, 13, 4, 2]"
fake_guadalupe,5,qft,1,50,0.4,0,esp_no_thermal,fidelity,0.5595703125000001,0.37531406166021647,0.17713052922551217,0.3634055751999217,50,61,True,"[1, 6, 8, 9, 13, 4, 2]"
fake_guadalupe,5,qft,2,50,0.4,0,esp_no_thermal,fidelity,0.56640625,0.37531406166021647,0.17713052922551217,0.3634055751999217,50,61,True,"[1, 6, 8, 9, 13, 4, 2]"
fake_guadalupe,5,qft,3,50,0.4,0,esp_no_thermal,fidelity,0.5498046875000001,0.37531406166021647,0.17713052922551217,0.3634055751999217,50,61,True,"[1, 6, 8, 9, 13, 4, 2]"
fake_guadalupe,5,qft,4,50,0.4,0,esp_no_thermal,fidelity,0.5214843750000002,0.37531406166021647,0.17713052922551217,0.3634055751999217,50,61,True,"[1, 6, 8, 9, 13, 4, 2]"
fake_guadalupe,5,qft,0,50,0.4,0,esp_thermal,fidelity,0.5312500000000002,0.37279266544597356,0.25408606780519305,0.36813702961679223,53,66,True,"[1, 6, 8, 9, 13, 4, 2]"
fake_guadalupe,5,qft,1,50,0.4,0,esp_thermal,fidelity,0.5537109375000002,0.37279266544597356,0.25408606780519305,0.36813702961679223,53,66,True,"[1, 6, 8, 9, 13, 4, 2]"
fake_guadalupe,5,qft,2,50,0.4,0,esp_thermal,fidelity,0.5615234375,0.37279266544597356,0.25408606780519305,0.36813702961679223,53,66,True,"[1, 6, 8, 9, 13, 4, 2]"
fake_guadalupe,5,qft,3,50,0.4,0,esp_thermal,fidelity,0.5419921875000001,0.37279266544597356,0.25408606780519305,0.36813702961679223,53,66,True,"[1, 6, 8, 9, 13, 4, 2]"
fake_guadalupe,5,qft,4,50,0.4,0,esp_thermal,fidelity,0.5224609375,0.37279266544597356,0.25408606780519305,0.36813702961679223,53,66,True,"[1, 6, 8, 9, 13, 4, 2]"
fake_guadalupe,5,qft,0,120,0.0,0,qiskit_L0,fidelity,0.48144531250000006,0.1653346059901124,0.052675029694004144,0.15130769579197814,56,80,True,[]
fake_guadalupe,5,qft,1,120,0.0,0,qiskit_L0,fidelity,0.49023437500000017,0.1653346059901124,0.052675029694004144,0.15130769579197814,56,80,True,[]
fake_guadalupe,5,qft,2,120,0.0,0,qiskit_L0,fidelity,0.5078125,0.1653346059901124,0.052675029694004144,0.15130769579197814,56,80,True,[]
fake_guadalupe,5,qft,3,120,0.0,0,qiskit_L0,fidelity,0.47949218750000017,0.1653346059901124,0.052675029694004144,0.15130769579197814,56,80,True,[]
fake_guadalupe,5,qft,4,120,0.0,0,qiskit_L0,fidelity,0.46777343750000017,0.1653346059901124,0.052675029694004144,0.15130769579197814,56,80,True,[]
fake_guadalupe,5,qft,0,120,0.0,0,qiskit_L1,fidelity,0.6250000000000001,0.11818921910928605,0.03727637977944505,0.1123439522438529,41,58,True,[]
fake_guadalupe,5,qft,1,120,0.0,0,qiskit_L1,fidelity,0.6376953125,0.11818921910928605,0.03727637977944505,0.1123439522438529,41,58,True,[]
fake_guadalupe,5,qft,2,120,0.0,0,qiskit_L1,fidelity,0.6279296875000002,0.11818921910928605,0.03727637977944505,0.1123439522438529,41,58,True,[]
fake_guadalupe,5,qft,3,120,0.0,0,qiskit_L1,fidelity,0.62109375,0.11818921910928605,0.03727637977944505,0.1123439522438529,41,58,True,[]
fake_guadalupe,5,qft,4,120,0.0,0,qiskit_L1,fidelity,0.5937500000000001,0.11818921910928605,0.03727637977944505,0.1123439522438529,41,58,True,[]
fake_guadalupe,5,qft,0,120,0.0,0,qiskit_L3,fidelity,0.650390625,0.17182421057839734,0.05419262921858532,0.1654679726259063,30,57,True,[]
fake_guadalupe,5,qft,1,120,0.0,0,qiskit_L3,fidelity,0.6767578125,0.17182421057839734,0.05419262921858532,0.1654679726259063,30,57,True,[]
fake_guadalupe,5,qft,2,120,0.0,0,qiskit_L3,fidelity,0.6552734375,0.17182421057839734,0.05419262921858532,0.1654679726259063,30,57,True,[]
fake_guadalupe,5,qft,3,120,0.0,0,qiskit_L3,fidelity,0.6435546875,0.17182421057839734,0.05419262921858532,0.1654679726259063,30,57,True,[]
fake_guadalupe,5,qft,4,120,0.0,0,qiskit_L3,fidelity,0.6250000000000001,0.17182421057839734,0.05419262921858532,0.1654679726259063,30,57,True,[]
fake_guadalupe,5,qft,0,120,0.0,0,esp_no_thermal,fidelity,0.5341796875000001,0.37531406166021647,0.11621678718197885,0.3499321549203737,50,61,True,[]
fake_guadalupe,5,qft,1,120,0.0,0,esp_no_thermal,fidelity,0.5429687500000002,0.37531406166021647,0.11621678718197885,0.3499321549203737,50,61,True,[]
fake_guadalupe,5,qft,2,120,0.0,0,esp_no_thermal,fidelity,0.5576171875000002,0.37531406166021647,0.11621678718197885,0.3499321549203737,50,61,True,[]
fake_guadalupe,5,qft,3,120,0.0,0,esp_no_thermal,fidelity,0.5419921875000001,0.37531406166021647,0.11621678718197885,0.3499321549203737,50,61,True,[]
fake_guadalupe,5,qft,4,120,0.0,0,esp_no_thermal,fidelity,0.5107421875,0.37531406166021647,0.11621678718197885,0.3499321549203737,50,61,True,[]
fake_guadalupe,5,qft,0,120,0.0,0,esp_thermal,fidelity,0.513671875,0.37279266544597356,0.11852482048628252,0.34938829169688357,53,66,True,[]
fake_guadalupe,5,qft,1,120,0.0,0,esp_thermal,fidelity,0.53515625,0.37279266544597356,0.11852482048628252,0.34938829169688357,53,66,True,[]
fake_guadalupe,5,qft,2,120,0.0,0,esp_thermal,fidelity,0.546875,0.37279266544597356,0.11852482048628252,0.34938829169688357,53,66,True,[]
fake_guadalupe,5,qft,3,120,0.0,0,esp_thermal,fidelity,0.5214843750000002,0.37279266544597356,0.11852482048628252,0.34938829169688357,53,66,True,[]
fake_guadalupe,5,qft,4,120,0.0,0,esp_thermal,fidelity,0.50390625,0.37279266544597356,0.11852482048628252,0.34938829169688357,53,66,True,[]
fake_guadalupe,5,qft,0,120,0.4,0,qiskit_L0,fidelity,0.47167968750000017,0.1653346059901124,0.03782096718696802,0.14705898267866052,56,80,True,"[1, 6, 8, 9, 13, 4, 2]"
fake_guadalupe,5,qft,1,120,0.4,0,qiskit_L0,fidelity,0.47265625,0.1653346059901124,0.03782096718696802,0.14705898267866052,56,80,True,"[1, 6, 8, 9, 13, 4, 2]"
fake_guadalupe,5,qft,2,120,0.4,0,qiskit_L0,fidelity,0.4999999999999999,0.1653346059901124,0.03782096718696802,0.14705898267866052,56,80,True,"[1, 6, 8, 9, 13, 4, 2]"
fake_guadalupe,5,qft,3,120,0.4,0,qiskit_L0,fidelity,0.4755859375000001,0.1653346059901124,0.03782096718696802,0.14705898267866052,56,80,True,"[1, 6, 8, 9, 13, 4, 2]"
fake_guadalupe,5,qft,4,120,0.4,0,qiskit_L0,fidelity,0.46191406250000006,0.1653346059901124,0.03782096718696802,0.14705898267866052,56,80,True,"[1, 6, 8, 9, 13, 4, 2]"
fake_guadalupe,5,qft,0,120,0.4,0,qiskit_L1,fidelity,0.6220703125,0.11818921910928605,0.02670327128897266,0.11134256169805627,41,58,True,"[1, 6, 8, 9, 13, 4, 2]"
fake_guadalupe,5,qft,1,120,0.4,0,qiskit_L1,fidelity,0.6337890625,0.11818921910928605,0.02670327128897266,0.11134256169805627,41,58,True,"[1, 6, 8, 9, 13, 4, 2]"
fake_guadalupe,5,qft,2,120,0.4,0,qiskit_L1,fidelity,0.6240234375000001,0.11818921910928605,0.02670327128897266,0.11134256169805627,41,58,True,"[1, 6, 8, 9, 13, 4, 2]"
fake_guadalupe,5,qft,3,120,0.4,0,qiskit_L1,fidelity,0.6152343749999999,0.11818921910928605,0.02670327128897266,0.11134256169805627,41,58,True,"[1, 6, 8, 9, 13, 4, 2]"
fake_guadalupe,5,qft,4,120,0.4,0,qiskit_L1,fidelity,0.591796875,0.11818921910928605,0.02670327128897266,0.11134256169805627,41,58,True,"[1, 6, 8, 9, 13, 4, 2]"
fake_guadalupe,5,qft,0,120,0.4,0,qiskit_L3,fidelity,0.650390625,0.17182421057839734,0.03882137934125679,0.1645332821866995,30,57,True,"[1, 6, 8, 9, 13, 4, 2]"
fake_guadalupe,5,qft,1,120,0.4,0,qiskit_L3,fidelity,0.67578125,0.17182421057839734,0.03882137934125679,0.1645332821866995,30,57,True,"[1, 6, 8, 9, 13, 4, 2]"
fake_guadalupe,5,qft,2,120,0.4,0,qiskit_L3,fidelity,0.6552734375,0.17182421057839734,0.03882137934125679,0.1645332821866995,30,57,True,"[1, 6, 8, 9, 13, 4, 2]"
fake_guadalupe,5,qft,3,120,0.4,0,qiskit_L3,fidelity,0.6435546875,0.17182421057839734,0.03882137934125679,0.1645332821866995,30,57,True,"[1, 6, 8, 9, 13, 4, 2]"
fake_guadalupe,5,qft,4,120,0.4,0,qiskit_L3,fidelity,0.6250000000000001,0.17182421057839734,0.03882137934125679,0.1645332821866995,30,57,True,"[1, 6, 8, 9, 13, 4, 2]"
fake_guadalupe,5,qft,0,120,0.4,0,esp_no_thermal,fidelity,0.5312500000000002,0.37531406166021647,0.09277774029628577,0.34688658607692463,50,61,True,"[1, 6, 8, 9, 13, 4, 2]"
fake_guadalupe,5,qft,1,120,0.4,0,esp_no_thermal,fidelity,0.5390625000000001,0.37531406166021647,0.09277774029628577,0.34688658607692463,50,61,True,"[1, 6, 8, 9, 13, 4, 2]"
fake_guadalupe,5,qft,2,120,0.4,0,esp_no_thermal,fidelity,0.5537109375000002,0.37531406166021647,0.09277774029628577,0.34688658607692463,50,61,True,"[1, 6, 8, 9, 13, 4, 2]"
fake_guadalupe,5,qft,3,120,0.4,0,esp_no_thermal,fidelity,0.5390625000000001,0.37531406166021647,0.09277774029628577,0.34688658607692463,50,61,True,"[1, 6, 8, 9, 13, 4, 2]"
fake_guadalupe,5,qft,4,120,0.4,0,esp_no_thermal,fidelity,0.5078125,0.37531406166021647,0.09277774029628577,0.34688658607692463,50,61,True,"[1, 6, 8, 9, 13, 4, 2]"
fake_guadalupe,5,qft,0,120,0.4,0,esp_thermal,fidelity,0.513671875,0.37279266544597356,0.10624425276841722,0.3483891431468851,53,66,True,"[1, 6, 8, 9, 13, 4, 2]"
fake_guadalupe,5,qft,1,120,0.4,0,esp_thermal,fidelity,0.53515625,0.37279266544597356,0.10624425276841722,0.3483891431468851,53,66,True,"[1, 6, 8, 9, 13, 4, 2]"
fake_guadalupe,5,qft,2,120,0.4,0,esp_thermal,fidelity,0.5458984375,0.37279266544597356,0.10624425276841722,0.3483891431468851,53,66,True,"[1, 6, 8, 9, 13, 4, 2]"
fake_guadalupe,5,qft,3,120,0.4,0,esp_thermal,fidelity,0.5214843750000002,0.37279266544597356,0.10624425276841722,0.3483891431468851,53,66,True,"[1, 6, 8, 9, 13, 4, 2]"
fake_guadalupe,5,qft,4,120,0.4,0,esp_thermal,fidelity,0.50390625,0.37279266544597356,0.10624425276841722,0.3483891431468851,53,66,True,"[1, 6, 8, 9, 13, 4, 2]"
fake_guadalupe,5,routing,0,15,0.0,0,qiskit_L0,fidelity,0.9821675834255538,0.519077520286599,0.5190772608935398,0.5190775111751753,21,25,False,[]
fake_guadalupe,5,routing,1,15,0.0,0,qiskit_L0,fidelity,0.9839166936189551,0.519077520286599,0.5190772608935398,0.5190775111751753,21,25,False,[]
fake_guadalupe,5,routing,2,15,0.0,0,qiskit_L0,fidelity,0.9924424209219823,0.519077520286599,0.5190772608935398,0.5190775111751753,21,25,False,[]
fake_guadalupe,5,routing,3,15,0.0,0,qiskit_L0,fidelity,0.985309003946058,0.519077520286599,0.5190772608935398,0.5190775111751753,21,25,False,[]
fake_guadalupe,5,routing,4,15,0.0,0,qiskit_L0,fidelity,0.9755671463645441,0.519077520286599,0.5190772608935398,0.5190775111751753,21,25,False,[]
fake_guadalupe,5,routing,0,15,0.0,0,qiskit_L1,fidelity,0.9906114441239215,0.5665402332817602,0.5665398772237125,0.566540228191487,13,16,False,[]
fake_guadalupe,5,routing,1,15,0.0,0,qiskit_L1,fidelity,0.9833642655862855,0.5665402332817602,0.5665398772237125,0.566540228191487,13,16,False,[]
fake_guadalupe,5,routing,2,15,0.0,0,qiskit_L1,fidelity,0.9867939880382882,0.5665402332817602,0.5665398772237125,0.566540228191487,13,16,False,[]
fake_guadalupe,5,routing,3,15,0.0,0,qiskit_L1,fidelity,0.9842702021066954,0.5665402332817602,0.5665398772237125,0.566540228191487,13,16,False,[]
fake_guadalupe,5,routing,4,15,0.0,0,qiskit_L1,fidelity,0.9813935067690358,0.5665402332817602,0.5665398772237125,0.566540228191487,13,16,False,[]
fake_guadalupe,5,routing,0,15,0.0,0,qiskit_L3,fidelity,0.9897405767879341,0.6736777313891621,0.6736773070972187,0.6736777248771603,13,24,False,[]
fake_guadalupe,5,routing,1,15,0.0,0,qiskit_L3,fidelity,0.980911968114803,0.6736777313891621,0.6736773070972187,0.6736777248771603,13,24,False,[]
fake_guadalupe,5,routing,2,15,0.0,0,qiskit_L3,fidelity,0.9828791662232591,0.6736777313891621,0.6736773070972187,0.6736777248771603,13,24,False,[]
fake_guadalupe,5,routing,3,15,0.0,0,qiskit_L3,fidelity,0.9823074720135625,0.6736777313891621,0.6736773070972187,0.6736777248771603,13,24,False,[]
fake_guadalupe,5,routing,4,15,0.0,0,qiskit_L3,fidelity,0.9856624782734226,0.6736777313891621,0.6736773070972187,0.6736777248771603,13,24,False,[]
fake_guadalupe,5,routing,0,15,0.0,0,esp_no_thermal,fidelity,0.9891451152279388,0.7459756667344127,0.7459753186390142,0.7459756609005492,13,13,False,[]
fake_guadalupe,5,routing,1,15,0.0,0,esp_no_thermal,fidelity,0.9870498098526417,0.7459756667344127,0.7459753186390142,0.7459756609005492,13,13,False,[]
fake_guadalupe,5,routing,2,15,0.0,0,esp_no_thermal,fidelity,0.991140515265456,0.7459756667344127,0.7459753186390142,0.7459756609005492,13,13,False,[]
fake_guadalupe,5,routing,3,15,0.0,0,esp_no_thermal,fidelity,0.98499632617453,0.7459756667344127,0.7459753186390142,0.7459756609005492,13,13,False,[]
fake_guadalupe,5,routing,4,15,0.0,0,esp_no_thermal,fidelity,0.9861124551850663,0.7459756667344127,0.7459753186390142,0.7459756609005492,13,13,False,[]
fake_guadalupe,5,routing,0,15,0.0,0,esp_thermal,fidelity,0.9891451152279388,0.7459756667344127,0.7459753186390142,0.7459756609005492,13,13,False,[]
fake_guadalupe,5,routing,1,15,0.0,0,esp_thermal,fidelity,0.9870498098526417,0.7459756667344127,0.7459753186390142,0.7459756609005492,13,13,False,[]
fake_guadalupe,5,routing,2,15,0.0,0,esp_thermal,fidelity,0.991140515265456,0.7459756667344127,0.7459753186390142,0.7459756609005492,13,13,False,[]
fake_guadalupe,5,routing,3,15,0.0,0,esp_thermal,fidelity,0.98499632617453,0.7459756667344127,0.7459753186390142,0.7459756609005492,13,13,False,[]
fake_guadalupe,5,routing,4,15,0.0,0,esp_thermal,fidelity,0.9861124551850663,0.7459756667344127,0.7459753186390142,0.7459756609005492,13,13,False,[]
fake_guadalupe,5,routing,0,15,0.4,0,qiskit_L0,fidelity,0.9823251242105743,0.519077520286599,0.507953522754827,0.5186826576579617,21,25,False,"[1, 6, 8, 9, 13, 4, 2]"
fake_guadalupe,5,routing,1,15,0.4,0,qiskit_L0,fidelity,0.9841228578223326,0.519077520286599,0.507953522754827,0.5186826576579617,21,25,False,"[1, 6, 8, 9, 13, 4, 2]"
fake_guadalupe,5,routing,2,15,0.4,0,qiskit_L0,fidelity,0.9922210856379904,0.519077520286599,0.507953522754827,0.5186826576579617,21,25,False,"[1, 6, 8, 9, 13, 4, 2]"
fake_guadalupe,5,routing,3,15,0.4,0,qiskit_L0,fidelity,0.9848966714837533,0.519077520286599,0.507953522754827,0.5186826576579617,21,25,False,"[1, 6, 8, 9, 13, 4, 2]"
fake_guadalupe,5,routing,4,15,0.4,0,qiskit_L0,fidelity,0.9756912786466958,0.519077520286599,0.507953522754827,0.5186826576579617,21,25,False,"[1, 6, 8, 9, 13, 4, 2]"
fake_guadalupe,5,routing,0,15,0.4,0,qiskit_L1,fidelity,0.9907718851944256,0.5665402332817602,0.5536153914264115,0.5663440856075711,13,16,False,"[1, 6, 8, 9, 13, 4, 2]"
fake_guadalupe,5,routing,1,15,0.4,0,qiskit_L1,fidelity,0.9837541054250494,0.5665402332817602,0.5536153914264115,0.5663440856075711,13,16,False,"[1, 6, 8, 9, 13, 4, 2]"
fake_guadalupe,5,routing,2,15,0.4,0,qiskit_L1,fidelity,0.9867939880382882,0.5665402332817602,0.5536153914264115,0.5663440856075711,13,16,False,"[1, 6, 8, 9, 13, 4, 2]"
fake_guadalupe,5,routing,3,15,0.4,0,qiskit_L1,fidelity,0.9842702021066954,0.5665402332817602,0.5536153914264115,0.5663440856075711,13,16,False,"[1, 6, 8, 9, 13, 4, 2]"
fake_guadalupe,5,routing,4,15,0.4,0,qiskit_L1,fidelity,0.9813615461349853,0.5665402332817602,0.5536153914264115,0.5663440856075711,13,16,False,"[1, 6, 8, 9, 13, 4, 2]"
fake_guadalupe,5,routing,0,15,0.4,0,qiskit_L3,fidelity,0.9899622518158936,0.6736777313891621,0.6674700888506852,0.6735852311407565,13,24,False,"[1, 6, 8, 9, 13, 4, 2]"
fake_guadalupe,5,routing,1,15,0.4,0,qiskit_L3,fidelity,0.9811955046911175,0.6736777313891621,0.6674700888506852,0.6735852311407565,13,24,False,"[1, 6, 8, 9, 13, 4, 2]"
fake_guadalupe,5,routing,2,15,0.4,0,qiskit_L3,fidelity,0.9828791662232591,0.6736777313891621,0.6674700888506852,0.6735852311407565,13,24,False,"[1, 6, 8, 9, 13, 4, 2]"
fake_guadalupe,5,routing,3,15,0.4,0,qiskit_L3,fidelity,0.9821297825568194,0.6736777313891621,0.6674700888506852,0.6735852311407565,13,24,False,"[1, 6, 8, 9, 13, 4, 2]"
fake_guadalupe,5,routing,4,15,0.4,0,qiskit_L3,fidelity,0.9856624782734226,0.6736777313891621,0.6674700888506852,0.6735852311407565,13,24,False,"[1, 6, 8, 9, 13, 4, 2]"
fake_guadalupe,5,routing,0,15,0.4,0,esp_no_thermal,fidelity,0.9891248140698811,0.7459756667344127,0.7299891933978526,0.7457194639558525,13,13,False,"[1, 6, 8, 9, 13, 4, 2]"
fake_guadalupe,5,routing,1,15,0.4,0,esp_no_thermal,fidelity,0.9870180018697293,0.7459756667344127,0.7299891933978526,0.7457194639558525,13,13,False,"[1, 6, 8, 9, 13, 4, 2]"
fake_guadalupe,5,routing,2,15,0.4,0,esp_no_thermal,fidelity,0.991140515265456,0.7459756667344127,0.7299891933978526,0.7457194639558525,13,13,False,"[1, 6, 8, 9, 13, 4, 2]"
fake_guadalupe,5,routing,3,15,0.4,0,esp_no_thermal,fidelity,0.98499632617453,0.7459756667344127,0.7299891933978526,0.7457194639558525,13,13,False,"[1, 6, 8, 9, 13, 4, 2]"
fake_guadalupe,5,routing,4,15,0.4,0,esp_no_thermal,fidelity,0.9861124551850663,0.7459756667344127,0.7299891933978526,0.7457194639558525,13,13,False,"[1, 6, 8, 9, 13, 4, 2]"
fake_guadalupe,5,routing,0,15,0.4,0,esp_thermal,fidelity,0.9891248140698811,0.7459756667344127,0.7299891933978526,0.7457194639558525,13,13,False,"[1, 6, 8, 9, 13, 4, 2]"
fake_guadalupe,5,routing,1,15,0.4,0,esp_thermal,fidelity,0.9870180018697293,0.7459756667344127,0.7299891933978526,0.7457194639558525,13,13,False,"[1, 6, 8, 9, 13, 4, 2]"
fake_guadalupe,5,routing,2,15,0.4,0,esp_thermal,fidelity,0.991140515265456,0.7459756667344127,0.7299891933978526,0.7457194639558525,13,13,False,"[1, 6, 8, 9, 13, 4, 2]"
fake_guadalupe,5,routing,3,15,0.4,0,esp_thermal,fidelity,0.98499632617453,0.7459756667344127,0.7299891933978526,0.7457194639558525,13,13,False,"[1, 6, 8, 9, 13, 4, 2]"
fake_guadalupe,5,routing,4,15,0.4,0,esp_thermal,fidelity,0.9861124551850663,0.7459756667344127,0.7299891933978526,0.7457194639558525,13,13,False,"[1, 6, 8, 9, 13, 4, 2]"
fake_guadalupe,5,routing,0,50,0.0,0,qiskit_L0,fidelity,0.9825440501101075,0.519077520286599,0.48727544364724645,0.5179942150305651,21,25,False,[]
fake_guadalupe,5,routing,1,50,0.0,0,qiskit_L0,fidelity,0.9838975825788518,0.519077520286599,0.48727544364724645,0.5179942150305651,21,25,False,[]
fake_guadalupe,5,routing,2,50,0.0,0,qiskit_L0,fidelity,0.9921701701253874,0.519077520286599,0.48727544364724645,0.5179942150305651,21,25,False,[]
fake_guadalupe,5,routing,3,50,0.0,0,qiskit_L0,fidelity,0.9847756428362625,0.519077520286599,0.48727544364724645,0.5179942150305651,21,25,False,[]
fake_guadalupe,5,routing,4,50,0.0,0,qiskit_L0,fidelity,0.9759958291071963,0.519077520286599,0.48727544364724645,0.5179942150305651,21,25,False,[]
fake_guadalupe,5,routing,0,50,0.0,0,qiskit_L1,fidelity,0.9906942488912514,0.5665402332817602,0.5290868849699892,0.5659633990269023,13,16,False,[]
fake_guadalupe,5,routing,1,50,0.0,0,qiskit_L1,fidelity,0.9837065858618993,0.5665402332817602,0.5290868849699892,0.5659633990269023,13,16,False,[]
fake_guadalupe,5,routing,2,50,0.0,0,qiskit_L1,fidelity,0.9865250396044707,0.5665402332817602,0.5290868849699892,0.5659633990269023,13,16,False,[]
fake_guadalupe,5,routing,3,50,0.0,0,qiskit_L1,fidelity,0.9840227646340547,0.5665402332817602,0.5290868849699892,0.5659633990269023,13,16,False,[]
fake_guadalupe,5,routing,4,50,0.0,0,qiskit_L1,fidelity,0.9814621433967777,0.5665402332817602,0.5290868849699892,0.5659633990269023,13,16,False,[]
fake_guadalupe,5,routing,0,50,0.0,0,qiskit_L3,fidelity,0.9899584906855553,0.6736777313891621,0.6294532683725841,0.6729785637233558,13,24,False,[]
fake_guadalupe,5,routing,1,50,0.0,0,qiskit_L3,fidelity,0.9813929587549498,0.6736777313891621,0.6294532683725841,0.6729785637233558,13,24,False,[]
fake_guadalupe,5,routing,2,50,0.0,0,qiskit_L3,fidelity,0.9826834636857494,0.6736777313891621,0.6294532683725841,0.6729785637233558,13,24,False,[]
fake_guadalupe,5,routing,3,50,0.0,0,qiskit_L3,fidelity,0.9821670860485239,0.6736777313891621,0.6294532683725841,0.6729785637233558,13,24,False,[]
fake_guadalupe,5,routing,4,50,0.0,0,qiskit_L3,fidelity,0.9854891830464175,0.6736777313891621,0.6294532683725841,0.6729785637233558,13,24,False,[]
fake_guadalupe,5,routing,0,50,0.0,0,esp_no_thermal,fidelity,0.9895742807127905,0.7459756667344127,0.7008723981694379,0.7452520670555152,13,13,False,[]
fake_guadalupe,5,routing,1,50,0.0,0,esp_no_thermal,fidelity,0.9865990633652804,0.7459756667344127,0.7008723981694379,0.7452520670555152,13,13,False,[]
fake_guadalupe,5,routing,2,50,0.0,0,esp_no_thermal,fidelity,0.991123551583148,0.7459756667344127,0.7008723981694379,0.7452520670555152,13,13,False,[]
fake_guadalupe,5,routing,3,50,0.0,0,esp_no_thermal,fidelity,0.9855810568990382,0.7459756667344127,0.7008723981694379,0.7452520670555152,13,13,False,[]
fake_guadalupe,5,routing,4,50,0.0,0,esp_no_thermal,fidelity,0.9857837737329016,0.7459756667344127,0.7008723981694379,0.7452520670555152,13,13,False,[]
fake_guadalupe,5,routing,0,50,0.0,0,esp_thermal,fidelity,0.9895742807127905,0.7459756667344127,0.7008723981694379,0.7452520670555152,13,13,False,[]
fake_guadalupe,5,routing,1,50,0.0,0,esp_thermal,fidelity,0.9865990633652804,0.7459756667344127,0.7008723981694379,0.7452520670555152,13,13,False,[]
fake_guadalupe,5,routing,2,50,0.0,0,esp_thermal,fidelity,0.991123551583148,0.7459756667344127,0.7008723981694379,0.7452520670555152,13,13,False,[]
fake_guadalupe,5,routing,3,50,0.0,0,esp_thermal,fidelity,0.9855810568990382,0.7459756667344127,0.7008723981694379,0.7452520670555152,13,13,False,[]
fake_guadalupe,5,routing,4,50,0.0,0,esp_thermal,fidelity,0.9857837737329016,0.7459756667344127,0.7008723981694379,0.7452520670555152,13,13,False,[]
fake_guadalupe,5,routing,0,50,0.4,0,qiskit_L0,fidelity,0.9831344945222833,0.519077520286599,0.18280500992533144,0.5025264156071645,21,25,True,"[1, 6, 8, 9, 13, 4, 2]"
fake_guadalupe,5,routing,1,50,0.4,0,qiskit_L0,fidelity,0.9840351704791686,0.519077520286599,0.18280500992533144,0.5025264156071645,21,25,True,"[1, 6, 8, 9, 13, 4, 2]"
fake_guadalupe,5,routing,2,50,0.4,0,qiskit_L0,fidelity,0.9897647367281047,0.519077520286599,0.18280500992533144,0.5025264156071645,21,25,True,"[1, 6, 8, 9, 13, 4, 2]"
fake_guadalupe,5,routing,3,50,0.4,0,qiskit_L0,fidelity,0.9868121444576057,0.519077520286599,0.18280500992533144,0.5025264156071645,21,25,True,"[1, 6, 8, 9, 13, 4, 2]"
fake_guadalupe,5,routing,4,50,0.4,0,qiskit_L0,fidelity,0.977916535586151,0.519077520286599,0.18280500992533144,0.5025264156071645,21,25,True,"[1, 6, 8, 9, 13, 4, 2]"
fake_guadalupe,5,routing,0,50,0.4,0,qiskit_L1,fidelity,0.9906196300674808,0.5665402332817602,0.19544389938940157,0.5581388467809427,13,16,True,"[1, 6, 8, 9, 13, 4, 2]"
fake_guadalupe,5,routing,1,50,0.4,0,qiskit_L1,fidelity,0.981950584388812,0.5665402332817602,0.19544389938940157,0.5581388467809427,13,16,True,"[1, 6, 8, 9, 13, 4, 2]"
fake_guadalupe,5,routing,2,50,0.4,0,qiskit_L1,fidelity,0.9847742635961197,0.5665402332817602,0.19544389938940157,0.5581388467809427,13,16,True,"[1, 6, 8, 9, 13, 4, 2]"
fake_guadalupe,5,routing,3,50,0.4,0,qiskit_L1,fidelity,0.9855809852002362,0.5665402332817602,0.19544389938940157,0.5581388467809427,13,16,True,"[1, 6, 8, 9, 13, 4, 2]"
fake_guadalupe,5,routing,4,50,0.4,0,qiskit_L1,fidelity,0.9822098627215452,0.5665402332817602,0.19544389938940157,0.5581388467809427,13,16,True,"[1, 6, 8, 9, 13, 4, 2]"
fake_guadalupe,5,routing,0,50,0.4,0,qiskit_L3,fidelity,0.9887397330042363,0.6736777313891621,0.44446311430532104,0.6698146043588346,13,24,True,"[1, 6, 8, 9, 13, 4, 2]"
fake_guadalupe,5,routing,1,50,0.4,0,qiskit_L3,fidelity,0.9821278695974139,0.6736777313891621,0.44446311430532104,0.6698146043588346,13,24,True,"[1, 6, 8, 9, 13, 4, 2]"
fake_guadalupe,5,routing,2,50,0.4,0,qiskit_L3,fidelity,0.984940540328373,0.6736777313891621,0.44446311430532104,0.6698146043588346,13,24,True,"[1, 6, 8, 9, 13, 4, 2]"
fake_guadalupe,5,routing,3,50,0.4,0,qiskit_L3,fidelity,0.9827203276996502,0.6736777313891621,0.44446311430532104,0.6698146043588346,13,24,True,"[1, 6, 8, 9, 13, 4, 2]"
fake_guadalupe,5,routing,4,50,0.4,0,qiskit_L3,fidelity,0.9865296171023746,0.6736777313891621,0.44446311430532104,0.6698146043588346,13,24,True,"[1, 6, 8, 9, 13, 4, 2]"
fake_guadalupe,5,routing,0,50,0.4,0,esp_no_thermal,fidelity,0.9910124023321002,0.7459756667344127,0.262937497413695,0.7350117923985694,13,13,True,"[1, 6, 8, 9, 13, 4, 2]"
fake_guadalupe,5,routing,1,50,0.4,0,esp_no_thermal,fidelity,0.9868023864778461,0.7459756667344127,0.262937497413695,0.7350117923985694,13,13,True,"[1, 6, 8, 9, 13, 4, 2]"
fake_guadalupe,5,routing,2,50,0.4,0,esp_no_thermal,fidelity,0.990765921805541,0.7459756667344127,0.262937497413695,0.7350117923985694,13,13,True,"[1, 6, 8, 9, 13, 4, 2]"
fake_guadalupe,5,routing,3,50,0.4,0,esp_no_thermal,fidelity,0.9862721452755009,0.7459756667344127,0.262937497413695,0.7350117923985694,13,13,True,"[1, 6, 8, 9, 13, 4, 2]"
fake_guadalupe,5,routing,4,50,0.4,0,esp_no_thermal,fidelity,0.9857774372033156,0.7459756667344127,0.262937497413695,0.7350117923985694,13,13,True,"[1, 6, 8, 9, 13, 4, 2]"
fake_guadalupe,5,routing,0,50,0.4,0,esp_thermal,fidelity,0.9890013175600008,0.6963109516651025,0.4745879629005685,0.6942464489974143,19,17,True,"[1, 6, 8, 9, 13, 4, 2]"
fake_guadalupe,5,routing,1,50,0.4,0,esp_thermal,fidelity,0.9871518781473502,0.6963109516651025,0.4745879629005685,0.6942464489974143,19,17,True,"[1, 6, 8, 9, 13, 4, 2]"
fake_guadalupe,5,routing,2,50,0.4,0,esp_thermal,fidelity,0.9846646099797314,0.6963109516651025,0.4745879629005685,0.6942464489974143,19,17,True,"[1, 6, 8, 9, 13, 4, 2]"
fake_guadalupe,5,routing,3,50,0.4,0,esp_thermal,fidelity,0.9821423463972584,0.6963109516651025,0.4745879629005685,0.6942464489974143,19,17,True,"[1, 6, 8, 9, 13, 4, 2]"
fake_guadalupe,5,routing,4,50,0.4,0,esp_thermal,fidelity,0.9812285200627168,0.6963109516651025,0.4745879629005685,0.6942464489974143,19,17,True,"[1, 6, 8, 9, 13, 4, 2]"
fake_guadalupe,5,routing,0,120,0.0,0,qiskit_L0,fidelity,0.9829336803872661,0.519077520286599,0.1653762902862684,0.5010982712911775,21,25,False,[]
fake_guadalupe,5,routing,1,120,0.0,0,qiskit_L0,fidelity,0.9841741662234694,0.519077520286599,0.1653762902862684,0.5010982712911775,21,25,False,[]
fake_guadalupe,5,routing,2,120,0.0,0,qiskit_L0,fidelity,0.989855500922256,0.519077520286599,0.1653762902862684,0.5010982712911775,21,25,False,[]
fake_guadalupe,5,routing,3,120,0.0,0,qiskit_L0,fidelity,0.9869297938208942,0.519077520286599,0.1653762902862684,0.5010982712911775,21,25,False,[]
fake_guadalupe,5,routing,4,120,0.0,0,qiskit_L0,fidelity,0.9782081689017907,0.519077520286599,0.1653762902862684,0.5010982712911775,21,25,False,[]
fake_guadalupe,5,routing,0,120,0.0,0,qiskit_L1,fidelity,0.9907145351450724,0.5665402332817602,0.1738953026685749,0.5570732490110942,13,16,False,[]
fake_guadalupe,5,routing,1,120,0.0,0,qiskit_L1,fidelity,0.98348676342183,0.5665402332817602,0.1738953026685749,0.5570732490110942,13,16,False,[]
fake_guadalupe,5,routing,2,120,0.0,0,qiskit_L1,fidelity,0.9852968928149234,0.5665402332817602,0.1738953026685749,0.5570732490110942,13,16,False,[]
fake_guadalupe,5,routing,3,120,0.0,0,qiskit_L1,fidelity,0.9858375950956915,0.5665402332817602,0.1738953026685749,0.5570732490110942,13,16,False,[]
fake_guadalupe,5,routing,4,120,0.0,0,qiskit_L1,fidelity,0.9822215090435978,0.5665402332817602,0.1738953026685749,0.5570732490110942,13,16,False,[]
fake_guadalupe,5,routing,0,120,0.0,0,qiskit_L3,fidelity,0.9895334892518636,0.6736777313891621,0.20767929443494718,0.6623361699356938,13,24,False,[]
fake_guadalupe,5,routing,1,120,0.0,0,qiskit_L3,fidelity,0.982376414181049,0.6736777313891621,0.20767929443494718,0.6623361699356938,13,24,False,[]
fake_guadalupe,5,routing,2,120,0.0,0,qiskit_L3,fidelity,0.9867493575751777,0.6736777313891621,0.20767929443494718,0.6623361699356938,13,24,False,[]
fake_guadalupe,5,routing,3,120,0.0,0,qiskit_L3,fidelity,0.9834192445684057,0.6736777313891621,0.20767929443494718,0.6623361699356938,13,24,False,[]
fake_guadalupe,5,routing,4,120,0.0,0,qiskit_L3,fidelity,0.9866898907386565,0.6736777313891621,0.20767929443494718,0.6623361699356938,13,24,False,[]
fake_guadalupe,5,routing,0,120,0.0,0,esp_no_thermal,fidelity,0.9916133938959873,0.7459756667344127,0.23892633240447503,0.7337759458252368,13,13,False,[]
fake_guadalupe,5,routing,1,120,0.0,0,esp_no_thermal,fidelity,0.9870040251414596,0.7459756667344127,0.23892633240447503,0.7337759458252368,13,13,False,[]
fake_guadalupe,5,routing,2,120,0.0,0,esp_no_thermal,fidelity,0.9903982647623332,0.7459756667344127,0.23892633240447503,0.7337759458252368,13,13,False,[]
fake_guadalupe,5,routing,3,120,0.0,0,esp_no_thermal,fidelity,0.985754333319319,0.7459756667344127,0.23892633240447503,0.7337759458252368,13,13,False,[]
fake_guadalupe,5,routing,4,120,0.0,0,esp_no_thermal,fidelity,0.9852486111935446,0.7459756667344127,0.23892633240447503,0.7337759458252368,13,13,False,[]
fake_guadalupe,5,routing,0,120,0.0,0,esp_thermal,fidelity,0.9916133938959873,0.7459756667344127,0.23892633240447503,0.7337759458252368,13,13,False,[]
fake_guadalupe,5,routing,1,120,0.0,0,esp_thermal,fidelity,0.9870040251414596,0.7459756667344127,0.23892633240447503,0.7337759458252368,13,13,False,[]
fake_guadalupe,5,routing,2,120,0.0,0,esp_thermal,fidelity,0.9903982647623332,0.7459756667344127,0.23892633240447503,0.7337759458252368,13,13,False,[]
fake_guadalupe,5,routing,3,120,0.0,0,esp_thermal,fidelity,0.985754333319319,0.7459756667344127,0.23892633240447503,0.7337759458252368,13,13,False,[]
fake_guadalupe,5,routing,4,120,0.0,0,esp_thermal,fidelity,0.9852486111935446,0.7459756667344127,0.23892633240447503,0.7337759458252368,13,13,False,[]
fake_guadalupe,5,routing,0,120,0.4,0,qiskit_L0,fidelity,0.9833668010894436,0.519077520286599,0.11874110531600536,0.4963043100373068,21,25,True,"[1, 6, 8, 9, 13, 4, 2]"
fake_guadalupe,5,routing,1,120,0.4,0,qiskit_L0,fidelity,0.982605322825638,0.519077520286599,0.11874110531600536,0.4963043100373068,21,25,True,"[1, 6, 8, 9, 13, 4, 2]"
fake_guadalupe,5,routing,2,120,0.4,0,qiskit_L0,fidelity,0.9891287303030704,0.519077520286599,0.11874110531600536,0.4963043100373068,21,25,True,"[1, 6, 8, 9, 13, 4, 2]"
fake_guadalupe,5,routing,3,120,0.4,0,qiskit_L0,fidelity,0.9877497037512629,0.519077520286599,0.11874110531600536,0.4963043100373068,21,25,True,"[1, 6, 8, 9, 13, 4, 2]"
fake_guadalupe,5,routing,4,120,0.4,0,qiskit_L0,fidelity,0.9777335056589688,0.519077520286599,0.11874110531600536,0.4963043100373068,21,25,True,"[1, 6, 8, 9, 13, 4, 2]"
fake_guadalupe,5,routing,0,120,0.4,0,qiskit_L1,fidelity,0.9891751964136404,0.5665402332817602,0.12457147047304007,0.5546144803065712,13,16,True,"[1, 6, 8, 9, 13, 4, 2]"
fake_guadalupe,5,routing,1,120,0.4,0,qiskit_L1,fidelity,0.9818408414717206,0.5665402332817602,0.12457147047304007,0.5546144803065712,13,16,True,"[1, 6, 8, 9, 13, 4, 2]"
fake_guadalupe,5,routing,2,120,0.4,0,qiskit_L1,fidelity,0.9859268485749799,0.5665402332817602,0.12457147047304007,0.5546144803065712,13,16,True,"[1, 6, 8, 9, 13, 4, 2]"
fake_guadalupe,5,routing,3,120,0.4,0,qiskit_L1,fidelity,0.9871539518600692,0.5665402332817602,0.12457147047304007,0.5546144803065712,13,16,True,"[1, 6, 8, 9, 13, 4, 2]"
fake_guadalupe,5,routing,4,120,0.4,0,qiskit_L1,fidelity,0.9818873508869868,0.5665402332817602,0.12457147047304007,0.5546144803065712,13,16,True,"[1, 6, 8, 9, 13, 4, 2]"
fake_guadalupe,5,routing,0,120,0.4,0,qiskit_L3,fidelity,0.9897811516819994,0.6736777313891621,0.1853984414120556,0.6613777978624764,13,24,True,"[1, 6, 8, 9, 13, 4, 2]"
fake_guadalupe,5,routing,1,120,0.4,0,qiskit_L3,fidelity,0.9827349732030616,0.6736777313891621,0.1853984414120556,0.6613777978624764,13,24,True,"[1, 6, 8, 9, 13, 4, 2]"
fake_guadalupe,5,routing,2,120,0.4,0,qiskit_L3,fidelity,0.9865240686545659,0.6736777313891621,0.1853984414120556,0.6613777978624764,13,24,True,"[1, 6, 8, 9, 13, 4, 2]"
fake_guadalupe,5,routing,3,120,0.4,0,qiskit_L3,fidelity,0.9848938346146848,0.6736777313891621,0.1853984414120556,0.6613777978624764,13,24,True,"[1, 6, 8, 9, 13, 4, 2]"
fake_guadalupe,5,routing,4,120,0.4,0,qiskit_L3,fidelity,0.9864710854239251,0.6736777313891621,0.1853984414120556,0.6613777978624764,13,24,True,"[1, 6, 8, 9, 13, 4, 2]"
fake_guadalupe,5,routing,0,120,0.4,0,esp_no_thermal,fidelity,0.9919658403316279,0.7459756667344127,0.17155044867494126,0.7305560919834241,13,13,True,"[1, 6, 8, 9, 13, 4, 2]"
fake_guadalupe,5,routing,1,120,0.4,0,esp_no_thermal,fidelity,0.9871307318282733,0.7459756667344127,0.17155044867494126,0.7305560919834241,13,13,True,"[1, 6, 8, 9, 13, 4, 2]"
fake_guadalupe,5,routing,2,120,0.4,0,esp_no_thermal,fidelity,0.9899678860782664,0.7459756667344127,0.17155044867494126,0.7305560919834241,13,13,True,"[1, 6, 8, 9, 13, 4, 2]"
fake_guadalupe,5,routing,3,120,0.4,0,esp_no_thermal,fidelity,0.9850205004888681,0.7459756667344127,0.17155044867494126,0.7305560919834241,13,13,True,"[1, 6, 8, 9, 13, 4, 2]"
fake_guadalupe,5,routing,4,120,0.4,0,esp_no_thermal,fidelity,0.9847390384921374,0.7459756667344127,0.17155044867494126,0.7305560919834241,13,13,True,"[1, 6, 8, 9, 13, 4, 2]"
fake_guadalupe,5,routing,0,120,0.4,0,esp_thermal,fidelity,0.9900618474505009,0.6963109516651025,0.1984455264580456,0.6805877714464759,19,17,True,"[1, 6, 8, 9, 13, 4, 2]"
fake_guadalupe,5,routing,1,120,0.4,0,esp_thermal,fidelity,0.9856818942100481,0.6963109516651025,0.1984455264580456,0.6805877714464759,19,17,True,"[1, 6, 8, 9, 13, 4, 2]"
fake_guadalupe,5,routing,2,120,0.4,0,esp_thermal,fidelity,0.9849702055263794,0.6963109516651025,0.1984455264580456,0.6805877714464759,19,17,True,"[1, 6, 8, 9, 13, 4, 2]"
fake_guadalupe,5,routing,3,120,0.4,0,esp_thermal,fidelity,0.9815603853709826,0.6963109516651025,0.1984455264580456,0.6805877714464759,19,17,True,"[1, 6, 8, 9, 13, 4, 2]"
fake_guadalupe,5,routing,4,120,0.4,0,esp_thermal,fidelity,0.9819200997912688,0.6963109516651025,0.1984455264580456,0.6805877714464759,19,17,True,"[1, 6, 8, 9, 13, 4, 2]"
