device,N,benchmark,bg_T,hot_frac,hot_T,stress,profile_seed,hot_qs,method,opt_level,thermal_mode,draw_id,sim_seed,metric_type,metric_val,esp_standard,esp_thermal,esp_thermal_gate,mapping_seconds,native_2q,depth,layout
fake_vigo,3,ghz,15,0.0,45,False,0,"[]",qiskit_L0,0,raw_upper_bound,0,0,success_prob,0.490966796875,0.9749821509852133,0.9749818698602724,0.974982150513754,0.001486063003540039,2,6,"[0, 1, 2]"
fake_vigo,3,ghz,15,0.0,45,False,0,"[]",qiskit_L0,0,raw_upper_bound,0,1,success_prob,0.4974365234375,0.9749821509852133,0.9749818698602724,0.974982150513754,0.001486063003540039,2,6,"[0, 1, 2]"
fake_vigo,3,ghz,15,0.0,45,False,0,"[]",qiskit_L0,0,raw_upper_bound,0,2,success_prob,0.4910888671875,0.9749821509852133,0.9749818698602724,0.974982150513754,0.001486063003540039,2,6,"[0, 1, 2]"
fake_vigo,3,ghz,15,0.0,45,False,0,"[]",qiskit_L0,0,raw_upper_bound,0,3,success_prob,0.48583984375,0.9749821509852133,0.9749818698602724,0.974982150513754,0.001486063003540039,2,6,"[0, 1, 2]"
fake_vigo,3,ghz,15,0.0,45,False,0,"[]",qiskit_L0,0,raw_upper_bound,0,4,success_prob,0.4949951171875,0.9749821509852133,0.9749818698602724,0.974982150513754,0.001486063003540039,2,6,"[0, 1, 2]"
fake_vigo,3,ghz,15,0.0,45,False,0,"[]",qiskit_L0,0,raw_upper_bound,0,5,success_prob,0.5018310546875,0.9749821509852133,0.9749818698602724,0.974982150513754,0.001486063003540039,2,6,"[0, 1, 2]"
fake_vigo,3,ghz,15,0.0,45,False,0,"[]",qiskit_L0,0,raw_upper_bound,0,6,success_prob,0.4930419921875,0.9749821509852133,0.9749818698602724,0.974982150513754,0.001486063003540039,2,6,"[0, 1, 2]"
fake_vigo,3,ghz,15,0.0,45,False,0,"[]",qiskit_L0,0,raw_upper_bound,0,7,success_prob,0.489990234375,0.9749821509852133,0.9749818698602724,0.974982150513754,0.001486063003540039,2,6,"[0, 1, 2]"
fake_vigo,3,ghz,15,0.0,45,False,0,"[]",qiskit_L0,0,raw_upper_bound,0,8,success_prob,0.4906005859375,0.9749821509852133,0.9749818698602724,0.974982150513754,0.001486063003540039,2,6,"[0, 1, 2]"
fake_vigo,3,ghz,15,0.0,45,False,0,"[]",qiskit_L0,0,raw_upper_bound,0,9,success_prob,0.493896484375,0.9749821509852133,0.9749818698602724,0.974982150513754,0.001486063003540039,2,6,"[0, 1, 2]"
fake_vigo,3,ghz,15,0.0,45,False,0,"[]",qiskit_L0,0,raw_upper_bound,0,10,success_prob,0.4984130859375,0.9749821509852133,0.9749818698602724,0.974982150513754,0.001486063003540039,2,6,"[0, 1, 2]"
fake_vigo,3,ghz,15,0.0,45,False,0,"[]",qiskit_L0,0,raw_upper_bound,0,11,success_prob,0.49755859375,0.9749821509852133,0.9749818698602724,0.974982150513754,0.001486063003540039,2,6,"[0, 1, 2]"
fake_vigo,3,ghz,15,0.0,45,False,0,"[]",qiskit_L0,0,raw_upper_bound,0,12,success_prob,0.4925537109375,0.9749821509852133,0.9749818698602724,0.974982150513754,0.001486063003540039,2,6,"[0, 1, 2]"
fake_vigo,3,ghz,15,0.0,45,False,0,"[]",qiskit_L0,0,raw_upper_bound,0,13,success_prob,0.4923095703125,0.9749821509852133,0.9749818698602724,0.974982150513754,0.001486063003540039,2,6,"[0, 1, 2]"
fake_vigo,3,ghz,15,0.0,45,False,0,"[]",qiskit_L0,0,raw_upper_bound,0,14,success_prob,0.491455078125,0.9749821509852133,0.9749818698602724,0.974982150513754,0.001486063003540039,2,6,"[0, 1, 2]"
fake_vigo,3,ghz,15,0.0,45,False,0,"[]",qiskit_L0,0,raw_upper_bound,0,15,success_prob,0.4945068359375,0.9749821509852133,0.9749818698602724,0.974982150513754,0.001486063003540039,2,6,"[0, 1, 2]"
fake_vigo,3,ghz,15,0.0,45,False,0,"[]",qiskit_L0,0,raw_upper_bound,0,16,success_prob,0.495849609375,0.9749821509852133,0.9749818698602724,0.974982150513754,0.001486063003540039,2,6,"[0, 1, 2]"
fake_vigo,3,ghz,15,0.0,45,False,0,"[]",qiskit_L0,0,raw_upper_bound,0,17,success_prob,0.5,0.9749821509852133,0.9749818698602724,0.974982150513754,0.001486063003540039,2,6,"[0, 1, 2]"
fake_vigo,3,ghz,15,0.0,45,False,0,"[]",qiskit_L0,0,raw_upper_bound,0,18,success_prob,0.5013427734375,0.9749821509852133,0.9749818698602724,0.974982150513754,0.001486063003540039,2,6,"[0, 1, 2]"
fake_vigo,3,ghz,15,0.0,45,False,0,"[]",qiskit_L0,0,raw_upper_bound,0,19,success_prob,0.4931640625,0.9749821509852133,0.9749818698602724,0.974982150513754,0.001486063003540039,2,6,"[0, 1, 2]"
fake_vigo,3,ghz,15,0.0,45,False,0,"[]",qiskit_L1,1,raw_upper_bound,0,0,success_prob,0.490966796875,0.9749821509852133,0.9749818698602724,0.974982150513754,0.002535581588745117,2,6,"[0, 1, 2]"
fake_vigo,3,ghz,15,0.0,45,False,0,"[]",qiskit_L1,1,raw_upper_bound,0,1,success_prob,0.4974365234375,0.9749821509852133,0.9749818698602724,0.974982150513754,0.002535581588745117,2,6,"[0, 1, 2]"
fake_vigo,3,ghz,15,0.0,45,False,0,"[]",qiskit_L1,1,raw_upper_bound,0,2,success_prob,0.4910888671875,0.9749821509852133,0.9749818698602724,0.974982150513754,0.002535581588745117,2,6,"[0, 1, 2]"
fake_vigo,3,ghz,15,0.0,45,False,0,"[]",qiskit_L1,1,raw_upper_bound,0,3,success_prob,0.48583984375,0.9749821509852133,0.9749818698602724,0.974982150513754,0.002535581588745117,2,6,"[0, 1, 2]"
fake_vigo,3,ghz,15,0.0,45,False,0,"[]",qiskit_L1,1,raw_upper_bound,0,4,success_prob,0.4949951171875,0.9749821509852133,0.9749818698602724,0.974982150513754,0.002535581588745117,2,6,"[0, 1, 2]"
fake_vigo,3,ghz,15,0.0,45,False,0,"[]",qiskit_L1,1,raw_upper_bound,0,5,success_prob,0.5018310546875,0.9749821509852133,0.9749818698602724,0.974982150513754,0.002535581588745117,2,6,"[0, 1, 2]"
fake_vigo,3,ghz,15,0.0,45,False,0,"[]",qiskit_L1,1,raw_upper_bound,0,6,success_prob,0.4930419921875,0.9749821509852133,0.9749818698602724,0.974982150513754,0.002535581588745117,2,6,"[0, 1, 2]"
fake_vigo,3,ghz,15,0.0,45,False,0,"[]",qiskit_L1,1,raw_upper_bound,0,7,success_prob,0.489990234375,0.9749821509852133,0.9749818698602724,0.974982150513754,0.002535581588745117,2,6,"[0, 1, 2]"
fake_vigo,3,ghz,15,0.0,45,False,0,"[]",qiskit_L1,1,raw_upper_bound,0,8,success_prob,0.4906005859375,0.9749821509852133,0.9749818698602724,0.974982150513754,0.002535581588745117,2,6,"[0, 1, 2]"
fake_vigo,3,ghz,15,0.0,45,False,0,"[]",qiskit_L1,1,raw_upper_bound,0,9,success_prob,0.493896484375,0.9749821509852133,0.9749818698602724,0.974982150513754,0.002535581588745117,2,6,"[0, 1, 2]"
fake_vigo,3,ghz,15,0.0,45,False,0,"[]",qiskit_L1,1,raw_upper_bound,0,10,success_prob,0.4984130859375,0.9749821509852133,0.9749818698602724,0.974982150513754,0.002535581588745117,2,6,"[0, 1, 2]"
fake_vigo,3,ghz,15,0.0,45,False,0,"[]",qiskit_L1,1,raw_upper_bound,0,11,success_prob,0.49755859375,0.9749821509852133,0.9749818698602724,0.974982150513754,0.002535581588745117,2,6,"[0, 1, 2]"
fake_vigo,3,ghz,15,0.0,45,False,0,"[]",qiskit_L1,1,raw_upper_bound,0,12,success_prob,0.4925537109375,0.9749821509852133,0.9749818698602724,0.974982150513754,0.002535581588745117,2,6,"[0, 1, 2]"
fake_vigo,3,ghz,15,0.0,45,False,0,"[]",qiskit_L1,1,raw_upper_bound,0,13,success_prob,0.4923095703125,0.9749821509852133,0.9749818698602724,0.974982150513754,0.002535581588745117,2,6,"[0, 1, 2]"
fake_vigo,3,ghz,15,0.0,45,False,0,"[]",qiskit_L1,1,raw_upper_bound,0,14,success_prob,0.491455078125,0.9749821509852133,0.9749818698602724,0.974982150513754,0.002535581588745117,2,6,"[0, 1, 2]"
fake_vigo,3,ghz,15,0.0,45,False,0,"[]",qiskit_L1,1,raw_upper_bound,0,15,success_prob,0.4945068359375,0.9749821509852133,0.9749818698602724,0.974982150513754,0.002535581588745117,2,6,"[0, 1, 2]"
fake_vigo,3,ghz,15,0.0,45,False,0,"[]",qiskit_L1,1,raw_upper_bound,0,16,success_prob,0.495849609375,0.9749821509852133,0.9749818698602724,0.974982150513754,0.002535581588745117,2,6,"[0, 1, 2]"
fake_vigo,3,ghz,15,0.0,45,False,0,"[]",qiskit_L1,1,raw_upper_bound,0,17,success_prob,0.5,0.9749821509852133,0.9749818698602724,0.974982150513754,0.002535581588745117,2,6,"[0, 1, 2]"
fake_vigo,3,ghz,15,0.0,45,False,0,"[]",qiskit_L1,1,raw_upper_bound,0,18,success_prob,0.5013427734375,0.9749821509852133,0.9749818698602724,0.974982150513754,0.002535581588745117,2,6,"[0, 1, 2]"
fake_vigo,3,ghz,15,0.0,45,False,0,"[]",qiskit_L1,1,raw_upper_bound,0,19,success_prob,0.4931640625,0.9749821509852133,0.9749818698602724,0.974982150513754,0.002535581588745117,2,6,"[0, 1, 2]"
fake_vigo,3,ghz,15,0.0,45,False,0,"[]",qiskit_L3,3,raw_upper_bound,0,0,success_prob,0.4932861328125,0.9804371441399493,0.9804369386241514,0.9804371438250187,0.0036110877990722656,2,6,"[1, 3, 4]"
fake_vigo,3,ghz,15,0.0,45,False,0,"[]",qiskit_L3,3,raw_upper_bound,0,1,success_prob,0.50048828125,0.9804371441399493,0.9804369386241514,0.9804371438250187,0.0036110877990722656,2,6,"[1, 3, 4]"
fake_vigo,3,ghz,15,0.0,45,False,0,"[]",qiskit_L3,3,raw_upper_bound,0,2,success_prob,0.4937744140625,0.9804371441399493,0.9804369386241514,0.9804371438250187,0.0036110877990722656,2,6,"[1, 3, 4]"
fake_vigo,3,ghz,15,0.0,45,False,0,"[]",qiskit_L3,3,raw_upper_bound,0,3,success_prob,0.488037109375,0.9804371441399493,0.9804369386241514,0.9804371438250187,0.0036110877990722656,2,6,"[1, 3, 4]"
fake_vigo,3,ghz,15,0.0,45,False,0,"[]",qiskit_L3,3,raw_upper_bound,0,4,success_prob,0.4964599609375,0.9804371441399493,0.9804369386241514,0.9804371438250187,0.0036110877990722656,2,6,"[1, 3, 4]"
fake_vigo,3,ghz,15,0.0,45,False,0,"[]",qiskit_L3,3,raw_upper_bound,0,5,success_prob,0.5040283203125,0.9804371441399493,0.9804369386241514,0.9804371438250187,0.0036110877990722656,2,6,"[1, 3, 4]"
fake_vigo,3,ghz,15,0.0,45,False,0,"[]",qiskit_L3,3,raw_upper_bound,0,6,success_prob,0.4949951171875,0.9804371441399493,0.9804369386241514,0.9804371438250187,0.0036110877990722656,2,6,"[1, 3, 4]"
fake_vigo,3,ghz,15,0.0,45,False,0,"[]",qiskit_L3,3,raw_upper_bound,0,7,success_prob,0.4925537109375,0.9804371441399493,0.9804369386241514,0.9804371438250187,0.0036110877990722656,2,6,"[1, 3, 4]"
fake_vigo,3,ghz,15,0.0,45,False,0,"[]",qiskit_L3,3,raw_upper_bound,0,8,success_prob,0.492919921875,0.9804371441399493,0.9804369386241514,0.9804371438250187,0.0036110877990722656,2,6,"[1, 3, 4]"
fake_vigo,3,ghz,15,0.0,45,False,0,"[]",qiskit_L3,3,raw_upper_bound,0,9,success_prob,0.4952392578125,0.9804371441399493,0.9804369386241514,0.9804371438250187,0.0036110877990722656,2,6,"[1, 3, 4]"
fake_vigo,3,ghz,15,0.0,45,False,0,"[]",qiskit_L3,3,raw_upper_bound,0,10,success_prob,0.500244140625,0.9804371441399493,0.9804369386241514,0.9804371438250187,0.0036110877990722656,2,6,"[1, 3, 4]"
fake_vigo,3,ghz,15,0.0,45,False,0,"[]",qiskit_L3,3,raw_upper_bound,0,11,success_prob,0.4996337890625,0.9804371441399493,0.9804369386241514,0.9804371438250187,0.0036110877990722656,2,6,"[1, 3, 4]"
fake_vigo,3,ghz,15,0.0,45,False,0,"[]",qiskit_L3,3,raw_upper_bound,0,12,success_prob,0.4949951171875,0.9804371441399493,0.9804369386241514,0.9804371438250187,0.0036110877990722656,2,6,"[1, 3, 4]"
fake_vigo,3,ghz,15,0.0,45,False,0,"[]",qiskit_L3,3,raw_upper_bound,0,13,success_prob,0.4942626953125,0.9804371441399493,0.9804369386241514,0.9804371438250187,0.0036110877990722656,2,6,"[1, 3, 4]"
fake_vigo,3,ghz,15,0.0,45,False,0,"[]",qiskit_L3,3,raw_upper_bound,0,14,success_prob,0.492919921875,0.9804371441399493,0.9804369386241514,0.9804371438250187,0.0036110877990722656,2,6,"[1, 3, 4]"
fake_vigo,3,ghz,15,0.0,45,False,0,"[]",qiskit_L3,3,raw_upper_bound,0,15,success_prob,0.49658203125,0.9804371441399493,0.9804369386241514,0.9804371438250187,0.0036110877990722656,2,6,"[1, 3, 4]"
fake_vigo,3,ghz,15,0.0,45,False,0,"[]",qiskit_L3,3,raw_upper_bound,0,16,success_prob,0.4979248046875,0.9804371441399493,0.9804369386241514,0.9804371438250187,0.0036110877990722656,2,6,"[1, 3, 4]"
fake_vigo,3,ghz,15,0.0,45,False,0,"[]",qiskit_L3,3,raw_upper_bound,0,17,success_prob,0.501708984375,0.9804371441399493,0.9804369386241514,0.9804371438250187,0.0036110877990722656,2,6,"[1, 3, 4]"
fake_vigo,3,ghz,15,0.0,45,False,0,"[]",qiskit_L3,3,raw_upper_bound,0,18,success_prob,0.50390625,0.9804371441399493,0.9804369386241514,0.9804371438250187,0.0036110877990722656,2,6,"[1, 3, 4]"
fake_vigo,3,ghz,15,0.0,45,False,0,"[]",qiskit_L3,3,raw_upper_bound,0,19,success_prob,0.4959716796875,0.9804371441399493,0.9804369386241514,0.9804371438250187,0.0036110877990722656,2,6,"[1, 3, 4]"
fake_vigo,3,ghz,15,0.0,45,False,0,"[]",qiskit_L3_best3,3,raw_upper_bound,0,0,success_prob,0.4932861328125,0.9804371441399493,0.9804369386241514,0.9804371438250187,0.009799957275390625,2,6,"[1, 3, 4]"
fake_vigo,3,ghz,15,0.0,45,False,0,"[]",qiskit_L3_best3,3,raw_upper_bound,0,1,success_prob,0.50048828125,0.9804371441399493,0.9804369386241514,0.9804371438250187,0.009799957275390625,2,6,"[1, 3, 4]"
fake_vigo,3,ghz,15,0.0,45,False,0,"[]",qiskit_L3_best3,3,raw_upper_bound,0,2,success_prob,0.4937744140625,0.9804371441399493,0.9804369386241514,0.9804371438250187,0.009799957275390625,2,6,"[1, 3, 4]"
fake_vigo,3,ghz,15,0.0,45,False,0,"[]",qiskit_L3_best3,3,raw_upper_bound,0,3,success_prob,0.488037109375,0.9804371441399493,0.9804369386241514,0.9804371438250187,0.009799957275390625,2,6,"[1, 3, 4]"
fake_vigo,3,ghz,15,0.0,45,False,0,"[]",qiskit_L3_best3,3,raw_upper_bound,0,4,success_prob,0.4964599609375,0.9804371441399493,0.9804369386241514,0.9804371438250187,0.009799957275390625,2,6,"[1, 3, 4]"
fake_vigo,3,ghz,15,0.0,45,False,0,"[]",qiskit_L3_best3,3,raw_upper_bound,0,5,success_prob,0.5040283203125,0.9804371441399493,0.9804369386241514,0.9804371438250187,0.009799957275390625,2,6,"[1, 3, 4]"
fake_vigo,3,ghz,15,0.0,45,False,0,"[]",qiskit_L3_best3,3,raw_upper_bound,0,6,success_prob,0.4949951171875,0.9804371441399493,0.9804369386241514,0.9804371438250187,0.009799957275390625,2,6,"[1, 3, 4]"
fake_vigo,3,ghz,15,0.0,45,False,0,"[]",qiskit_L3_best3,3,raw_upper_bound,0,7,success_prob,0.4925537109375,0.9804371441399493,0.9804369386241514,0.9804371438250187,0.009799957275390625,2,6,"[1, 3, 4]"
fake_vigo,3,ghz,15,0.0,45,False,0,"[]",qiskit_L3_best3,3,raw_upper_bound,0,8,success_prob,0.492919921875,0.9804371441399493,0.9804369386241514,0.9804371438250187,0.009799957275390625,2,6,"[1, 3, 4]"
fake_vigo,3,ghz,15,0.0,45,False,0,"[]",qiskit_L3_best3,3,raw_upper_bound,0,9,success_prob,0.4952392578125,0.9804371441399493,0.9804369386241514,0.9804371438250187,0.009799957275390625,2,6,"[1, 3, 4]"
fake_vigo,3,ghz,15,0.0,45,False,0,"[]",qiskit_L3_best3,3,raw_upper_bound,0,10,success_prob,0.500244140625,0.9804371441399493,0.9804369386241514,0.9804371438250187,0.009799957275390625,2,6,"[1, 3, 4]"
fake_vigo,3,ghz,15,0.0,45,False,0,"[]",qiskit_L3_best3,3,raw_upper_bound,0,11,success_prob,0.4996337890625,0.9804371441399493,0.9804369386241514,0.9804371438250187,0.009799957275390625,2,6,"[1, 3, 4]"
fake_vigo,3,ghz,15,0.0,45,False,0,"[]",qiskit_L3_best3,3,raw_upper_bound,0,12,success_prob,0.4949951171875,0.9804371441399493,0.9804369386241514,0.9804371438250187,0.009799957275390625,2,6,"[1, 3, 4]"
fake_vigo,3,ghz,15,0.0,45,False,0,"[]",qiskit_L3_best3,3,raw_upper_bound,0,13,success_prob,0.4942626953125,0.9804371441399493,0.9804369386241514,0.9804371438250187,0.009799957275390625,2,6,"[1, 3, 4]"
fake_vigo,3,ghz,15,0.0,45,False,0,"[]",qiskit_L3_best3,3,raw_upper_bound,0,14,success_prob,0.492919921875,0.9804371441399493,0.9804369386241514,0.9804371438250187,0.009799957275390625,2,6,"[1, 3, 4]"
fake_vigo,3,ghz,15,0.0,45,False,0,"[]",qiskit_L3_best3,3,raw_upper_bound,0,15,success_prob,0.49658203125,0.9804371441399493,0.9804369386241514,0.9804371438250187,0.009799957275390625,2,6,"[1, 3, 4]"
fake_vigo,3,ghz,15,0.0,45,False,0,"[]",qiskit_L3_best3,3,raw_upper_bound,0,16,success_prob,0.4979248046875,0.9804371441399493,0.9804369386241514,0.9804371438250187,0.009799957275390625,2,6,"[1, 3, 4]"
fake_vigo,3,ghz,15,0.0,45,False,0,"[]",qiskit_L3_best3,3,raw_upper_bound,0,17,success_prob,0.501708984375,0.9804371441399493,0.9804369386241514,0.9804371438250187,0.009799957275390625,2,6,"[1, 3, 4]"
fake_vigo,3,ghz,15,0.0,45,False,0,"[]",qiskit_L3_best3,3,raw_upper_bound,0,18,success_prob,0.50390625,0.9804371441399493,0.9804369386241514,0.9804371438250187,0.009799957275390625,2,6,"[1, 3, 4]"
fake_vigo,3,ghz,15,0.0,45,False,0,"[]",qiskit_L3_best3,3,raw_upper_bound,0,19,success_prob,0.4959716796875,0.9804371441399493,0.9804369386241514,0.9804371438250187,0.009799957275390625,2,6,"[1, 3, 4]"
fake_vigo,3,ghz,15,0.0,45,False,0,"[]",esp_no_thermal,3,raw_upper_bound,0,0,success_prob,0.49267578125,0.9830335505790782,0.9830333974772986,0.9830335504588946,0.24322080612182617,2,6,"[3, 1, 0]"
fake_vigo,3,ghz,15,0.0,45,False,0,"[]",esp_no_thermal,3,raw_upper_bound,0,1,success_prob,0.499267578125,0.9830335505790782,0.9830333974772986,0.9830335504588946,0.24322080612182617,2,6,"[3, 1, 0]"
fake_vigo,3,ghz,15,0.0,45,False,0,"[]",esp_no_thermal,3,raw_upper_bound,0,2,success_prob,0.4921875,0.9830335505790782,0.9830333974772986,0.9830335504588946,0.24322080612182617,2,6,"[3, 1, 0]"
fake_vigo,3,ghz,15,0.0,45,False,0,"[]",esp_no_thermal,3,raw_upper_bound,0,3,success_prob,0.4873046875,0.9830335505790782,0.9830333974772986,0.9830335504588946,0.24322080612182617,2,6,"[3, 1, 0]"
fake_vigo,3,ghz,15,0.0,45,False,0,"[]",esp_no_thermal,3,raw_upper_bound,0,4,success_prob,0.49658203125,0.9830335505790782,0.9830333974772986,0.9830335504588946,0.24322080612182617,2,6,"[3, 1, 0]"
fake_vigo,3,ghz,15,0.0,45,False,0,"[]",esp_no_thermal,3,raw_upper_bound,0,5,success_prob,0.5030517578125,0.9830335505790782,0.9830333974772986,0.9830335504588946,0.24322080612182617,2,6,"[3, 1, 0]"
fake_vigo,3,ghz,15,0.0,45,False,0,"[]",esp_no_thermal,3,raw_upper_bound,0,6,success_prob,0.493896484375,0.9830335505790782,0.9830333974772986,0.9830335504588946,0.24322080612182617,2,6,"[3, 1, 0]"
fake_vigo,3,ghz,15,0.0,45,False,0,"[]",esp_no_thermal,3,raw_upper_bound,0,7,success_prob,0.4910888671875,0.9830335505790782,0.9830333974772986,0.9830335504588946,0.24322080612182617,2,6,"[3, 1, 0]"
fake_vigo,3,ghz,15,0.0,45,False,0,"[]",esp_no_thermal,3,raw_upper_bound,0,8,success_prob,0.4915771484375,0.9830335505790782,0.9830333974772986,0.9830335504588946,0.24322080612182617,2,6,"[3, 1, 0]"
fake_vigo,3,ghz,15,0.0,45,False,0,"[]",esp_no_thermal,3,raw_upper_bound,0,9,success_prob,0.49462890625,0.9830335505790782,0.9830333974772986,0.9830335504588946,0.24322080612182617,2,6,"[3, 1, 0]"
fake_vigo,3,ghz,15,0.0,45,False,0,"[]",esp_no_thermal,3,raw_upper_bound,0,10,success_prob,0.499267578125,0.9830335505790782,0.9830333974772986,0.9830335504588946,0.24322080612182617,2,6,"[3, 1, 0]"
fake_vigo,3,ghz,15,0.0,45,False,0,"[]",esp_no_thermal,3,raw_upper_bound,0,11,success_prob,0.4993896484375,0.9830335505790782,0.9830333974772986,0.9830335504588946,0.24322080612182617,2,6,"[3, 1, 0]"
fake_vigo,3,ghz,15,0.0,45,False,0,"[]",esp_no_thermal,3,raw_upper_bound,0,12,success_prob,0.4937744140625,0.9830335505790782,0.9830333974772986,0.9830335504588946,0.24322080612182617,2,6,"[3, 1, 0]"
fake_vigo,3,ghz,15,0.0,45,False,0,"[]",esp_no_thermal,3,raw_upper_bound,0,13,success_prob,0.493896484375,0.9830335505790782,0.9830333974772986,0.9830335504588946,0.24322080612182617,2,6,"[3, 1, 0]"
fake_vigo,3,ghz,15,0.0,45,False,0,"[]",esp_no_thermal,3,raw_upper_bound,0,14,success_prob,0.492431640625,0.9830335505790782,0.9830333974772986,0.9830335504588946,0.24322080612182617,2,6,"[3, 1, 0]"
fake_vigo,3,ghz,15,0.0,45,False,0,"[]",esp_no_thermal,3,raw_upper_bound,0,15,success_prob,0.495361328125,0.9830335505790782,0.9830333974772986,0.9830335504588946,0.24322080612182617,2,6,"[3, 1, 0]"
fake_vigo,3,ghz,15,0.0,45,False,0,"[]",esp_no_thermal,3,raw_upper_bound,0,16,success_prob,0.4976806640625,0.9830335505790782,0.9830333974772986,0.9830335504588946,0.24322080612182617,2,6,"[3, 1, 0]"
fake_vigo,3,ghz,15,0.0,45,False,0,"[]",esp_no_thermal,3,raw_upper_bound,0,17,success_prob,0.5013427734375,0.9830335505790782,0.9830333974772986,0.9830335504588946,0.24322080612182617,2,6,"[3, 1, 0]"
fake_vigo,3,ghz,15,0.0,45,False,0,"[]",esp_no_thermal,3,raw_upper_bound,0,18,success_prob,0.502685546875,0.9830335505790782,0.9830333974772986,0.9830335504588946,0.24322080612182617,2,6,"[3, 1, 0]"
fake_vigo,3,ghz,15,0.0,45,False,0,"[]",esp_no_thermal,3,raw_upper_bound,0,19,success_prob,0.494384765625,0.9830335505790782,0.9830333974772986,0.9830335504588946,0.24322080612182617,2,6,"[3, 1, 0]"
fake_vigo,3,ghz,15,0.0,45,False,0,"[]",esp_ablation,1,raw_upper_bound,0,0,success_prob,0.49267578125,0.9830335505790782,0.9830333974772986,0.9830335504588946,0.1542506217956543,2,6,"[3, 1, 0]"
fake_vigo,3,ghz,15,0.0,45,False,0,"[]",esp_ablation,1,raw_upper_bound,0,1,success_prob,0.499267578125,0.9830335505790782,0.9830333974772986,0.9830335504588946,0.1542506217956543,2,6,"[3, 1, 0]"
fake_vigo,3,ghz,15,0.0,45,False,0,"[]",esp_ablation,1,raw_upper_bound,0,2,success_prob,0.4921875,0.9830335505790782,0.9830333974772986,0.9830335504588946,0.1542506217956543,2,6,"[3, 1, 0]"
fake_vigo,3,ghz,15,0.0,45,False,0,"[]",esp_ablation,1,raw_upper_bound,0,3,success_prob,0.4873046875,0.9830335505790782,0.9830333974772986,0.9830335504588946,0.1542506217956543,2,6,"[3, 1, 0]"
fake_vigo,3,ghz,15,0.0,45,False,0,"[]",esp_ablation,1,raw_upper_bound,0,4,success_prob,0.49658203125,0.9830335505790782,0.9830333974772986,0.9830335504588946,0.1542506217956543,2,6,"[3, 1, 0]"
fake_vigo,3,ghz,15,0.0,45,False,0,"[]",esp_ablation,1,raw_upper_bound,0,5,success_prob,0.5030517578125,0.9830335505790782,0.9830333974772986,0.9830335504588946,0.1542506217956543,2,6,"[3, 1, 0]"
fake_vigo,3,ghz,15,0.0,45,False,0,"[]",esp_ablation,1,raw_upper_bound,0,6,success_prob,0.493896484375,0.9830335505790782,0.9830333974772986,0.9830335504588946,0.1542506217956543,2,6,"[3, 1, 0]"
fake_vigo,3,ghz,15,0.0,45,False,0,"[]",esp_ablation,1,raw_upper_bound,0,7,success_prob,0.4910888671875,0.9830335505790782,0.9830333974772986,0.9830335504588946,0.1542506217956543,2,6,"[3, 1, 0]"
fake_vigo,3,ghz,15,0.0,45,False,0,"[]",esp_ablation,1,raw_upper_bound,0,8,success_prob,0.4915771484375,0.9830335505790782,0.9830333974772986,0.9830335504588946,0.1542506217956543,2,6,"[3, 1, 0]"
fake_vigo,3,ghz,15,0.0,45,False,0,"[]",esp_ablation,1,raw_upper_bound,0,9,success_prob,0.49462890625,0.9830335505790782,0.9830333974772986,0.9830335504588946,0.1542506217956543,2,6,"[3, 1, 0]"
fake_vigo,3,ghz,15,0.0,45,False,0,"[]",esp_ablation,1,raw_upper_bound,0,10,success_prob,0.499267578125,0.9830335505790782,0.9830333974772986,0.9830335504588946,0.1542506217956543,2,6,"[3, 1, 0]"
fake_vigo,3,ghz,15,0.0,45,False,0,"[]",esp_ablation,1,raw_upper_bound,0,11,success_prob,0.4993896484375,0.9830335505790782,0.9830333974772986,0.9830335504588946,0.1542506217956543,2,6,"[3, 1, 0]"
fake_vigo,3,ghz,15,0.0,45,False,0,"[]",esp_ablation,1,raw_upper_bound,0,12,success_prob,0.4937744140625,0.9830335505790782,0.9830333974772986,0.9830335504588946,0.1542506217956543,2,6,"[3, 1, 0]"
fake_vigo,3,ghz,15,0.0,45,False,0,"[]",esp_ablation,1,raw_upper_bound,0,13,success_prob,0.493896484375,0.9830335505790782,0.9830333974772986,0.9830335504588946,0.1542506217956543,2,6,"[3, 1, 0]"
fake_vigo,3,ghz,15,0.0,45,False,0,"[]",esp_ablation,1,raw_upper_bound,0,14,success_prob,0.492431640625,0.9830335505790782,0.9830333974772986,0.9830335504588946,0.1542506217956543,2,6,"[3, 1, 0]"
fake_vigo,3,ghz,15,0.0,45,False,0,"[]",esp_ablation,1,raw_upper_bound,0,15,success_prob,0.495361328125,0.9830335505790782,0.9830333974772986,0.9830335504588946,0.1542506217956543,2,6,"[3, 1, 0]"
fake_vigo,3,ghz,15,0.0,45,False,0,"[]",esp_ablation,1,raw_upper_bound,0,16,success_prob,0.4976806640625,0.9830335505790782,0.9830333974772986,0.9830335504588946,0.1542506217956543,2,6,"[3, 1, 0]"
fake_vigo,3,ghz,15,0.0,45,False,0,"[]",esp_ablation,1,raw_upper_bound,0,17,success_prob,0.5013427734375,0.9830335505790782,0.9830333974772986,0.9830335504588946,0.1542506217956543,2,6,"[3, 1, 0]"
fake_vigo,3,ghz,15,0.0,45,False,0,"[]",esp_ablation,1,raw_upper_bound,0,18,success_prob,0.502685546875,0.9830335505790782,0.9830333974772986,0.9830335504588946,0.1542506217956543,2,6,"[3, 1, 0]"
fake_vigo,3,ghz,15,0.0,45,False,0,"[]",esp_ablation,1,raw_upper_bound,0,19,success_prob,0.494384765625,0.9830335505790782,0.9830333974772986,0.9830335504588946,0.1542506217956543,2,6,"[3, 1, 0]"
fake_vigo,3,ghz,15,0.0,45,False,0,"[]",random,3,raw_upper_bound,0,0,success_prob,0.490966796875,0.9749821509852133,0.9749818698602724,0.974982150513754,0.01353597640991211,2,6,"[0, 1, 2]"
fake_vigo,3,ghz,15,0.0,45,False,0,"[]",random,3,raw_upper_bound,0,1,success_prob,0.4974365234375,0.9749821509852133,0.9749818698602724,0.974982150513754,0.01353597640991211,2,6,"[0, 1, 2]"
fake_vigo,3,ghz,15,0.0,45,False,0,"[]",random,3,raw_upper_bound,0,2,success_prob,0.4910888671875,0.9749821509852133,0.9749818698602724,0.974982150513754,0.01353597640991211,2,6,"[0, 1, 2]"
fake_vigo,3,ghz,15,0.0,45,False,0,"[]",random,3,raw_upper_bound,0,3,success_prob,0.48583984375,0.9749821509852133,0.9749818698602724,0.974982150513754,0.01353597640991211,2,6,"[0, 1, 2]"
fake_vigo,3,ghz,15,0.0,45,False,0,"[]",random,3,raw_upper_bound,0,4,success_prob,0.4949951171875,0.9749821509852133,0.9749818698602724,0.974982150513754,0.01353597640991211,2,6,"[0, 1, 2]"
fake_vigo,3,ghz,15,0.0,45,False,0,"[]",random,3,raw_upper_bound,0,5,success_prob,0.5018310546875,0.9749821509852133,0.9749818698602724,0.974982150513754,0.01353597640991211,2,6,"[0, 1, 2]"
fake_vigo,3,ghz,15,0.0,45,False,0,"[]",random,3,raw_upper_bound,0,6,success_prob,0.4930419921875,0.9749821509852133,0.9749818698602724,0.974982150513754,0.01353597640991211,2,6,"[0, 1, 2]"
fake_vigo,3,ghz,15,0.0,45,False,0,"[]",random,3,raw_upper_bound,0,7,success_prob,0.489990234375,0.9749821509852133,0.9749818698602724,0.974982150513754,0.01353597640991211,2,6,"[0, 1, 2]"
fake_vigo,3,ghz,15,0.0,45,False,0,"[]",random,3,raw_upper_bound,0,8,success_prob,0.4906005859375,0.9749821509852133,0.9749818698602724,0.974982150513754,0.01353597640991211,2,6,"[0, 1, 2]"
fake_vigo,3,ghz,15,0.0,45,False,0,"[]",random,3,raw_upper_bound,0,9,success_prob,0.493896484375,0.9749821509852133,0.9749818698602724,0.974982150513754,0.01353597640991211,2,6,"[0, 1, 2]"
fake_vigo,3,ghz,15,0.0,45,False,0,"[]",random,3,raw_upper_bound,0,10,success_prob,0.4984130859375,0.9749821509852133,0.9749818698602724,0.974982150513754,0.01353597640991211,2,6,"[0, 1, 2]"
fake_vigo,3,ghz,15,0.0,45,False,0,"[]",random,3,raw_upper_bound,0,11,success_prob,0.49755859375,0.9749821509852133,0.9749818698602724,0.974982150513754,0.01353597640991211,2,6,"[0, 1, 2]"
fake_vigo,3,ghz,15,0.0,45,False,0,"[]",random,3,raw_upper_bound,0,12,success_prob,0.4925537109375,0.9749821509852133,0.9749818698602724,0.974982150513754,0.01353597640991211,2,6,"[0, 1, 2]"
fake_vigo,3,ghz,15,0.0,45,False,0,"[]",random,3,raw_upper_bound,0,13,success_prob,0.4923095703125,0.9749821509852133,0.9749818698602724,0.974982150513754,0.01353597640991211,2,6,"[0, 1, 2]"
fake_vigo,3,ghz,15,0.0,45,False,0,"[]",random,3,raw_upper_bound,0,14,success_prob,0.491455078125,0.9749821509852133,0.9749818698602724,0.974982150513754,0.01353597640991211,2,6,"[0, 1, 2]"
fake_vigo,3,ghz,15,0.0,45,False,0,"[]",random,3,raw_upper_bound,0,15,success_prob,0.4945068359375,0.9749821509852133,0.9749818698602724,0.974982150513754,0.01353597640991211,2,6,"[0, 1, 2]"
fake_vigo,3,ghz,15,0.0,45,False,0,"[]",random,3,raw_upper_bound,0,16,success_prob,0.495849609375,0.9749821509852133,0.9749818698602724,0.974982150513754,0.01353597640991211,2,6,"[0, 1, 2]"
fake_vigo,3,ghz,15,0.0,45,False,0,"[]",random,3,raw_upper_bound,0,17,success_prob,0.5,0.9749821509852133,0.9749818698602724,0.974982150513754,0.01353597640991211,2,6,"[0, 1, 2]"
fake_vigo,3,ghz,15,0.0,45,False,0,"[]",random,3,raw_upper_bound,0,18,success_prob,0.5013427734375,0.9749821509852133,0.9749818698602724,0.974982150513754,0.01353597640991211,2,6,"[0, 1, 2]"
fake_vigo,3,ghz,15,0.0,45,False,0,"[]",random,3,raw_upper_bound,0,19,success_prob,0.4931640625,0.9749821509852133,0.9749818698602724,0.974982150513754,0.01353597640991211,2,6,"[0, 1, 2]"
fake_vigo,3,ghz,15,0.0,45,False,0,"[]",random,3,raw_upper_bound,1,0,success_prob,0.490966796875,0.9441044288337088,0.9441041566120054,0.9441044274004845,0.01313161849975586,5,6,"[0, 2, 1]"
fake_vigo,3,ghz,15,0.0,45,False,0,"[]",random,3,raw_upper_bound,1,1,success_prob,0.4974365234375,0.9441044288337088,0.9441041566120054,0.9441044274004845,0.01313161849975586,5,6,"[0, 2, 1]"
fake_vigo,3,ghz,15,0.0,45,False,0,"[]",random,3,raw_upper_bound,1,2,success_prob,0.4910888671875,0.9441044288337088,0.9441041566120054,0.9441044274004845,0.01313161849975586,5,6,"[0, 2, 1]"
fake_vigo,3,ghz,15,0.0,45,False,0,"[]",random,3,raw_upper_bound,1,3,success_prob,0.48583984375,0.9441044288337088,0.9441041566120054,0.9441044274004845,0.01313161849975586,5,6,"[0, 2, 1]"
fake_vigo,3,ghz,15,0.0,45,False,0,"[]",random,3,raw_upper_bound,1,4,success_prob,0.4949951171875,0.9441044288337088,0.9441041566120054,0.9441044274004845,0.01313161849975586,5,6,"[0, 2, 1]"
fake_vigo,3,ghz,15,0.0,45,False,0,"[]",random,3,raw_upper_bound,1,5,success_prob,0.5018310546875,0.9441044288337088,0.9441041566120054,0.9441044274004845,0.01313161849975586,5,6,"[0, 2, 1]"
fake_vigo,3,ghz,15,0.0,45,False,0,"[]",random,3,raw_upper_bound,1,6,success_prob,0.4930419921875,0.9441044288337088,0.9441041566120054,0.9441044274004845,0.01313161849975586,5,6,"[0, 2, 1]"
fake_vigo,3,ghz,15,0.0,45,False,0,"[]",random,3,raw_upper_bound,1,7,success_prob,0.489990234375,0.9441044288337088,0.9441041566120054,0.9441044274004845,0.01313161849975586,5,6,"[0, 2, 1]"
fake_vigo,3,ghz,15,0.0,45,False,0,"[]",random,3,raw_upper_bound,1,8,success_prob,0.4906005859375,0.9441044288337088,0.9441041566120054,0.9441044274004845,0.01313161849975586,5,6,"[0, 2, 1]"
fake_vigo,3,ghz,15,0.0,45,False,0,"[]",random,3,raw_upper_bound,1,9,success_prob,0.493896484375,0.9441044288337088,0.9441041566120054,0.9441044274004845,0.01313161849975586,5,6,"[0, 2, 1]"
fake_vigo,3,ghz,15,0.0,45,False,0,"[]",random,3,raw_upper_bound,1,10,success_prob,0.4984130859375,0.9441044288337088,0.9441041566120054,0.9441044274004845,0.01313161849975586,5,6,"[0, 2, 1]"
fake_vigo,3,ghz,15,0.0,45,False,0,"[]",random,3,raw_upper_bound,1,11,success_prob,0.49755859375,0.9441044288337088,0.9441041566120054,0.9441044274004845,0.01313161849975586,5,6,"[0, 2, 1]"
fake_vigo,3,ghz,15,0.0,45,False,0,"[]",random,3,raw_upper_bound,1,12,success_prob,0.4925537109375,0.9441044288337088,0.9441041566120054,0.9441044274004845,0.01313161849975586,5,6,"[0, 2, 1]"
fake_vigo,3,ghz,15,0.0,45,False,0,"[]",random,3,raw_upper_bound,1,13,success_prob,0.4923095703125,0.9441044288337088,0.9441041566120054,0.9441044274004845,0.01313161849975586,5,6,"[0, 2, 1]"
fake_vigo,3,ghz,15,0.0,45,False,0,"[]",random,3,raw_upper_bound,1,14,success_prob,0.491455078125,0.9441044288337088,0.9441041566120054,0.9441044274004845,0.01313161849975586,5,6,"[0, 2, 1]"
fake_vigo,3,ghz,15,0.0,45,False,0,"[]",random,3,raw_upper_bound,1,15,success_prob,0.4945068359375,0.9441044288337088,0.9441041566120054,0.9441044274004845,0.01313161849975586,5,6,"[0, 2, 1]"
fake_vigo,3,ghz,15,0.0,45,False,0,"[]",random,3,raw_upper_bound,1,16,success_prob,0.495849609375,0.9441044288337088,0.9441041566120054,0.9441044274004845,0.01313161849975586,5,6,"[0, 2, 1]"
fake_vigo,3,ghz,15,0.0,45,False,0,"[]",random,3,raw_upper_bound,1,17,success_prob,0.5,0.9441044288337088,0.9441041566120054,0.9441044274004845,0.01313161849975586,5,6,"[0, 2, 1]"
fake_vigo,3,ghz,15,0.0,45,False,0,"[]",random,3,raw_upper_bound,1,18,success_prob,0.5013427734375,0.9441044288337088,0.9441041566120054,0.9441044274004845,0.01313161849975586,5,6,"[0, 2, 1]"
fake_vigo,3,ghz,15,0.0,45,False,0,"[]",random,3,raw_upper_bound,1,19,success_prob,0.4931640625,0.9441044288337088,0.9441041566120054,0.9441044274004845,0.01313161849975586,5,6,"[0, 2, 1]"
fake_vigo,3,ghz,15,0.0,45,False,0,"[]",random,3,raw_upper_bound,2,0,success_prob,0.4931640625,0.9663826184299203,0.9663823397845561,0.9663826179457065,0.01503896713256836,3,10,"[1, 0, 2]"
fake_vigo,3,ghz,15,0.0,45,False,0,"[]",random,3,raw_upper_bound,2,1,success_prob,0.4974365234375,0.9663826184299203,0.9663823397845561,0.9663826179457065,0.01503896713256836,3,10,"[1, 0, 2]"
fake_vigo,3,ghz,15,0.0,45,False,0,"[]",random,3,raw_upper_bound,2,2,success_prob,0.4874267578125,0.9663826184299203,0.9663823397845561,0.9663826179457065,0.01503896713256836,3,10,"[1, 0, 2]"
fake_vigo,3,ghz,15,0.0,45,False,0,"[]",random,3,raw_upper_bound,2,3,success_prob,0.488525390625,0.9663826184299203,0.9663823397845561,0.9663826179457065,0.01503896713256836,3,10,"[1, 0, 2]"
fake_vigo,3,ghz,15,0.0,45,False,0,"[]",random,3,raw_upper_bound,2,4,success_prob,0.4915771484375,0.9663826184299203,0.9663823397845561,0.9663826179457065,0.01503896713256836,3,10,"[1, 0, 2]"
fake_vigo,3,ghz,15,0.0,45,False,0,"[]",random,3,raw_upper_bound,2,5,success_prob,0.495361328125,0.9663826184299203,0.9663823397845561,0.9663826179457065,0.01503896713256836,3,10,"[1, 0, 2]"
fake_vigo,3,ghz,15,0.0,45,False,0,"[]",random,3,raw_upper_bound,2,6,success_prob,0.4993896484375,0.9663826184299203,0.9663823397845561,0.9663826179457065,0.01503896713256836,3,10,"[1, 0, 2]"
fake_vigo,3,ghz,15,0.0,45,False,0,"[]",random,3,raw_upper_bound,2,7,success_prob,0.4945068359375,0.9663826184299203,0.9663823397845561,0.9663826179457065,0.01503896713256836,3,10,"[1, 0, 2]"
fake_vigo,3,ghz,15,0.0,45,False,0,"[]",random,3,raw_upper_bound,2,8,success_prob,0.489990234375,0.9663826184299203,0.9663823397845561,0.9663826179457065,0.01503896713256836,3,10,"[1, 0, 2]"
fake_vigo,3,ghz,15,0.0,45,False,0,"[]",random,3,raw_upper_bound,2,9,success_prob,0.4952392578125,0.9663826184299203,0.9663823397845561,0.9663826179457065,0.01503896713256836,3,10,"[1, 0, 2]"
fake_vigo,3,ghz,15,0.0,45,False,0,"[]",random,3,raw_upper_bound,2,10,success_prob,0.5037841796875,0.9663826184299203,0.9663823397845561,0.9663826179457065,0.01503896713256836,3,10,"[1, 0, 2]"
fake_vigo,3,ghz,15,0.0,45,False,0,"[]",random,3,raw_upper_bound,2,11,success_prob,0.500732421875,0.9663826184299203,0.9663823397845561,0.9663826179457065,0.01503896713256836,3,10,"[1, 0, 2]"
fake_vigo,3,ghz,15,0.0,45,False,0,"[]",random,3,raw_upper_bound,2,12,success_prob,0.5010986328125,0.9663826184299203,0.9663823397845561,0.9663826179457065,0.01503896713256836,3,10,"[1, 0, 2]"
fake_vigo,3,ghz,15,0.0,45,False,0,"[]",random,3,raw_upper_bound,2,13,success_prob,0.5,0.9663826184299203,0.9663823397845561,0.9663826179457065,0.01503896713256836,3,10,"[1, 0, 2]"
fake_vigo,3,ghz,15,0.0,45,False,0,"[]",random,3,raw_upper_bound,2,14,success_prob,0.4864501953125,0.9663826184299203,0.9663823397845561,0.9663826179457065,0.01503896713256836,3,10,"[1, 0, 2]"
fake_vigo,3,ghz,15,0.0,45,False,0,"[]",random,3,raw_upper_bound,2,15,success_prob,0.4853515625,0.9663826184299203,0.9663823397845561,0.9663826179457065,0.01503896713256836,3,10,"[1, 0, 2]"
fake_vigo,3,ghz,15,0.0,45,False,0,"[]",random,3,raw_upper_bound,2,16,success_prob,0.4906005859375,0.9663826184299203,0.9663823397845561,0.9663826179457065,0.01503896713256836,3,10,"[1, 0, 2]"
fake_vigo,3,ghz,15,0.0,45,False,0,"[]",random,3,raw_upper_bound,2,17,success_prob,0.498046875,0.9663826184299203,0.9663823397845561,0.9663826179457065,0.01503896713256836,3,10,"[1, 0, 2]"
fake_vigo,3,ghz,15,0.0,45,False,0,"[]",random,3,raw_upper_bound,2,18,success_prob,0.503173828125,0.9663826184299203,0.9663823397845561,0.9663826179457065,0.01503896713256836,3,10,"[1, 0, 2]"
fake_vigo,3,ghz,15,0.0,45,False,0,"[]",random,3,raw_upper_bound,2,19,success_prob,0.494384765625,0.9663826184299203,0.9663823397845561,0.9663826179457065,0.01503896713256836,3,10,"[1, 0, 2]"
fake_vigo,3,ghz,15,0.0,45,False,0,"[]",random,3,raw_upper_bound,3,0,success_prob,0.4930419921875,0.9675174562511725,0.9675171772785907,0.9675174556517808,0.012406110763549805,3,11,"[1, 2, 0]"
fake_vigo,3,ghz,15,0.0,45,False,0,"[]",random,3,raw_upper_bound,3,1,success_prob,0.4974365234375,0.9675174562511725,0.9675171772785907,0.9675174556517808,0.012406110763549805,3,11,"[1, 2, 0]"
fake_vigo,3,ghz,15,0.0,45,False,0,"[]",random,3,raw_upper_bound,3,2,success_prob,0.4874267578125,0.9675174562511725,0.9675171772785907,0.9675174556517808,0.012406110763549805,3,11,"[1, 2, 0]"
fake_vigo,3,ghz,15,0.0,45,False,0,"[]",random,3,raw_upper_bound,3,3,success_prob,0.488525390625,0.9675174562511725,0.9675171772785907,0.9675174556517808,0.012406110763549805,3,11,"[1, 2, 0]"
fake_vigo,3,ghz,15,0.0,45,False,0,"[]",random,3,raw_upper_bound,3,4,success_prob,0.491455078125,0.9675174562511725,0.9675171772785907,0.9675174556517808,0.012406110763549805,3,11,"[1, 2, 0]"
fake_vigo,3,ghz,15,0.0,45,False,0,"[]",random,3,raw_upper_bound,3,5,success_prob,0.495361328125,0.9675174562511725,0.9675171772785907,0.9675174556517808,0.012406110763549805,3,11,"[1, 2, 0]"
fake_vigo,3,ghz,15,0.0,45,False,0,"[]",random,3,raw_upper_bound,3,6,success_prob,0.499267578125,0.9675174562511725,0.9675171772785907,0.9675174556517808,0.012406110763549805,3,11,"[1, 2, 0]"
fake_vigo,3,ghz,15,0.0,45,False,0,"[]",random,3,raw_upper_bound,3,7,success_prob,0.4945068359375,0.9675174562511725,0.9675171772785907,0.9675174556517808,0.012406110763549805,3,11,"[1, 2, 0]"
fake_vigo,3,ghz,15,0.0,45,False,0,"[]",random,3,raw_upper_bound,3,8,success_prob,0.4898681640625,0.9675174562511725,0.9675171772785907,0.9675174556517808,0.012406110763549805,3,11,"[1, 2, 0]"
fake_vigo,3,ghz,15,0.0,45,False,0,"[]",random,3,raw_upper_bound,3,9,success_prob,0.495361328125,0.9675174562511725,0.9675171772785907,0.9675174556517808,0.012406110763549805,3,11,"[1, 2, 0]"
fake_vigo,3,ghz,15,0.0,45,False,0,"[]",random,3,raw_upper_bound,3,10,success_prob,0.5037841796875,0.9675174562511725,0.9675171772785907,0.9675174556517808,0.012406110763549805,3,11,"[1, 2, 0]"
fake_vigo,3,ghz,15,0.0,45,False,0,"[]",random,3,raw_upper_bound,3,11,success_prob,0.500732421875,0.9675174562511725,0.9675171772785907,0.9675174556517808,0.012406110763549805,3,11,"[1, 2, 0]"
fake_vigo,3,ghz,15,0.0,45,False,0,"[]",random,3,raw_upper_bound,3,12,success_prob,0.501220703125,0.9675174562511725,0.9675171772785907,0.9675174556517808,0.012406110763549805,3,11,"[1, 2, 0]"
fake_vigo,3,ghz,15,0.0,45,False,0,"[]",random,3,raw_upper_bound,3,13,success_prob,0.5,0.9675174562511725,0.9675171772785907,0.9675174556517808,0.012406110763549805,3,11,"[1, 2, 0]"
fake_vigo,3,ghz,15,0.0,45,False,0,"[]",random,3,raw_upper_bound,3,14,success_prob,0.4864501953125,0.9675174562511725,0.9675171772785907,0.9675174556517808,0.012406110763549805,3,11,"[1, 2, 0]"
fake_vigo,3,ghz,15,0.0,45,False,0,"[]",random,3,raw_upper_bound,3,15,success_prob,0.4853515625,0.9675174562511725,0.9675171772785907,0.9675174556517808,0.012406110763549805,3,11,"[1, 2, 0]"
fake_vigo,3,ghz,15,0.0,45,False,0,"[]",random,3,raw_upper_bound,3,16,success_prob,0.4906005859375,0.9675174562511725,0.9675171772785907,0.9675174556517808,0.012406110763549805,3,11,"[1, 2, 0]"
fake_vigo,3,ghz,15,0.0,45,False,0,"[]",random,3,raw_upper_bound,3,17,success_prob,0.4981689453125,0.9675174562511725,0.9675171772785907,0.9675174556517808,0.012406110763549805,3,11,"[1, 2, 0]"
fake_vigo,3,ghz,15,0.0,45,False,0,"[]",random,3,raw_upper_bound,3,18,success_prob,0.503173828125,0.9675174562511725,0.9675171772785907,0.9675174556517808,0.012406110763549805,3,11,"[1, 2, 0]"
fake_vigo,3,ghz,15,0.0,45,False,0,"[]",random,3,raw_upper_bound,3,19,success_prob,0.494384765625,0.9675174562511725,0.9675171772785907,0.9675174556517808,0.012406110763549805,3,11,"[1, 2, 0]"
fake_vigo,3,ghz,15,0.0,45,False,0,"[]",random,3,raw_upper_bound,4,0,success_prob,0.490966796875,0.9602698284351056,0.9602695515522943,0.960269827981414,0.012027263641357422,5,6,"[2, 0, 1]"
fake_vigo,3,ghz,15,0.0,45,False,0,"[]",random,3,raw_upper_bound,4,1,success_prob,0.4974365234375,0.9602698284351056,0.9602695515522943,0.960269827981414,0.012027263641357422,5,6,"[2, 0, 1]"
fake_vigo,3,ghz,15,0.0,45,False,0,"[]",random,3,raw_upper_bound,4,2,success_prob,0.4910888671875,0.9602698284351056,0.9602695515522943,0.960269827981414,0.012027263641357422,5,6,"[2, 0, 1]"
fake_vigo,3,ghz,15,0.0,45,False,0,"[]",random,3,raw_upper_bound,4,3,success_prob,0.48583984375,0.9602698284351056,0.9602695515522943,0.960269827981414,0.012027263641357422,5,6,"[2, 0, 1]"
fake_vigo,3,ghz,15,0.0,45,False,0,"[]",random,3,raw_upper_bound,4,4,success_prob,0.4949951171875,0.9602698284351056,0.9602695515522943,0.960269827981414,0.012027263641357422,5,6,"[2, 0, 1]"
fake_vigo,3,ghz,15,0.0,45,False,0,"[]",random,3,raw_upper_bound,4,5,success_prob,0.5018310546875,0.9602698284351056,0.9602695515522943,0.960269827981414,0.012027263641357422,5,6,"[2, 0, 1]"
fake_vigo,3,ghz,15,0.0,45,False,0,"[]",random,3,raw_upper_bound,4,6,success_prob,0.4930419921875,0.9602698284351056,0.9602695515522943,0.960269827981414,0.012027263641357422,5,6,"[2, 0, 1]"
fake_vigo,3,ghz,15,0.0,45,False,0,"[]",random,3,raw_upper_bound,4,7,success_prob,0.489990234375,0.9602698284351056,0.9602695515522943,0.960269827981414,0.012027263641357422,5,6,"[2, 0, 1]"
fake_vigo,3,ghz,15,0.0,45,False,0,"[]",random,3,raw_upper_bound,4,8,success_prob,0.4906005859375,0.9602698284351056,0.9602695515522943,0.960269827981414,0.012027263641357422,5,6,"[2, 0, 1]"
fake_vigo,3,ghz,15,0.0,45,False,0,"[]",random,3,raw_upper_bound,4,9,success_prob,0.4937744140625,0.9602698284351056,0.9602695515522943,0.960269827981414,0.012027263641357422,5,6,"[2, 0, 1]"
fake_vigo,3,ghz,15,0.0,45,False,0,"[]",random,3,raw_upper_bound,4,10,success_prob,0.4984130859375,0.9602698284351056,0.9602695515522943,0.960269827981414,0.012027263641357422,5,6,"[2, 0, 1]"
fake_vigo,3,ghz,15,0.0,45,False,0,"[]",random,3,raw_upper_bound,4,11,success_prob,0.4976806640625,0.9602698284351056,0.9602695515522943,0.960269827981414,0.012027263641357422,5,6,"[2, 0, 1]"
fake_vigo,3,ghz,15,0.0,45,False,0,"[]",random,3,raw_upper_bound,4,12,success_prob,0.4925537109375,0.9602698284351056,0.9602695515522943,0.960269827981414,0.012027263641357422,5,6,"[2, 0, 1]"
fake_vigo,3,ghz,15,0.0,45,False,0,"[]",random,3,raw_upper_bound,4,13,success_prob,0.4923095703125,0.9602698284351056,0.9602695515522943,0.960269827981414,0.012027263641357422,5,6,"[2, 0, 1]"
fake_vigo,3,ghz,15,0.0,45,False,0,"[]",random,3,raw_upper_bound,4,14,success_prob,0.491455078125,0.9602698284351056,0.9602695515522943,0.960269827981414,0.012027263641357422,5,6,"[2, 0, 1]"
fake_vigo,3,ghz,15,0.0,45,False,0,"[]",random,3,raw_upper_bound,4,15,success_prob,0.4945068359375,0.9602698284351056,0.9602695515522943,0.960269827981414,0.012027263641357422,5,6,"[2, 0, 1]"
fake_vigo,3,ghz,15,0.0,45,False,0,"[]",random,3,raw_upper_bound,4,16,success_prob,0.4959716796875,0.9602698284351056,0.9602695515522943,0.960269827981414,0.012027263641357422,5,6,"[2, 0, 1]"
fake_vigo,3,ghz,15,0.0,45,False,0,"[]",random,3,raw_upper_bound,4,17,success_prob,0.4998779296875,0.9602698284351056,0.9602695515522943,0.960269827981414,0.012027263641357422,5,6,"[2, 0, 1]"
fake_vigo,3,ghz,15,0.0,45,False,0,"[]",random,3,raw_upper_bound,4,18,success_prob,0.5013427734375,0.9602698284351056,0.9602695515522943,0.960269827981414,0.012027263641357422,5,6,"[2, 0, 1]"
fake_vigo,3,ghz,15,0.0,45,False,0,"[]",random,3,raw_upper_bound,4,19,success_prob,0.4931640625,0.9602698284351056,0.9602695515522943,0.960269827981414,0.012027263641357422,5,6,"[2, 0, 1]"
fake_vigo,3,ghz,15,0.0,45,False,0,"[]",random,3,raw_upper_bound,5,0,success_prob,0.490966796875,0.9767965403495341,0.9767962587014347,0.9767965400438029,0.010667800903320312,2,6,"[2, 1, 0]"
fake_vigo,3,ghz,15,0.0,45,False,0,"[]",random,3,raw_upper_bound,5,1,success_prob,0.4974365234375,0.9767965403495341,0.9767962587014347,0.9767965400438029,0.010667800903320312,2,6,"[2, 1, 0]"
fake_vigo,3,ghz,15,0.0,45,False,0,"[]",random,3,raw_upper_bound,5,2,success_prob,0.4910888671875,0.9767965403495341,0.9767962587014347,0.9767965400438029,0.010667800903320312,2,6,"[2, 1, 0]"
fake_vigo,3,ghz,15,0.0,45,False,0,"[]",random,3,raw_upper_bound,5,3,success_prob,0.48583984375,0.9767965403495341,0.9767962587014347,0.9767965400438029,0.010667800903320312,2,6,"[2, 1, 0]"
fake_vigo,3,ghz,15,0.0,45,False,0,"[]",random,3,raw_upper_bound,5,4,success_prob,0.4949951171875,0.9767965403495341,0.9767962587014347,0.9767965400438029,0.010667800903320312,2,6,"[2, 1, 0]"
fake_vigo,3,ghz,15,0.0,45,False,0,"[]",random,3,raw_upper_bound,5,5,success_prob,0.5018310546875,0.9767965403495341,0.9767962587014347,0.9767965400438029,0.010667800903320312,2,6,"[2, 1, 0]"
fake_vigo,3,ghz,15,0.0,45,False,0,"[]",random,3,raw_upper_bound,5,6,success_prob,0.4930419921875,0.9767965403495341,0.9767962587014347,0.9767965400438029,0.010667800903320312,2,6,"[2, 1, 0]"
fake_vigo,3,ghz,15,0.0,45,False,0,"[]",random,3,raw_upper_bound,5,7,success_prob,0.489990234375,0.9767965403495341,0.9767962587014347,0.9767965400438029,0.010667800903320312,2,6,"[2, 1, 0]"
fake_vigo,3,ghz,15,0.0,45,False,0,"[]",random,3,raw_upper_bound,5,8,success_prob,0.4906005859375,0.9767965403495341,0.9767962587014347,0.9767965400438029,0.010667800903320312,2,6,"[2, 1, 0]"
fake_vigo,3,ghz,15,0.0,45,False,0,"[]",random,3,raw_upper_bound,5,9,success_prob,0.4937744140625,0.9767965403495341,0.9767962587014347,0.9767965400438029,0.010667800903320312,2,6,"[2, 1, 0]"
fake_vigo,3,ghz,15,0.0,45,False,0,"[]",random,3,raw_upper_bound,5,10,success_prob,0.4984130859375,0.9767965403495341,0.9767962587014347,0.9767965400438029,0.010667800903320312,2,6,"[2, 1, 0]"
fake_vigo,3,ghz,15,0.0,45,False,0,"[]",random,3,raw_upper_bound,5,11,success_prob,0.4976806640625,0.9767965403495341,0.9767962587014347,0.9767965400438029,0.010667800903320312,2,6,"[2, 1, 0]"
fake_vigo,3,ghz,15,0.0,45,False,0,"[]",random,3,raw_upper_bound,5,12,success_prob,0.4925537109375,0.9767965403495341,0.9767962587014347,0.9767965400438029,0.010667800903320312,2,6,"[2, 1, 0]"
fake_vigo,3,ghz,15,0.0,45,False,0,"[]",random,3,raw_upper_bound,5,13,success_prob,0.4923095703125,0.9767965403495341,0.9767962587014347,0.9767965400438029,0.010667800903320312,2,6,"[2, 1, 0]"
fake_vigo,3,ghz,15,0.0,45,False,0,"[]",random,3,raw_upper_bound,5,14,success_prob,0.491455078125,0.9767965403495341,0.9767962587014347,0.9767965400438029,0.010667800903320312,2,6,"[2, 1, 0]"
fake_vigo,3,ghz,15,0.0,45,False,0,"[]",random,3,raw_upper_bound,5,15,success_prob,0.4945068359375,0.9767965403495341,0.9767962587014347,0.9767965400438029,0.010667800903320312,2,6,"[2, 1, 0]"
fake_vigo,3,ghz,15,0.0,45,False,0,"[]",random,3,raw_upper_bound,5,16,success_prob,0.4959716796875,0.9767965403495341,0.9767962587014347,0.9767965400438029,0.010667800903320312,2,6,"[2, 1, 0]"
fake_vigo,3,ghz,15,0.0,45,False,0,"[]",random,3,raw_upper_bound,5,17,success_prob,0.4998779296875,0.9767965403495341,0.9767962587014347,0.9767965400438029,0.010667800903320312,2,6,"[2, 1, 0]"
fake_vigo,3,ghz,15,0.0,45,False,0,"[]",random,3,raw_upper_bound,5,18,success_prob,0.5013427734375,0.9767965403495341,0.9767962587014347,0.9767965400438029,0.010667800903320312,2,6,"[2, 1, 0]"
fake_vigo,3,ghz,15,0.0,45,False,0,"[]",random,3,raw_upper_bound,5,19,success_prob,0.4931640625,0.9767965403495341,0.9767962587014347,0.9767965400438029,0.010667800903320312,2,6,"[2, 1, 0]"
fake_vigo,3,ghz,15,0.0,45,False,0,"[]",random,3,raw_upper_bound,6,0,success_prob,0.4921875,0.9740703007797339,0.9740701490739285,0.9740703004437372,0.010009527206420898,2,6,"[0, 1, 3]"
fake_vigo,3,ghz,15,0.0,45,False,0,"[]",random,3,raw_upper_bound,6,1,success_prob,0.4990234375,0.9740703007797339,0.9740701490739285,0.9740703004437372,0.010009527206420898,2,6,"[0, 1, 3]"
fake_vigo,3,ghz,15,0.0,45,False,0,"[]",random,3,raw_upper_bound,6,2,success_prob,0.4925537109375,0.9740703007797339,0.9740701490739285,0.9740703004437372,0.010009527206420898,2,6,"[0, 1, 3]"
fake_vigo,3,ghz,15,0.0,45,False,0,"[]",random,3,raw_upper_bound,6,3,success_prob,0.4869384765625,0.9740703007797339,0.9740701490739285,0.9740703004437372,0.010009527206420898,2,6,"[0, 1, 3]"
fake_vigo,3,ghz,15,0.0,45,False,0,"[]",random,3,raw_upper_bound,6,4,success_prob,0.4959716796875,0.9740703007797339,0.9740701490739285,0.9740703004437372,0.010009527206420898,2,6,"[0, 1, 3]"
fake_vigo,3,ghz,15,0.0,45,False,0,"[]",random,3,raw_upper_bound,6,5,success_prob,0.503173828125,0.9740703007797339,0.9740701490739285,0.9740703004437372,0.010009527206420898,2,6,"[0, 1, 3]"
fake_vigo,3,ghz,15,0.0,45,False,0,"[]",random,3,raw_upper_bound,6,6,success_prob,0.4949951171875,0.9740703007797339,0.9740701490739285,0.9740703004437372,0.010009527206420898,2,6,"[0, 1, 3]"
fake_vigo,3,ghz,15,0.0,45,False,0,"[]",random,3,raw_upper_bound,6,7,success_prob,0.4913330078125,0.9740703007797339,0.9740701490739285,0.9740703004437372,0.010009527206420898,2,6,"[0, 1, 3]"
fake_vigo,3,ghz,15,0.0,45,False,0,"[]",random,3,raw_upper_bound,6,8,success_prob,0.491455078125,0.9740703007797339,0.9740701490739285,0.9740703004437372,0.010009527206420898,2,6,"[0, 1, 3]"
fake_vigo,3,ghz,15,0.0,45,False,0,"[]",random,3,raw_upper_bound,6,9,success_prob,0.4947509765625,0.9740703007797339,0.9740701490739285,0.9740703004437372,0.010009527206420898,2,6,"[0, 1, 3]"
fake_vigo,3,ghz,15,0.0,45,False,0,"[]",random,3,raw_upper_bound,6,10,success_prob,0.5,0.9740703007797339,0.9740701490739285,0.9740703004437372,0.010009527206420898,2,6,"[0, 1, 3]"
fake_vigo,3,ghz,15,0.0,45,False,0,"[]",random,3,raw_upper_bound,6,11,success_prob,0.4986572265625,0.9740703007797339,0.9740701490739285,0.9740703004437372,0.010009527206420898,2,6,"[0, 1, 3]"
fake_vigo,3,ghz,15,0.0,45,False,0,"[]",random,3,raw_upper_bound,6,12,success_prob,0.4932861328125,0.9740703007797339,0.9740701490739285,0.9740703004437372,0.010009527206420898,2,6,"[0, 1, 3]"
fake_vigo,3,ghz,15,0.0,45,False,0,"[]",random,3,raw_upper_bound,6,13,success_prob,0.493408203125,0.9740703007797339,0.9740701490739285,0.9740703004437372,0.010009527206420898,2,6,"[0, 1, 3]"
fake_vigo,3,ghz,15,0.0,45,False,0,"[]",random,3,raw_upper_bound,6,14,success_prob,0.492431640625,0.9740703007797339,0.9740701490739285,0.9740703004437372,0.010009527206420898,2,6,"[0, 1, 3]"
fake_vigo,3,ghz,15,0.0,45,False,0,"[]",random,3,raw_upper_bound,6,15,success_prob,0.495849609375,0.9740703007797339,0.9740701490739285,0.9740703004437372,0.010009527206420898,2,6,"[0, 1, 3]"
fake_vigo,3,ghz,15,0.0,45,False,0,"[]",random,3,raw_upper_bound,6,16,success_prob,0.4974365234375,0.9740703007797339,0.9740701490739285,0.9740703004437372,0.010009527206420898,2,6,"[0, 1, 3]"
fake_vigo,3,ghz,15,0.0,45,False,0,"[]",random,3,raw_upper_bound,6,17,success_prob,0.5013427734375,0.9740703007797339,0.9740701490739285,0.9740703004437372,0.010009527206420898,2,6,"[0, 1, 3]"
fake_vigo,3,ghz,15,0.0,45,False,0,"[]",random,3,raw_upper_bound,6,18,success_prob,0.5028076171875,0.9740703007797339,0.9740701490739285,0.9740703004437372,0.010009527206420898,2,6,"[0, 1, 3]"
fake_vigo,3,ghz,15,0.0,45,False,0,"[]",random,3,raw_upper_bound,6,19,success_prob,0.4957275390625,0.9740703007797339,0.9740701490739285,0.9740703004437372,0.010009527206420898,2,6,"[0, 1, 3]"
fake_vigo,3,ghz,15,0.0,45,False,0,"[]",random,3,raw_upper_bound,7,0,success_prob,0.4921875,0.9418768378885142,0.9418766911966542,0.941876837009801,0.012278318405151367,5,6,"[0, 3, 1]"
fake_vigo,3,ghz,15,0.0,45,False,0,"[]",random,3,raw_upper_bound,7,1,success_prob,0.4990234375,0.9418768378885142,0.9418766911966542,0.941876837009801,0.012278318405151367,5,6,"[0, 3, 1]"
fake_vigo,3,ghz,15,0.0,45,False,0,"[]",random,3,raw_upper_bound,7,2,success_prob,0.4925537109375,0.9418768378885142,0.9418766911966542,0.941876837009801,0.012278318405151367,5,6,"[0, 3, 1]"
fake_vigo,3,ghz,15,0.0,45,False,0,"[]",random,3,raw_upper_bound,7,3,success_prob,0.4869384765625,0.9418768378885142,0.9418766911966542,0.941876837009801,0.012278318405151367,5,6,"[0, 3, 1]"
fake_vigo,3,ghz,15,0.0,45,False,0,"[]",random,3,raw_upper_bound,7,4,success_prob,0.4959716796875,0.9418768378885142,0.9418766911966542,0.941876837009801,0.012278318405151367,5,6,"[0, 3, 1]"
fake_vigo,3,ghz,15,0.0,45,False,0,"[]",random,3,raw_upper_bound,7,5,success_prob,0.503173828125,0.9418768378885142,0.9418766911966542,0.941876837009801,0.012278318405151367,5,6,"[0, 3, 1]"
fake_vigo,3,ghz,15,0.0,45,False,0,"[]",random,3,raw_upper_bound,7,6,success_prob,0.4949951171875,0.9418768378885142,0.9418766911966542,0.941876837009801,0.012278318405151367,5,6,"[0, 3, 1]"
fake_vigo,3,ghz,15,0.0,45,False,0,"[]",random,3,raw_upper_bound,7,7,success_prob,0.4913330078125,0.9418768378885142,0.9418766911966542,0.941876837009801,0.012278318405151367,5,6,"[0, 3, 1]"
fake_vigo,3,ghz,15,0.0,45,False,0,"[]",random,3,raw_upper_bound,7,8,success_prob,0.491455078125,0.9418768378885142,0.9418766911966542,0.941876837009801,0.012278318405151367,5,6,"[0, 3, 1]"
fake_vigo,3,ghz,15,0.0,45,False,0,"[]",random,3,raw_upper_bound,7,9,success_prob,0.4947509765625,0.9418768378885142,0.9418766911966542,0.941876837009801,0.012278318405151367,5,6,"[0, 3, 1]"
fake_vigo,3,ghz,15,0.0,45,False,0,"[]",random,3,raw_upper_bound,7,10,success_prob,0.5,0.9418768378885142,0.9418766911966542,0.941876837009801,0.012278318405151367,5,6,"[0, 3, 1]"
fake_vigo,3,ghz,15,0.0,45,False,0,"[]",random,3,raw_upper_bound,7,11,success_prob,0.4986572265625,0.9418768378885142,0.9418766911966542,0.941876837009801,0.012278318405151367,5,6,"[0, 3, 1]"
fake_vigo,3,ghz,15,0.0,45,False,0,"[]",random,3,raw_upper_bound,7,12,success_prob,0.4932861328125,0.9418768378885142,0.9418766911966542,0.941876837009801,0.012278318405151367,5,6,"[0, 3, 1]"
fake_vigo,3,ghz,15,0.0,45,False,0,"[]",random,3,raw_upper_bound,7,13,success_prob,0.493408203125,0.9418768378885142,0.9418766911966542,0.941876837009801,0.012278318405151367,5,6,"[0, 3, 1]"
fake_vigo,3,ghz,15,0.0,45,False,0,"[]",random,3,raw_upper_bound,7,14,success_prob,0.492431640625,0.9418768378885142,0.9418766911966542,0.941876837009801,0.012278318405151367,5,6,"[0, 3, 1]"
fake_vigo,3,ghz,15,0.0,45,False,0,"[]",random,3,raw_upper_bound,7,15,success_prob,0.495849609375,0.9418768378885142,0.9418766911966542,0.941876837009801,0.012278318405151367,5,6,"[0, 3, 1]"
fake_vigo,3,ghz,15,0.0,45,False,0,"[]",random,3,raw_upper_bound,7,16,success_prob,0.4974365234375,0.9418768378885142,0.9418766911966542,0.941876837009801,0.012278318405151367,5,6,"[0, 3, 1]"
fake_vigo,3,ghz,15,0.0,45,False,0,"[]",random,3,raw_upper_bound,7,17,success_prob,0.5013427734375,0.9418768378885142,0.9418766911966542,0.941876837009801,0.012278318405151367,5,6,"[0, 3, 1]"
fake_vigo,3,ghz,15,0.0,45,False,0,"[]",random,3,raw_upper_bound,7,18,success_prob,0.5028076171875,0.9418768378885142,0.9418766911966542,0.941876837009801,0.012278318405151367,5,6,"[0, 3, 1]"
fake_vigo,3,ghz,15,0.0,45,False,0,"[]",random,3,raw_upper_bound,7,19,success_prob,0.4957275390625,0.9418768378885142,0.9418766911966542,0.941876837009801,0.012278318405151367,5,6,"[0, 3, 1]"
fake_vigo,3,ghz,15,0.0,45,False,0,"[]",random,3,raw_upper_bound,8,0,success_prob,0.4945068359375,0.9651217796743058,0.9651216293621807,0.9651217793245049,0.011611700057983398,3,10,"[1, 0, 3]"
fake_vigo,3,ghz,15,0.0,45,False,0,"[]",random,3,raw_upper_bound,8,1,success_prob,0.4989013671875,0.9651217796743058,0.9651216293621807,0.9651217793245049,0.011611700057983398,3,10,"[1, 0, 3]"
fake_vigo,3,ghz,15,0.0,45,False,0,"[]",random,3,raw_upper_bound,8,2,success_prob,0.4891357421875,0.9651217796743058,0.9651216293621807,0.9651217793245049,0.011611700057983398,3,10,"[1, 0, 3]"
fake_vigo,3,ghz,15,0.0,45,False,0,"[]",random,3,raw_upper_bound,8,3,success_prob,0.4893798828125,0.9651217796743058,0.9651216293621807,0.9651217793245049,0.011611700057983398,3,10,"[1, 0, 3]"
fake_vigo,3,ghz,15,0.0,45,False,0,"[]",random,3,raw_upper_bound,8,4,success_prob,0.4925537109375,0.9651217796743058,0.9651216293621807,0.9651217793245049,0.011611700057983398,3,10,"[1, 0, 3]"
fake_vigo,3,ghz,15,0.0,45,False,0,"[]",random,3,raw_upper_bound,8,5,success_prob,0.4962158203125,0.9651217796743058,0.9651216293621807,0.9651217793245049,0.011611700057983398,3,10,"[1, 0, 3]"
fake_vigo,3,ghz,15,0.0,45,False,0,"[]",random,3,raw_upper_bound,8,6,success_prob,0.50048828125,0.9651217796743058,0.9651216293621807,0.9651217793245049,0.011611700057983398,3,10,"[1, 0, 3]"
fake_vigo,3,ghz,15,0.0,45,False,0,"[]",random,3,raw_upper_bound,8,7,success_prob,0.49609375,0.9651217796743058,0.9651216293621807,0.9651217793245049,0.011611700057983398,3,10,"[1, 0, 3]"
fake_vigo,3,ghz,15,0.0,45,False,0,"[]",random,3,raw_upper_bound,8,8,success_prob,0.4913330078125,0.9651217796743058,0.9651216293621807,0.9651217793245049,0.011611700057983398,3,10,"[1, 0, 3]"
fake_vigo,3,ghz,15,0.0,45,False,0,"[]",random,3,raw_upper_bound,8,9,success_prob,0.4971923828125,0.9651217796743058,0.9651216293621807,0.9651217793245049,0.011611700057983398,3,10,"[1, 0, 3]"
fake_vigo,3,ghz,15,0.0,45,False,0,"[]",random,3,raw_upper_bound,8,10,success_prob,0.5052490234375,0.9651217796743058,0.9651216293621807,0.9651217793245049,0.011611700057983398,3,10,"[1, 0, 3]"
fake_vigo,3,ghz,15,0.0,45,False,0,"[]",random,3,raw_upper_bound,8,11,success_prob,0.5023193359375,0.9651217796743058,0.9651216293621807,0.9651217793245049,0.011611700057983398,3,10,"[1, 0, 3]"
fake_vigo,3,ghz,15,0.0,45,False,0,"[]",random,3,raw_upper_bound,8,12,success_prob,0.5028076171875,0.9651217796743058,0.9651216293621807,0.9651217793245049,0.011611700057983398,3,10,"[1, 0, 3]"
fake_vigo,3,ghz,15,0.0,45,False,0,"[]",random,3,raw_upper_bound,8,13,success_prob,0.5013427734375,0.9651217796743058,0.9651216293621807,0.9651217793245049,0.011611700057983398,3,10,"[1, 0, 3]"
fake_vigo,3,ghz,15,0.0,45,False,0,"[]",random,3,raw_upper_bound,8,14,success_prob,0.488525390625,0.9651217796743058,0.9651216293621807,0.9651217793245049,0.011611700057983398,3,10,"[1, 0, 3]"
fake_vigo,3,ghz,15,0.0,45,False,0,"[]",random,3,raw_upper_bound,8,15,success_prob,0.4862060546875,0.9651217796743058,0.9651216293621807,0.9651217793245049,0.011611700057983398,3,10,"[1, 0, 3]"
fake_vigo,3,ghz,15,0.0,45,False,0,"[]",random,3,raw_upper_bound,8,16,success_prob,0.4920654296875,0.9651217796743058,0.9651216293621807,0.9651217793245049,0.011611700057983398,3,10,"[1, 0, 3]"
fake_vigo,3,ghz,15,0.0,45,False,0,"[]",random,3,raw_upper_bound,8,17,success_prob,0.4996337890625,0.9651217796743058,0.9651216293621807,0.9651217793245049,0.011611700057983398,3,10,"[1, 0, 3]"
fake_vigo,3,ghz,15,0.0,45,False,0,"[]",random,3,raw_upper_bound,8,18,success_prob,0.5045166015625,0.9651217796743058,0.9651216293621807,0.9651217793245049,0.011611700057983398,3,10,"[1, 0, 3]"
fake_vigo,3,ghz,15,0.0,45,False,0,"[]",random,3,raw_upper_bound,8,19,success_prob,0.4949951171875,0.9651217796743058,0.9651216293621807,0.9651217793245049,0.011611700057983398,3,10,"[1, 0, 3]"
fake_vigo,3,ghz,15,0.0,45,False,0,"[]",random,3,raw_upper_bound,9,0,success_prob,0.494140625,0.977661736575006,0.9776615843098553,0.9776617363613366,0.013734579086303711,3,11,"[1, 3, 0]"
fake_vigo,3,ghz,15,0.0,45,False,0,"[]",random,3,raw_upper_bound,9,1,success_prob,0.4984130859375,0.977661736575006,0.9776615843098553,0.9776617363613366,0.013734579086303711,3,11,"[1, 3, 0]"
fake_vigo,3,ghz,15,0.0,45,False,0,"[]",random,3,raw_upper_bound,9,2,success_prob,0.48828125,0.977661736575006,0.9776615843098553,0.9776617363613366,0.013734579086303711,3,11,"[1, 3, 0]"
fake_vigo,3,ghz,15,0.0,45,False,0,"[]",random,3,raw_upper_bound,9,3,success_prob,0.48974609375,0.977661736575006,0.9776615843098553,0.9776617363613366,0.013734579086303711,3,11,"[1, 3, 0]"
fake_vigo,3,ghz,15,0.0,45,False,0,"[]",random,3,raw_upper_bound,9,4,success_prob,0.4930419921875,0.977661736575006,0.9776615843098553,0.9776617363613366,0.013734579086303711,3,11,"[1, 3, 0]"
fake_vigo,3,ghz,15,0.0,45,False,0,"[]",random,3,raw_upper_bound,9,5,success_prob,0.4967041015625,0.977661736575006,0.9776615843098553,0.9776617363613366,0.013734579086303711,3,11,"[1, 3, 0]"
fake_vigo,3,ghz,15,0.0,45,False,0,"[]",random,3,raw_upper_bound,9,6,success_prob,0.501220703125,0.977661736575006,0.9776615843098553,0.9776617363613366,0.013734579086303711,3,11,"[1, 3, 0]"
fake_vigo,3,ghz,15,0.0,45,False,0,"[]",random,3,raw_upper_bound,9,7,success_prob,0.495849609375,0.977661736575006,0.9776615843098553,0.9776617363613366,0.013734579086303711,3,11,"[1, 3, 0]"
fake_vigo,3,ghz,15,0.0,45,False,0,"[]",random,3,raw_upper_bound,9,8,success_prob,0.4913330078125,0.977661736575006,0.9776615843098553,0.9776617363613366,0.013734579086303711,3,11,"[1, 3, 0]"
fake_vigo,3,ghz,15,0.0,45,False,0,"[]",random,3,raw_upper_bound,9,9,success_prob,0.4967041015625,0.977661736575006,0.9776615843098553,0.9776617363613366,0.013734579086303711,3,11,"[1, 3, 0]"
fake_vigo,3,ghz,15,0.0,45,False,0,"[]",random,3,raw_upper_bound,9,10,success_prob,0.5052490234375,0.977661736575006,0.9776615843098553,0.9776617363613366,0.013734579086303711,3,11,"[1, 3, 0]"
fake_vigo,3,ghz,15,0.0,45,False,0,"[]",random,3,raw_upper_bound,9,11,success_prob,0.501953125,0.977661736575006,0.9776615843098553,0.9776617363613366,0.013734579086303711,3,11,"[1, 3, 0]"
fake_vigo,3,ghz,15,0.0,45,False,0,"[]",random,3,raw_upper_bound,9,12,success_prob,0.5018310546875,0.977661736575006,0.9776615843098553,0.9776617363613366,0.013734579086303711,3,11,"[1, 3, 0]"
fake_vigo,3,ghz,15,0.0,45,False,0,"[]",random,3,raw_upper_bound,9,13,success_prob,0.5013427734375,0.977661736575006,0.9776615843098553,0.9776617363613366,0.013734579086303711,3,11,"[1, 3, 0]"
fake_vigo,3,ghz,15,0.0,45,False,0,"[]",random,3,raw_upper_bound,9,14,success_prob,0.488037109375,0.977661736575006,0.9776615843098553,0.9776617363613366,0.013734579086303711,3,11,"[1, 3, 0]"
fake_vigo,3,ghz,15,0.0,45,False,0,"[]",random,3,raw_upper_bound,9,15,success_prob,0.4864501953125,0.977661736575006,0.9776615843098553,0.9776617363613366,0.013734579086303711,3,11,"[1, 3, 0]"
fake_vigo,3,ghz,15,0.0,45,False,0,"[]",random,3,raw_upper_bound,9,16,success_prob,0.4913330078125,0.977661736575006,0.9776615843098553,0.9776617363613366,0.013734579086303711,3,11,"[1, 3, 0]"
fake_vigo,3,ghz,15,0.0,45,False,0,"[]",random,3,raw_upper_bound,9,17,success_prob,0.4998779296875,0.977661736575006,0.9776615843098553,0.9776617363613366,0.013734579086303711,3,11,"[1, 3, 0]"
fake_vigo,3,ghz,15,0.0,45,False,0,"[]",random,3,raw_upper_bound,9,18,success_prob,0.5048828125,0.977661736575006,0.9776615843098553,0.9776617363613366,0.013734579086303711,3,11,"[1, 3, 0]"
fake_vigo,3,ghz,15,0.0,45,False,0,"[]",random,3,raw_upper_bound,9,19,success_prob,0.49609375,0.977661736575006,0.9776615843098553,0.9776617363613366,0.013734579086303711,3,11,"[1, 3, 0]"
fake_vigo,3,ghz,15,0.0,45,False,0,"[]",random,3,raw_upper_bound,10,0,success_prob,0.49267578125,0.9649083493962525,0.964908199117368,0.9649083491244121,0.011373758316040039,5,6,"[3, 0, 1]"
fake_vigo,3,ghz,15,0.0,45,False,0,"[]",random,3,raw_upper_bound,10,1,success_prob,0.499267578125,0.9649083493962525,0.964908199117368,0.9649083491244121,0.011373758316040039,5,6,"[3, 0, 1]"
fake_vigo,3,ghz,15,0.0,45,False,0,"[]",random,3,raw_upper_bound,10,2,success_prob,0.4921875,0.9649083493962525,0.964908199117368,0.9649083491244121,0.011373758316040039,5,6,"[3, 0, 1]"
fake_vigo,3,ghz,15,0.0,45,False,0,"[]",random,3,raw_upper_bound,10,3,success_prob,0.4873046875,0.9649083493962525,0.964908199117368,0.9649083491244121,0.011373758316040039,5,6,"[3, 0, 1]"
fake_vigo,3,ghz,15,0.0,45,False,0,"[]",random,3,raw_upper_bound,10,4,success_prob,0.49658203125,0.9649083493962525,0.964908199117368,0.9649083491244121,0.011373758316040039,5,6,"[3, 0, 1]"
fake_vigo,3,ghz,15,0.0,45,False,0,"[]",random,3,raw_upper_bound,10,5,success_prob,0.5030517578125,0.9649083493962525,0.964908199117368,0.9649083491244121,0.011373758316040039,5,6,"[3, 0, 1]"
fake_vigo,3,ghz,15,0.0,45,False,0,"[]",random,3,raw_upper_bound,10,6,success_prob,0.493896484375,0.9649083493962525,0.964908199117368,0.9649083491244121,0.011373758316040039,5,6,"[3, 0, 1]"
fake_vigo,3,ghz,15,0.0,45,False,0,"[]",random,3,raw_upper_bound,10,7,success_prob,0.4910888671875,0.9649083493962525,0.964908199117368,0.9649083491244121,0.011373758316040039,5,6,"[3, 0, 1]"
fake_vigo,3,ghz,15,0.0,45,False,0,"[]",random,3,raw_upper_bound,10,8,success_prob,0.4915771484375,0.9649083493962525,0.964908199117368,0.9649083491244121,0.011373758316040039,5,6,"[3, 0, 1]"
fake_vigo,3,ghz,15,0.0,45,False,0,"[]",random,3,raw_upper_bound,10,9,success_prob,0.49462890625,0.9649083493962525,0.964908199117368,0.9649083491244121,0.011373758316040039,5,6,"[3, 0, 1]"
fake_vigo,3,ghz,15,0.0,45,False,0,"[]",random,3,raw_upper_bound,10,10,success_prob,0.499267578125,0.9649083493962525,0.964908199117368,0.9649083491244121,0.011373758316040039,5,6,"[3, 0, 1]"
fake_vigo,3,ghz,15,0.0,45,False,0,"[]",random,3,raw_upper_bound,10,11,success_prob,0.4993896484375,0.9649083493962525,0.964908199117368,0.9649083491244121,0.011373758316040039,5,6,"[3, 0, 1]"
fake_vigo,3,ghz,15,0.0,45,False,0,"[]",random,3,raw_upper_bound,10,12,success_prob,0.4937744140625,0.9649083493962525,0.964908199117368,0.9649083491244121,0.011373758316040039,5,6,"[3, 0, 1]"
fake_vigo,3,ghz,15,0.0,45,False,0,"[]",random,3,raw_upper_bound,10,13,success_prob,0.493896484375,0.9649083493962525,0.964908199117368,0.9649083491244121,0.011373758316040039,5,6,"[3, 0, 1]"
fake_vigo,3,ghz,15,0.0,45,False,0,"[]",random,3,raw_upper_bound,10,14,success_prob,0.492431640625,0.9649083493962525,0.964908199117368,0.9649083491244121,0.011373758316040039,5,6,"[3, 0, 1]"
fake_vigo,3,ghz,15,0.0,45,False,0,"[]",random,3,raw_upper_bound,10,15,success_prob,0.495361328125,0.9649083493962525,0.964908199117368,0.9649083491244121,0.011373758316040039,5,6,"[3, 0, 1]"
fake_vigo,3,ghz,15,0.0,45,False,0,"[]",random,3,raw_upper_bound,10,16,success_prob,0.4976806640625,0.9649083493962525,0.964908199117368,0.9649083491244121,0.011373758316040039,5,6,"[3, 0, 1]"
fake_vigo,3,ghz,15,0.0,45,False,0,"[]",random,3,raw_upper_bound,10,17,success_prob,0.5013427734375,0.9649083493962525,0.964908199117368,0.9649083491244121,0.011373758316040039,5,6,"[3, 0, 1]"
fake_vigo,3,ghz,15,0.0,45,False,0,"[]",random,3,raw_upper_bound,10,18,success_prob,0.502685546875,0.9649083493962525,0.964908199117368,0.9649083491244121,0.011373758316040039,5,6,"[3, 0, 1]"
fake_vigo,3,ghz,15,0.0,45,False,0,"[]",random,3,raw_upper_bound,10,19,success_prob,0.494384765625,0.9649083493962525,0.964908199117368,0.9649083491244121,0.011373758316040039,5,6,"[3, 0, 1]"
fake_vigo,3,ghz,15,0.0,45,False,0,"[]",random,3,raw_upper_bound,11,0,success_prob,0.49267578125,0.9830335505790782,0.9830333974772986,0.9830335504588946,0.011566400527954102,2,6,"[3, 1, 0]"
fake_vigo,3,ghz,15,0.0,45,False,0,"[]",random,3,raw_upper_bound,11,1,success_prob,0.499267578125,0.9830335505790782,0.9830333974772986,0.9830335504588946,0.011566400527954102,2,6,"[3, 1, 0]"
fake_vigo,3,ghz,15,0.0,45,False,0,"[]",random,3,raw_upper_bound,11,2,success_prob,0.4921875,0.9830335505790782,0.9830333974772986,0.9830335504588946,0.011566400527954102,2,6,"[3, 1, 0]"
fake_vigo,3,ghz,15,0.0,45,False,0,"[]",random,3,raw_upper_bound,11,3,success_prob,0.4873046875,0.9830335505790782,0.9830333974772986,0.9830335504588946,0.011566400527954102,2,6,"[3, 1, 0]"
fake_vigo,3,ghz,15,0.0,45,False,0,"[]",random,3,raw_upper_bound,11,4,success_prob,0.49658203125,0.9830335505790782,0.9830333974772986,0.9830335504588946,0.011566400527954102,2,6,"[3, 1, 0]"
fake_vigo,3,ghz,15,0.0,45,False,0,"[]",random,3,raw_upper_bound,11,5,success_prob,0.5030517578125,0.9830335505790782,0.9830333974772986,0.9830335504588946,0.011566400527954102,2,6,"[3, 1, 0]"
fake_vigo,3,ghz,15,0.0,45,False,0,"[]",random,3,raw_upper_bound,11,6,success_prob,0.493896484375,0.9830335505790782,0.9830333974772986,0.9830335504588946,0.011566400527954102,2,6,"[3, 1, 0]"
fake_vigo,3,ghz,15,0.0,45,False,0,"[]",random,3,raw_upper_bound,11,7,success_prob,0.4910888671875,0.9830335505790782,0.9830333974772986,0.9830335504588946,0.011566400527954102,2,6,"[3, 1, 0]"
fake_vigo,3,ghz,15,0.0,45,False,0,"[]",random,3,raw_upper_bound,11,8,success_prob,0.4915771484375,0.9830335505790782,0.9830333974772986,0.9830335504588946,0.011566400527954102,2,6,"[3, 1, 0]"
fake_vigo,3,ghz,15,0.0,45,False,0,"[]",random,3,raw_upper_bound,11,9,success_prob,0.49462890625,0.9830335505790782,0.9830333974772986,0.9830335504588946,0.011566400527954102,2,6,"[3, 1, 0]"
fake_vigo,3,ghz,15,0.0,45,False,0,"[]",random,3,raw_upper_bound,11,10,success_prob,0.499267578125,0.9830335505790782,0.9830333974772986,0.9830335504588946,0.011566400527954102,2,6,"[3, 1, 0]"
fake_vigo,3,ghz,15,0.0,45,False,0,"[]",random,3,raw_upper_bound,11,11,success_prob,0.4993896484375,0.9830335505790782,0.9830333974772986,0.9830335504588946,0.011566400527954102,2,6,"[3, 1, 0]"
fake_vigo,3,ghz,15,0.0,45,False,0,"[]",random,3,raw_upper_bound,11,12,success_prob,0.4937744140625,0.9830335505790782,0.9830333974772986,0.9830335504588946,0.011566400527954102,2,6,"[3, 1, 0]"
fake_vigo,3,ghz,15,0.0,45,False,0,"[]",random,3,raw_upper_bound,11,13,success_prob,0.493896484375,0.9830335505790782,0.9830333974772986,0.9830335504588946,0.011566400527954102,2,6,"[3, 1, 0]"
fake_vigo,3,ghz,15,0.0,45,False,0,"[]",random,3,raw_upper_bound,11,14,success_prob,0.492431640625,0.9830335505790782,0.9830333974772986,0.9830335504588946,0.011566400527954102,2,6,"[3, 1, 0]"
fake_vigo,3,ghz,15,0.0,45,False,0,"[]",random,3,raw_upper_bound,11,15,success_prob,0.495361328125,0.9830335505790782,0.9830333974772986,0.9830335504588946,0.011566400527954102,2,6,"[3, 1, 0]"
fake_vigo,3,ghz,15,0.0,45,False,0,"[]",random,3,raw_upper_bound,11,16,success_prob,0.4976806640625,0.9830335505790782,0.9830333974772986,0.9830335504588946,0.011566400527954102,2,6,"[3, 1, 0]"
fake_vigo,3,ghz,15,0.0,45,False,0,"[]",random,3,raw_upper_bound,11,17,success_prob,0.5013427734375,0.9830335505790782,0.9830333974772986,0.9830335504588946,0.011566400527954102,2,6,"[3, 1, 0]"
fake_vigo,3,ghz,15,0.0,45,False,0,"[]",random,3,raw_upper_bound,11,18,success_prob,0.502685546875,0.9830335505790782,0.9830333974772986,0.9830335504588946,0.011566400527954102,2,6,"[3, 1, 0]"
fake_vigo,3,ghz,15,0.0,45,False,0,"[]",random,3,raw_upper_bound,11,19,success_prob,0.494384765625,0.9830335505790782,0.9830333974772986,0.9830335504588946,0.011566400527954102,2,6,"[3, 1, 0]"
fake_vigo,3,ghz,15,0.0,45,False,0,"[]",random,3,raw_upper_bound,12,0,success_prob,0.4945068359375,0.9617276718130898,0.9617274001867645,0.9617276710091658,0.017034292221069336,3,11,"[1, 2, 3]"
fake_vigo,3,ghz,15,0.0,45,False,0,"[]",random,3,raw_upper_bound,12,1,success_prob,0.4989013671875,0.9617276718130898,0.9617274001867645,0.9617276710091658,0.017034292221069336,3,11,"[1, 2, 3]"
fake_vigo,3,ghz,15,0.0,45,False,0,"[]",random,3,raw_upper_bound,12,2,success_prob,0.4891357421875,0.9617276718130898,0.9617274001867645,0.9617276710091658,0.017034292221069336,3,11,"[1, 2, 3]"
fake_vigo,3,ghz,15,0.0,45,False,0,"[]",random,3,raw_upper_bound,12,3,success_prob,0.4893798828125,0.9617276718130898,0.9617274001867645,0.9617276710091658,0.017034292221069336,3,11,"[1, 2, 3]"
fake_vigo,3,ghz,15,0.0,45,False,0,"[]",random,3,raw_upper_bound,12,4,success_prob,0.4925537109375,0.9617276718130898,0.9617274001867645,0.9617276710091658,0.017034292221069336,3,11,"[1, 2, 3]"
fake_vigo,3,ghz,15,0.0,45,False,0,"[]",random,3,raw_upper_bound,12,5,success_prob,0.4962158203125,0.9617276718130898,0.9617274001867645,0.9617276710091658,0.017034292221069336,3,11,"[1, 2, 3]"
fake_vigo,3,ghz,15,0.0,45,False,0,"[]",random,3,raw_upper_bound,12,6,success_prob,0.50048828125,0.9617276718130898,0.9617274001867645,0.9617276710091658,0.017034292221069336,3,11,"[1, 2, 3]"
fake_vigo,3,ghz,15,0.0,45,False,0,"[]",random,3,raw_upper_bound,12,7,success_prob,0.49609375,0.9617276718130898,0.9617274001867645,0.9617276710091658,0.017034292221069336,3,11,"[1, 2, 3]"
fake_vigo,3,ghz,15,0.0,45,False,0,"[]",random,3,raw_upper_bound,12,8,success_prob,0.4913330078125,0.9617276718130898,0.9617274001867645,0.9617276710091658,0.017034292221069336,3,11,"[1, 2, 3]"
fake_vigo,3,ghz,15,0.0,45,False,0,"[]",random,3,raw_upper_bound,12,9,success_prob,0.497314453125,0.9617276718130898,0.9617274001867645,0.9617276710091658,0.017034292221069336,3,11,"[1, 2, 3]"
fake_vigo,3,ghz,15,0.0,45,False,0,"[]",random,3,raw_upper_bound,12,10,success_prob,0.5052490234375,0.9617276718130898,0.9617274001867645,0.9617276710091658,0.017034292221069336,3,11,"[1, 2, 3]"
fake_vigo,3,ghz,15,0.0,45,False,0,"[]",random,3,raw_upper_bound,12,11,success_prob,0.5023193359375,0.9617276718130898,0.9617274001867645,0.9617276710091658,0.017034292221069336,3,11,"[1, 2, 3]"
fake_vigo,3,ghz,15,0.0,45,False,0,"[]",random,3,raw_upper_bound,12,12,success_prob,0.5029296875,0.9617276718130898,0.9617274001867645,0.9617276710091658,0.017034292221069336,3,11,"[1, 2, 3]"
fake_vigo,3,ghz,15,0.0,45,False,0,"[]",random,3,raw_upper_bound,12,13,success_prob,0.5013427734375,0.9617276718130898,0.9617274001867645,0.9617276710091658,0.017034292221069336,3,11,"[1, 2, 3]"
fake_vigo,3,ghz,15,0.0,45,False,0,"[]",random,3,raw_upper_bound,12,14,success_prob,0.488525390625,0.9617276718130898,0.9617274001867645,0.9617276710091658,0.017034292221069336,3,11,"[1, 2, 3]"
fake_vigo,3,ghz,15,0.0,45,False,0,"[]",random,3,raw_upper_bound,12,15,success_prob,0.4862060546875,0.9617276718130898,0.9617274001867645,0.9617276710091658,0.017034292221069336,3,11,"[1, 2, 3]"
fake_vigo,3,ghz,15,0.0,45,False,0,"[]",random,3,raw_upper_bound,12,16,success_prob,0.4920654296875,0.9617276718130898,0.9617274001867645,0.9617276710091658,0.017034292221069336,3,11,"[1, 2, 3]"
fake_vigo,3,ghz,15,0.0,45,False,0,"[]",random,3,raw_upper_bound,12,17,success_prob,0.499755859375,0.9617276718130898,0.9617274001867645,0.9617276710091658,0.017034292221069336,3,11,"[1, 2, 3]"
fake_vigo,3,ghz,15,0.0,45,False,0,"[]",random,3,raw_upper_bound,12,18,success_prob,0.5045166015625,0.9617276718130898,0.9617274001867645,0.9617276710091658,0.017034292221069336,3,11,"[1, 2, 3]"
fake_vigo,3,ghz,15,0.0,45,False,0,"[]",random,3,raw_upper_bound,12,19,success_prob,0.4949951171875,0.9617276718130898,0.9617274001867645,0.9617276710091658,0.017034292221069336,3,11,"[1, 2, 3]"
fake_vigo,3,ghz,15,0.0,45,False,0,"[]",random,3,raw_upper_bound,13,0,success_prob,0.4942626953125,0.972252490666702,0.9722522160677911,0.9722524901090482,0.01779651641845703,3,11,"[1, 3, 2]"
fake_vigo,3,ghz,15,0.0,45,False,0,"[]",random,3,raw_upper_bound,13,1,success_prob,0.4984130859375,0.972252490666702,0.9722522160677911,0.9722524901090482,0.01779651641845703,3,11,"[1, 3, 2]"
fake_vigo,3,ghz,15,0.0,45,False,0,"[]",random,3,raw_upper_bound,13,2,success_prob,0.48828125,0.972252490666702,0.9722522160677911,0.9722524901090482,0.01779651641845703,3,11,"[1, 3, 2]"
fake_vigo,3,ghz,15,0.0,45,False,0,"[]",random,3,raw_upper_bound,13,3,success_prob,0.48974609375,0.972252490666702,0.9722522160677911,0.9722524901090482,0.01779651641845703,3,11,"[1, 3, 2]"
fake_vigo,3,ghz,15,0.0,45,False,0,"[]",random,3,raw_upper_bound,13,4,success_prob,0.4931640625,0.972252490666702,0.9722522160677911,0.9722524901090482,0.01779651641845703,3,11,"[1, 3, 2]"
fake_vigo,3,ghz,15,0.0,45,False,0,"[]",random,3,raw_upper_bound,13,5,success_prob,0.4967041015625,0.972252490666702,0.9722522160677911,0.9722524901090482,0.01779651641845703,3,11,"[1, 3, 2]"
fake_vigo,3,ghz,15,0.0,45,False,0,"[]",random,3,raw_upper_bound,13,6,success_prob,0.5013427734375,0.972252490666702,0.9722522160677911,0.9722524901090482,0.01779651641845703,3,11,"[1, 3, 2]"
fake_vigo,3,ghz,15,0.0,45,False,0,"[]",random,3,raw_upper_bound,13,7,success_prob,0.495849609375,0.972252490666702,0.9722522160677911,0.9722524901090482,0.01779651641845703,3,11,"[1, 3, 2]"
fake_vigo,3,ghz,15,0.0,45,False,0,"[]",random,3,raw_upper_bound,13,8,success_prob,0.491455078125,0.972252490666702,0.9722522160677911,0.9722524901090482,0.01779651641845703,3,11,"[1, 3, 2]"
fake_vigo,3,ghz,15,0.0,45,False,0,"[]",random,3,raw_upper_bound,13,9,success_prob,0.4967041015625,0.972252490666702,0.9722522160677911,0.9722524901090482,0.01779651641845703,3,11,"[1, 3, 2]"
fake_vigo,3,ghz,15,0.0,45,False,0,"[]",random,3,raw_upper_bound,13,10,success_prob,0.5052490234375,0.972252490666702,0.9722522160677911,0.9722524901090482,0.01779651641845703,3,11,"[1, 3, 2]"
fake_vigo,3,ghz,15,0.0,45,False,0,"[]",random,3,raw_upper_bound,13,11,success_prob,0.501953125,0.972252490666702,0.9722522160677911,0.9722524901090482,0.01779651641845703,3,11,"[1, 3, 2]"
fake_vigo,3,ghz,15,0.0,45,False,0,"[]",random,3,raw_upper_bound,13,12,success_prob,0.5018310546875,0.972252490666702,0.9722522160677911,0.9722524901090482,0.01779651641845703,3,11,"[1, 3, 2]"
fake_vigo,3,ghz,15,0.0,45,False,0,"[]",random,3,raw_upper_bound,13,13,success_prob,0.5013427734375,0.972252490666702,0.9722522160677911,0.9722524901090482,0.01779651641845703,3,11,"[1, 3, 2]"
fake_vigo,3,ghz,15,0.0,45,False,0,"[]",random,3,raw_upper_bound,13,14,success_prob,0.488037109375,0.972252490666702,0.9722522160677911,0.9722524901090482,0.01779651641845703,3,11,"[1, 3, 2]"
fake_vigo,3,ghz,15,0.0,45,False,0,"[]",random,3,raw_upper_bound,13,15,success_prob,0.4864501953125,0.972252490666702,0.9722522160677911,0.9722524901090482,0.01779651641845703,3,11,"[1, 3, 2]"
fake_vigo,3,ghz,15,0.0,45,False,0,"[]",random,3,raw_upper_bound,13,16,success_prob,0.4913330078125,0.972252490666702,0.9722522160677911,0.9722524901090482,0.01779651641845703,3,11,"[1, 3, 2]"
fake_vigo,3,ghz,15,0.0,45,False,0,"[]",random,3,raw_upper_bound,13,17,success_prob,0.4998779296875,0.972252490666702,0.9722522160677911,0.9722524901090482,0.01779651641845703,3,11,"[1, 3, 2]"
fake_vigo,3,ghz,15,0.0,45,False,0,"[]",random,3,raw_upper_bound,13,18,success_prob,0.5048828125,0.972252490666702,0.9722522160677911,0.9722524901090482,0.01779651641845703,3,11,"[1, 3, 2]"
fake_vigo,3,ghz,15,0.0,45,False,0,"[]",random,3,raw_upper_bound,13,19,success_prob,0.49609375,0.972252490666702,0.9722522160677911,0.9722524901090482,0.01779651641845703,3,11,"[1, 3, 2]"
fake_vigo,3,ghz,15,0.0,45,False,0,"[]",random,3,raw_upper_bound,14,0,success_prob,0.4921875,0.9715895343662251,0.9715892599545567,0.9715895338518703,0.012284278869628906,2,6,"[2, 1, 3]"
fake_vigo,3,ghz,15,0.0,45,False,0,"[]",random,3,raw_upper_bound,14,1,success_prob,0.4990234375,0.9715895343662251,0.9715892599545567,0.9715895338518703,0.012284278869628906,2,6,"[2, 1, 3]"
fake_vigo,3,ghz,15,0.0,45,False,0,"[]",random,3,raw_upper_bound,14,2,success_prob,0.4925537109375,0.9715895343662251,0.9715892599545567,0.9715895338518703,0.012284278869628906,2,6,"[2, 1, 3]"
fake_vigo,3,ghz,15,0.0,45,False,0,"[]",random,3,raw_upper_bound,14,3,success_prob,0.4869384765625,0.9715895343662251,0.9715892599545567,0.9715895338518703,0.012284278869628906,2,6,"[2, 1, 3]"
fake_vigo,3,ghz,15,0.0,45,False,0,"[]",random,3,raw_upper_bound,14,4,success_prob,0.4959716796875,0.9715895343662251,0.9715892599545567,0.9715895338518703,0.012284278869628906,2,6,"[2, 1, 3]"
fake_vigo,3,ghz,15,0.0,45,False,0,"[]",random,3,raw_upper_bound,14,5,success_prob,0.503173828125,0.9715895343662251,0.9715892599545567,0.9715895338518703,0.012284278869628906,2,6,"[2, 1, 3]"
fake_vigo,3,ghz,15,0.0,45,False,0,"[]",random,3,raw_upper_bound,14,6,success_prob,0.4949951171875,0.9715895343662251,0.9715892599545567,0.9715895338518703,0.012284278869628906,2,6,"[2, 1, 3]"
fake_vigo,3,ghz,15,0.0,45,False,0,"[]",random,3,raw_upper_bound,14,7,success_prob,0.4913330078125,0.9715895343662251,0.9715892599545567,0.9715895338518703,0.012284278869628906,2,6,"[2, 1, 3]"
fake_vigo,3,ghz,15,0.0,45,False,0,"[]",random,3,raw_upper_bound,14,8,success_prob,0.491455078125,0.9715895343662251,0.9715892599545567,0.9715895338518703,0.012284278869628906,2,6,"[2, 1, 3]"
fake_vigo,3,ghz,15,0.0,45,False,0,"[]",random,3,raw_upper_bound,14,9,success_prob,0.4947509765625,0.9715895343662251,0.9715892599545567,0.9715895338518703,0.012284278869628906,2,6,"[2, 1, 3]"
fake_vigo,3,ghz,15,0.0,45,False,0,"[]",random,3,raw_upper_bound,14,10,success_prob,0.5,0.9715895343662251,0.9715892599545567,0.9715895338518703,0.012284278869628906,2,6,"[2, 1, 3]"
fake_vigo,3,ghz,15,0.0,45,False,0,"[]",random,3,raw_upper_bound,14,11,success_prob,0.498779296875,0.9715895343662251,0.9715892599545567,0.9715895338518703,0.012284278869628906,2,6,"[2, 1, 3]"
fake_vigo,3,ghz,15,0.0,45,False,0,"[]",random,3,raw_upper_bound,14,12,success_prob,0.4932861328125,0.9715895343662251,0.9715892599545567,0.9715895338518703,0.012284278869628906,2,6,"[2, 1, 3]"
fake_vigo,3,ghz,15,0.0,45,False,0,"[]",random,3,raw_upper_bound,14,13,success_prob,0.493408203125,0.9715895343662251,0.9715892599545567,0.9715895338518703,0.012284278869628906,2,6,"[2, 1, 3]"
fake_vigo,3,ghz,15,0.0,45,False,0,"[]",random,3,raw_upper_bound,14,14,success_prob,0.492431640625,0.9715895343662251,0.9715892599545567,0.9715895338518703,0.012284278869628906,2,6,"[2, 1, 3]"
fake_vigo,3,ghz,15,0.0,45,False,0,"[]",random,3,raw_upper_bound,14,15,success_prob,0.495849609375,0.9715895343662251,0.9715892599545567,0.9715895338518703,0.012284278869628906,2,6,"[2, 1, 3]"
fake_vigo,3,ghz,15,0.0,45,False,0,"[]",random,3,raw_upper_bound,14,16,success_prob,0.49755859375,0.9715895343662251,0.9715892599545567,0.9715895338518703,0.012284278869628906,2,6,"[2, 1, 3]"
fake_vigo,3,ghz,15,0.0,45,False,0,"[]",random,3,raw_upper_bound,14,17,success_prob,0.5013427734375,0.9715895343662251,0.9715892599545567,0.9715895338518703,0.012284278869628906,2,6,"[2, 1, 3]"
fake_vigo,3,ghz,15,0.0,45,False,0,"[]",random,3,raw_upper_bound,14,18,success_prob,0.5028076171875,0.9715895343662251,0.9715892599545567,0.9715895338518703,0.012284278869628906,2,6,"[2, 1, 3]"
fake_vigo,3,ghz,15,0.0,45,False,0,"[]",random,3,raw_upper_bound,14,19,success_prob,0.4957275390625,0.9715895343662251,0.9715892599545567,0.9715895338518703,0.012284278869628906,2,6,"[2, 1, 3]"
fake_vigo,3,ghz,15,0.0,45,False,0,"[]",random,3,raw_upper_bound,15,0,success_prob,0.4921875,0.9417749658495687,0.9417746998586018,0.9417749647972361,0.01085352897644043,5,6,"[2, 3, 1]"
fake_vigo,3,ghz,15,0.0,45,False,0,"[]",random,3,raw_upper_bound,15,1,success_prob,0.4990234375,0.9417749658495687,0.9417746998586018,0.9417749647972361,0.01085352897644043,5,6,"[2, 3, 1]"
fake_vigo,3,ghz,15,0.0,45,False,0,"[]",random,3,raw_upper_bound,15,2,success_prob,0.4925537109375,0.9417749658495687,0.9417746998586018,0.9417749647972361,0.01085352897644043,5,6,"[2, 3, 1]"
fake_vigo,3,ghz,15,0.0,45,False,0,"[]",random,3,raw_upper_bound,15,3,success_prob,0.4869384765625,0.9417749658495687,0.9417746998586018,0.9417749647972361,0.01085352897644043,5,6,"[2, 3, 1]"
fake_vigo,3,ghz,15,0.0,45,False,0,"[]",random,3,raw_upper_bound,15,4,success_prob,0.4959716796875,0.9417749658495687,0.9417746998586018,0.9417749647972361,0.01085352897644043,5,6,"[2, 3, 1]"
fake_vigo,3,ghz,15,0.0,45,False,0,"[]",random,3,raw_upper_bound,15,5,success_prob,0.503173828125,0.9417749658495687,0.9417746998586018,0.9417749647972361,0.01085352897644043,5,6,"[2, 3, 1]"
fake_vigo,3,ghz,15,0.0,45,False,0,"[]",random,3,raw_upper_bound,15,6,success_prob,0.4949951171875,0.9417749658495687,0.9417746998586018,0.9417749647972361,0.01085352897644043,5,6,"[2, 3, 1]"
fake_vigo,3,ghz,15,0.0,45,False,0,"[]",random,3,raw_upper_bound,15,7,success_prob,0.4913330078125,0.9417749658495687,0.9417746998586018,0.9417749647972361,0.01085352897644043,5,6,"[2, 3, 1]"
fake_vigo,3,ghz,15,0.0,45,False,0,"[]",random,3,raw_upper_bound,15,8,success_prob,0.491455078125,0.9417749658495687,0.9417746998586018,0.9417749647972361,0.01085352897644043,5,6,"[2, 3, 1]"
fake_vigo,3,ghz,15,0.0,45,False,0,"[]",random,3,raw_upper_bound,15,9,success_prob,0.4947509765625,0.9417749658495687,0.9417746998586018,0.9417749647972361,0.01085352897644043,5,6,"[2, 3, 1]"
fake_vigo,3,ghz,15,0.0,45,False,0,"[]",random,3,raw_upper_bound,15,10,success_prob,0.5,0.9417749658495687,0.9417746998586018,0.9417749647972361,0.01085352897644043,5,6,"[2, 3, 1]"
fake_vigo,3,ghz,15,0.0,45,False,0,"[]",random,3,raw_upper_bound,15,11,success_prob,0.498779296875,0.9417749658495687,0.9417746998586018,0.9417749647972361,0.01085352897644043,5,6,"[2, 3, 1]"
fake_vigo,3,ghz,15,0.0,45,False,0,"[]",random,3,raw_upper_bound,15,12,success_prob,0.4932861328125,0.9417749658495687,0.9417746998586018,0.9417749647972361,0.01085352897644043,5,6,"[2, 3, 1]"
fake_vigo,3,ghz,15,0.0,45,False,0,"[]",random,3,raw_upper_bound,15,13,success_prob,0.493408203125,0.9417749658495687,0.9417746998586018,0.9417749647972361,0.01085352897644043,5,6,"[2, 3, 1]"
fake_vigo,3,ghz,15,0.0,45,False,0,"[]",random,3,raw_upper_bound,15,14,success_prob,0.492431640625,0.9417749658495687,0.9417746998586018,0.9417749647972361,0.01085352897644043,5,6,"[2, 3, 1]"
fake_vigo,3,ghz,15,0.0,45,False,0,"[]",random,3,raw_upper_bound,15,15,success_prob,0.495849609375,0.9417749658495687,0.9417746998586018,0.9417749647972361,0.01085352897644043,5,6,"[2, 3, 1]"
fake_vigo,3,ghz,15,0.0,45,False,0,"[]",random,3,raw_upper_bound,15,16,success_prob,0.49755859375,0.9417749658495687,0.9417746998586018,0.9417749647972361,0.01085352897644043,5,6,"[2, 3, 1]"
fake_vigo,3,ghz,15,0.0,45,False,0,"[]",random,3,raw_upper_bound,15,17,success_prob,0.5013427734375,0.9417749658495687,0.9417746998586018,0.9417749647972361,0.01085352897644043,5,6,"[2, 3, 1]"
fake_vigo,3,ghz,15,0.0,45,False,0,"[]",random,3,raw_upper_bound,15,18,success_prob,0.5028076171875,0.9417749658495687,0.9417746998586018,0.9417749647972361,0.01085352897644043,5,6,"[2, 3, 1]"
fake_vigo,3,ghz,15,0.0,45,False,0,"[]",random,3,raw_upper_bound,15,19,success_prob,0.4957275390625,0.9417749658495687,0.9417746998586018,0.9417749647972361,0.01085352897644043,5,6,"[2, 3, 1]"
fake_vigo,3,ghz,15,0.0,45,False,0,"[]",random,3,raw_upper_bound,16,0,success_prob,0.49267578125,0.9772375811666801,0.9772373051598011,0.9772375807002689,0.00960850715637207,2,6,"[3, 1, 2]"
fake_vigo,3,ghz,15,0.0,45,False,0,"[]",random,3,raw_upper_bound,16,1,success_prob,0.499267578125,0.9772375811666801,0.9772373051598011,0.9772375807002689,0.00960850715637207,2,6,"[3, 1, 2]"
fake_vigo,3,ghz,15,0.0,45,False,0,"[]",random,3,raw_upper_bound,16,2,success_prob,0.4921875,0.9772375811666801,0.9772373051598011,0.9772375807002689,0.00960850715637207,2,6,"[3, 1, 2]"
fake_vigo,3,ghz,15,0.0,45,False,0,"[]",random,3,raw_upper_bound,16,3,success_prob,0.4873046875,0.9772375811666801,0.9772373051598011,0.9772375807002689,0.00960850715637207,2,6,"[3, 1, 2]"
fake_vigo,3,ghz,15,0.0,45,False,0,"[]",random,3,raw_upper_bound,16,4,success_prob,0.49658203125,0.9772375811666801,0.9772373051598011,0.9772375807002689,0.00960850715637207,2,6,"[3, 1, 2]"
fake_vigo,3,ghz,15,0.0,45,False,0,"[]",random,3,raw_upper_bound,16,5,success_prob,0.5030517578125,0.9772375811666801,0.9772373051598011,0.9772375807002689,0.00960850715637207,2,6,"[3, 1, 2]"
fake_vigo,3,ghz,15,0.0,45,False,0,"[]",random,3,raw_upper_bound,16,6,success_prob,0.493896484375,0.9772375811666801,0.9772373051598011,0.9772375807002689,0.00960850715637207,2,6,"[3, 1, 2]"
fake_vigo,3,ghz,15,0.0,45,False,0,"[]",random,3,raw_upper_bound,16,7,success_prob,0.4910888671875,0.9772375811666801,0.9772373051598011,0.9772375807002689,0.00960850715637207,2,6,"[3, 1, 2]"
fake_vigo,3,ghz,15,0.0,45,False,0,"[]",random,3,raw_upper_bound,16,8,success_prob,0.4915771484375,0.9772375811666801,0.9772373051598011,0.9772375807002689,0.00960850715637207,2,6,"[3, 1, 2]"
fake_vigo,3,ghz,15,0.0,45,False,0,"[]",random,3,raw_upper_bound,16,9,success_prob,0.4947509765625,0.9772375811666801,0.9772373051598011,0.9772375807002689,0.00960850715637207,2,6,"[3, 1, 2]"
fake_vigo,3,ghz,15,0.0,45,False,0,"[]",random,3,raw_upper_bound,16,10,success_prob,0.499267578125,0.9772375811666801,0.9772373051598011,0.9772375807002689,0.00960850715637207,2,6,"[3, 1, 2]"
fake_vigo,3,ghz,15,0.0,45,False,0,"[]",random,3,raw_upper_bound,16,11,success_prob,0.4993896484375,0.9772375811666801,0.9772373051598011,0.9772375807002689,0.00960850715637207,2,6,"[3, 1, 2]"
fake_vigo,3,ghz,15,0.0,45,False,0,"[]",random,3,raw_upper_bound,16,12,success_prob,0.4937744140625,0.9772375811666801,0.9772373051598011,0.9772375807002689,0.00960850715637207,2,6,"[3, 1, 2]"
fake_vigo,3,ghz,15,0.0,45,False,0,"[]",random,3,raw_upper_bound,16,13,success_prob,0.493896484375,0.9772375811666801,0.9772373051598011,0.9772375807002689,0.00960850715637207,2,6,"[3, 1, 2]"
fake_vigo,3,ghz,15,0.0,45,False,0,"[]",random,3,raw_upper_bound,16,14,success_prob,0.492431640625,0.9772375811666801,0.9772373051598011,0.9772375807002689,0.00960850715637207,2,6,"[3, 1, 2]"
fake_vigo,3,ghz,15,0.0,45,False,0,"[]",random,3,raw_upper_bound,16,15,success_prob,0.495361328125,0.9772375811666801,0.9772373051598011,0.9772375807002689,0.00960850715637207,2,6,"[3, 1, 2]"
fake_vigo,3,ghz,15,0.0,45,False,0,"[]",random,3,raw_upper_bound,16,16,success_prob,0.4976806640625,0.9772375811666801,0.9772373051598011,0.9772375807002689,0.00960850715637207,2,6,"[3, 1, 2]"
fake_vigo,3,ghz,15,0.0,45,False,0,"[]",random,3,raw_upper_bound,16,17,success_prob,0.50146484375,0.9772375811666801,0.9772373051598011,0.9772375807002689,0.00960850715637207,2,6,"[3, 1, 2]"
fake_vigo,3,ghz,15,0.0,45,False,0,"[]",random,3,raw_upper_bound,16,18,success_prob,0.502685546875,0.9772375811666801,0.9772373051598011,0.9772375807002689,0.00960850715637207,2,6,"[3, 1, 2]"
fake_vigo,3,ghz,15,0.0,45,False,0,"[]",random,3,raw_upper_bound,16,19,success_prob,0.494384765625,0.9772375811666801,0.9772373051598011,0.9772375807002689,0.00960850715637207,2,6,"[3, 1, 2]"
fake_vigo,3,ghz,15,0.0,45,False,0,"[]",random,3,raw_upper_bound,17,0,success_prob,0.49267578125,0.9439156413118782,0.943915374716308,0.9439156398848699,0.011815071105957031,5,6,"[3, 2, 1]"
fake_vigo,3,ghz,15,0.0,45,False,0,"[]",random,3,raw_upper_bound,17,1,success_prob,0.499267578125,0.9439156413118782,0.943915374716308,0.9439156398848699,0.011815071105957031,5,6,"[3, 2, 1]"
fake_vigo,3,ghz,15,0.0,45,False,0,"[]",random,3,raw_upper_bound,17,2,success_prob,0.4921875,0.9439156413118782,0.943915374716308,0.9439156398848699,0.011815071105957031,5,6,"[3, 2, 1]"
fake_vigo,3,ghz,15,0.0,45,False,0,"[]",random,3,raw_upper_bound,17,3,success_prob,0.4873046875,0.9439156413118782,0.943915374716308,0.9439156398848699,0.011815071105957031,5,6,"[3, 2, 1]"
fake_vigo,3,ghz,15,0.0,45,False,0,"[]",random,3,raw_upper_bound,17,4,success_prob,0.49658203125,0.9439156413118782,0.943915374716308,0.9439156398848699,0.011815071105957031,5,6,"[3, 2, 1]"
fake_vigo,3,ghz,15,0.0,45,False,0,"[]",random,3,raw_upper_bound,17,5,success_prob,0.5030517578125,0.9439156413118782,0.943915374716308,0.9439156398848699,0.011815071105957031,5,6,"[3, 2, 1]"
fake_vigo,3,ghz,15,0.0,45,False,0,"[]",random,3,raw_upper_bound,17,6,success_prob,0.493896484375,0.9439156413118782,0.943915374716308,0.9439156398848699,0.011815071105957031,5,6,"[3, 2, 1]"
fake_vigo,3,ghz,15,0.0,45,False,0,"[]",random,3,raw_upper_bound,17,7,success_prob,0.4910888671875,0.9439156413118782,0.943915374716308,0.9439156398848699,0.011815071105957031,5,6,"[3, 2, 1]"
fake_vigo,3,ghz,15,0.0,45,False,0,"[]",random,3,raw_upper_bound,17,8,success_prob,0.4915771484375,0.9439156413118782,0.943915374716308,0.9439156398848699,0.011815071105957031,5,6,"[3, 2, 1]"
fake_vigo,3,ghz,15,0.0,45,False,0,"[]",random,3,raw_upper_bound,17,9,success_prob,0.4947509765625,0.9439156413118782,0.943915374716308,0.9439156398848699,0.011815071105957031,5,6,"[3, 2, 1]"
fake_vigo,3,ghz,15,0.0,45,False,0,"[]",random,3,raw_upper_bound,17,10,success_prob,0.499267578125,0.9439156413118782,0.943915374716308,0.9439156398848699,0.011815071105957031,5,6,"[3, 2, 1]"
fake_vigo,3,ghz,15,0.0,45,False,0,"[]",random,3,raw_upper_bound,17,11,success_prob,0.4993896484375,0.9439156413118782,0.943915374716308,0.9439156398848699,0.011815071105957031,5,6,"[3, 2, 1]"
fake_vigo,3,ghz,15,0.0,45,False,0,"[]",random,3,raw_upper_bound,17,12,success_prob,0.4937744140625,0.9439156413118782,0.943915374716308,0.9439156398848699,0.011815071105957031,5,6,"[3, 2, 1]"
fake_vigo,3,ghz,15,0.0,45,False,0,"[]",random,3,raw_upper_bound,17,13,success_prob,0.493896484375,0.9439156413118782,0.943915374716308,0.9439156398848699,0.011815071105957031,5,6,"[3, 2, 1]"
fake_vigo,3,ghz,15,0.0,45,False,0,"[]",random,3,raw_upper_bound,17,14,success_prob,0.492431640625,0.9439156413118782,0.943915374716308,0.9439156398848699,0.011815071105957031,5,6,"[3, 2, 1]"
fake_vigo,3,ghz,15,0.0,45,False,0,"[]",random,3,raw_upper_bound,17,15,success_prob,0.495361328125,0.9439156413118782,0.943915374716308,0.9439156398848699,0.011815071105957031,5,6,"[3, 2, 1]"
fake_vigo,3,ghz,15,0.0,45,False,0,"[]",random,3,raw_upper_bound,17,16,success_prob,0.4976806640625,0.9439156413118782,0.943915374716308,0.9439156398848699,0.011815071105957031,5,6,"[3, 2, 1]"
fake_vigo,3,ghz,15,0.0,45,False,0,"[]",random,3,raw_upper_bound,17,17,success_prob,0.50146484375,0.9439156413118782,0.943915374716308,0.9439156398848699,0.011815071105957031,5,6,"[3, 2, 1]"
fake_vigo,3,ghz,15,0.0,45,False,0,"[]",random,3,raw_upper_bound,17,18,success_prob,0.502685546875,0.9439156413118782,0.943915374716308,0.9439156398848699,0.011815071105957031,5,6,"[3, 2, 1]"
fake_vigo,3,ghz,15,0.0,45,False,0,"[]",random,3,raw_upper_bound,17,19,success_prob,0.494384765625,0.9439156413118782,0.943915374716308,0.9439156398848699,0.011815071105957031,5,6,"[3, 2, 1]"
fake_vigo,3,ghz,15,0.0,45,False,0,"[]",random,3,raw_upper_bound,18,0,success_prob,0.4932861328125,0.9804371441399493,0.9804369386241514,0.9804371438250187,0.011806249618530273,2,6,"[1, 3, 4]"
fake_vigo,3,ghz,15,0.0,45,False,0,"[]",random,3,raw_upper_bound,18,1,success_prob,0.50048828125,0.9804371441399493,0.9804369386241514,0.9804371438250187,0.011806249618530273,2,6,"[1, 3, 4]"
fake_vigo,3,ghz,15,0.0,45,False,0,"[]",random,3,raw_upper_bound,18,2,success_prob,0.4937744140625,0.9804371441399493,0.9804369386241514,0.9804371438250187,0.011806249618530273,2,6,"[1, 3, 4]"
fake_vigo,3,ghz,15,0.0,45,False,0,"[]",random,3,raw_upper_bound,18,3,success_prob,0.488037109375,0.9804371441399493,0.9804369386241514,0.9804371438250187,0.011806249618530273,2,6,"[1, 3, 4]"
fake_vigo,3,ghz,15,0.0,45,False,0,"[]",random,3,raw_upper_bound,18,4,success_prob,0.4964599609375,0.9804371441399493,0.9804369386241514,0.9804371438250187,0.011806249618530273,2,6,"[1, 3, 4]"
fake_vigo,3,ghz,15,0.0,45,False,0,"[]",random,3,raw_upper_bound,18,5,success_prob,0.5040283203125,0.9804371441399493,0.9804369386241514,0.9804371438250187,0.011806249618530273,2,6,"[1, 3, 4]"
fake_vigo,3,ghz,15,0.0,45,False,0,"[]",random,3,raw_upper_bound,18,6,success_prob,0.4949951171875,0.9804371441399493,0.9804369386241514,0.9804371438250187,0.011806249618530273,2,6,"[1, 3, 4]"
fake_vigo,3,ghz,15,0.0,45,False,0,"[]",random,3,raw_upper_bound,18,7,success_prob,0.4925537109375,0.9804371441399493,0.9804369386241514,0.9804371438250187,0.011806249618530273,2,6,"[1, 3, 4]"
fake_vigo,3,ghz,15,0.0,45,False,0,"[]",random,3,raw_upper_bound,18,8,success_prob,0.492919921875,0.9804371441399493,0.9804369386241514,0.9804371438250187,0.011806249618530273,2,6,"[1, 3, 4]"
fake_vigo,3,ghz,15,0.0,45,False,0,"[]",random,3,raw_upper_bound,18,9,success_prob,0.4952392578125,0.9804371441399493,0.9804369386241514,0.9804371438250187,0.011806249618530273,2,6,"[1, 3, 4]"
fake_vigo,3,ghz,15,0.0,45,False,0,"[]",random,3,raw_upper_bound,18,10,success_prob,0.500244140625,0.9804371441399493,0.9804369386241514,0.9804371438250187,0.011806249618530273,2,6,"[1, 3, 4]"
fake_vigo,3,ghz,15,0.0,45,False,0,"[]",random,3,raw_upper_bound,18,11,success_prob,0.4996337890625,0.9804371441399493,0.9804369386241514,0.9804371438250187,0.011806249618530273,2,6,"[1, 3, 4]"
fake_vigo,3,ghz,15,0.0,45,False,0,"[]",random,3,raw_upper_bound,18,12,success_prob,0.4949951171875,0.9804371441399493,0.9804369386241514,0.9804371438250187,0.011806249618530273,2,6,"[1, 3, 4]"
fake_vigo,3,ghz,15,0.0,45,False,0,"[]",random,3,raw_upper_bound,18,13,success_prob,0.4942626953125,0.9804371441399493,0.9804369386241514,0.9804371438250187,0.011806249618530273,2,6,"[1, 3, 4]"
fake_vigo,3,ghz,15,0.0,45,False,0,"[]",random,3,raw_upper_bound,18,14,success_prob,0.492919921875,0.9804371441399493,0.9804369386241514,0.9804371438250187,0.011806249618530273,2,6,"[1, 3, 4]"
fake_vigo,3,ghz,15,0.0,45,False,0,"[]",random,3,raw_upper_bound,18,15,success_prob,0.49658203125,0.9804371441399493,0.9804369386241514,0.9804371438250187,0.011806249618530273,2,6,"[1, 3, 4]"
fake_vigo,3,ghz,15,0.0,45,False,0,"[]",random,3,raw_upper_bound,18,16,success_prob,0.4979248046875,0.9804371441399493,0.9804369386241514,0.9804371438250187,0.011806249618530273,2,6,"[1, 3, 4]"
fake_vigo,3,ghz,15,0.0,45,False,0,"[]",random,3,raw_upper_bound,18,17,success_prob,0.501708984375,0.9804371441399493,0.9804369386241514,0.9804371438250187,0.011806249618530273,2,6,"[1, 3, 4]"
fake_vigo,3,ghz,15,0.0,45,False,0,"[]",random,3,raw_upper_bound,18,18,success_prob,0.50390625,0.9804371441399493,0.9804369386241514,0.9804371438250187,0.011806249618530273,2,6,"[1, 3, 4]"
fake_vigo,3,ghz,15,0.0,45,False,0,"[]",random,3,raw_upper_bound,18,19,success_prob,0.4959716796875,0.9804371441399493,0.9804369386241514,0.9804371438250187,0.011806249618530273,2,6,"[1, 3, 4]"
fake_vigo,3,ghz,15,0.0,45,False,0,"[]",random,3,raw_upper_bound,19,0,success_prob,0.4932861328125,0.9625644931659469,0.9625642913965514,0.9625644924259071,0.010840177536010742,5,6,"[1, 4, 3]"
fake_vigo,3,ghz,15,0.0,45,False,0,"[]",random,3,raw_upper_bound,19,1,success_prob,0.50048828125,0.9625644931659469,0.9625642913965514,0.9625644924259071,0.010840177536010742,5,6,"[1, 4, 3]"
fake_vigo,3,ghz,15,0.0,45,False,0,"[]",random,3,raw_upper_bound,19,2,success_prob,0.4937744140625,0.9625644931659469,0.9625642913965514,0.9625644924259071,0.010840177536010742,5,6,"[1, 4, 3]"
fake_vigo,3,ghz,15,0.0,45,False,0,"[]",random,3,raw_upper_bound,19,3,success_prob,0.488037109375,0.9625644931659469,0.9625642913965514,0.9625644924259071,0.010840177536010742,5,6,"[1, 4, 3]"
fake_vigo,3,ghz,15,0.0,45,False,0,"[]",random,3,raw_upper_bound,19,4,success_prob,0.4964599609375,0.9625644931659469,0.9625642913965514,0.9625644924259071,0.010840177536010742,5,6,"[1, 4, 3]"
fake_vigo,3,ghz,15,0.0,45,False,0,"[]",random,3,raw_upper_bound,19,5,success_prob,0.5040283203125,0.9625644931659469,0.9625642913965514,0.9625644924259071,0.010840177536010742,5,6,"[1, 4, 3]"
fake_vigo,3,ghz,15,0.0,45,False,0,"[]",random,3,raw_upper_bound,19,6,success_prob,0.4949951171875,0.9625644931659469,0.9625642913965514,0.9625644924259071,0.010840177536010742,5,6,"[1, 4, 3]"
fake_vigo,3,ghz,15,0.0,45,False,0,"[]",random,3,raw_upper_bound,19,7,success_prob,0.4925537109375,0.9625644931659469,0.9625642913965514,0.9625644924259071,0.010840177536010742,5,6,"[1, 4, 3]"
fake_vigo,3,ghz,15,0.0,45,False,0,"[]",random,3,raw_upper_bound,19,8,success_prob,0.492919921875,0.9625644931659469,0.9625642913965514,0.9625644924259071,0.010840177536010742,5,6,"[1, 4, 3]"
fake_vigo,3,ghz,15,0.0,45,False,0,"[]",random,3,raw_upper_bound,19,9,success_prob,0.4952392578125,0.9625644931659469,0.9625642913965514,0.9625644924259071,0.010840177536010742,5,6,"[1, 4, 3]"
fake_vigo,3,ghz,15,0.0,45,False,0,"[]",random,3,raw_upper_bound,19,10,success_prob,0.500244140625,0.9625644931659469,0.9625642913965514,0.9625644924259071,0.010840177536010742,5,6,"[1, 4, 3]"
fake_vigo,3,ghz,15,0.0,45,False,0,"[]",random,3,raw_upper_bound,19,11,success_prob,0.4996337890625,0.9625644931659469,0.9625642913965514,0.9625644924259071,0.010840177536010742,5,6,"[1, 4, 3]"
fake_vigo,3,ghz,15,0.0,45,False,0,"[]",random,3,raw_upper_bound,19,12,success_prob,0.4949951171875,0.9625644931659469,0.9625642913965514,0.9625644924259071,0.010840177536010742,5,6,"[1, 4, 3]"
fake_vigo,3,ghz,15,0.0,45,False,0,"[]",random,3,raw_upper_bound,19,13,success_prob,0.4942626953125,0.9625644931659469,0.9625642913965514,0.9625644924259071,0.010840177536010742,5,6,"[1, 4, 3]"
fake_vigo,3,ghz,15,0.0,45,False,0,"[]",random,3,raw_upper_bound,19,14,success_prob,0.492919921875,0.9625644931659469,0.9625642913965514,0.9625644924259071,0.010840177536010742,5,6,"[1, 4, 3]"
fake_vigo,3,ghz,15,0.0,45,False,0,"[]",random,3,raw_upper_bound,19,15,success_prob,0.49658203125,0.9625644931659469,0.9625642913965514,0.9625644924259071,0.010840177536010742,5,6,"[1, 4, 3]"
fake_vigo,3,ghz,15,0.0,45,False,0,"[]",random,3,raw_upper_bound,19,16,success_prob,0.4979248046875,0.9625644931659469,0.9625642913965514,0.9625644924259071,0.010840177536010742,5,6,"[1, 4, 3]"
fake_vigo,3,ghz,15,0.0,45,False,0,"[]",random,3,raw_upper_bound,19,17,success_prob,0.501708984375,0.9625644931659469,0.9625642913965514,0.9625644924259071,0.010840177536010742,5,6,"[1, 4, 3]"
fake_vigo,3,ghz,15,0.0,45,False,0,"[]",random,3,raw_upper_bound,19,18,success_prob,0.50390625,0.9625644931659469,0.9625642913965514,0.9625644924259071,0.010840177536010742,5,6,"[1, 4, 3]"
fake_vigo,3,ghz,15,0.0,45,False,0,"[]",random,3,raw_upper_bound,19,19,success_prob,0.4959716796875,0.9625644931659469,0.9625642913965514,0.9625644924259071,0.010840177536010742,5,6,"[1, 4, 3]"
fake_vigo,3,ghz,15,0.0,45,False,0,"[]",random,3,raw_upper_bound,20,0,success_prob,0.495361328125,0.9799289849254782,0.9799287795161987,0.9799289846918977,0.011524677276611328,3,10,"[3, 1, 4]"
fake_vigo,3,ghz,15,0.0,45,False,0,"[]",random,3,raw_upper_bound,20,1,success_prob,0.5,0.9799289849254782,0.9799287795161987,0.9799289846918977,0.011524677276611328,3,10,"[3, 1, 4]"
fake_vigo,3,ghz,15,0.0,45,False,0,"[]",random,3,raw_upper_bound,20,2,success_prob,0.489990234375,0.9799289849254782,0.9799287795161987,0.9799289846918977,0.011524677276611328,3,10,"[3, 1, 4]"
fake_vigo,3,ghz,15,0.0,45,False,0,"[]",random,3,raw_upper_bound,20,3,success_prob,0.4906005859375,0.9799289849254782,0.9799287795161987,0.9799289846918977,0.011524677276611328,3,10,"[3, 1, 4]"
fake_vigo,3,ghz,15,0.0,45,False,0,"[]",random,3,raw_upper_bound,20,4,success_prob,0.493408203125,0.9799289849254782,0.9799287795161987,0.9799289846918977,0.011524677276611328,3,10,"[3, 1, 4]"
fake_vigo,3,ghz,15,0.0,45,False,0,"[]",random,3,raw_upper_bound,20,5,success_prob,0.4967041015625,0.9799289849254782,0.9799287795161987,0.9799289846918977,0.011524677276611328,3,10,"[3, 1, 4]"
fake_vigo,3,ghz,15,0.0,45,False,0,"[]",random,3,raw_upper_bound,20,6,success_prob,0.501220703125,0.9799289849254782,0.9799287795161987,0.9799289846918977,0.011524677276611328,3,10,"[3, 1, 4]"
fake_vigo,3,ghz,15,0.0,45,False,0,"[]",random,3,raw_upper_bound,20,7,success_prob,0.4981689453125,0.9799289849254782,0.9799287795161987,0.9799289846918977,0.011524677276611328,3,10,"[3, 1, 4]"
fake_vigo,3,ghz,15,0.0,45,False,0,"[]",random,3,raw_upper_bound,20,8,success_prob,0.491943359375,0.9799289849254782,0.9799287795161987,0.9799289846918977,0.011524677276611328,3,10,"[3, 1, 4]"
fake_vigo,3,ghz,15,0.0,45,False,0,"[]",random,3,raw_upper_bound,20,9,success_prob,0.497314453125,0.9799289849254782,0.9799287795161987,0.9799289846918977,0.011524677276611328,3,10,"[3, 1, 4]"
fake_vigo,3,ghz,15,0.0,45,False,0,"[]",random,3,raw_upper_bound,20,10,success_prob,0.505859375,0.9799289849254782,0.9799287795161987,0.9799289846918977,0.011524677276611328,3,10,"[3, 1, 4]"
fake_vigo,3,ghz,15,0.0,45,False,0,"[]",random,3,raw_upper_bound,20,11,success_prob,0.50341796875,0.9799289849254782,0.9799287795161987,0.9799289846918977,0.011524677276611328,3,10,"[3, 1, 4]"
fake_vigo,3,ghz,15,0.0,45,False,0,"[]",random,3,raw_upper_bound,20,12,success_prob,0.5042724609375,0.9799289849254782,0.9799287795161987,0.9799289846918977,0.011524677276611328,3,10,"[3, 1, 4]"
fake_vigo,3,ghz,15,0.0,45,False,0,"[]",random,3,raw_upper_bound,20,13,success_prob,0.502685546875,0.9799289849254782,0.9799287795161987,0.9799289846918977,0.011524677276611328,3,10,"[3, 1, 4]"
fake_vigo,3,ghz,15,0.0,45,False,0,"[]",random,3,raw_upper_bound,20,14,success_prob,0.48876953125,0.9799289849254782,0.9799287795161987,0.9799289846918977,0.011524677276611328,3,10,"[3, 1, 4]"
fake_vigo,3,ghz,15,0.0,45,False,0,"[]",random,3,raw_upper_bound,20,15,success_prob,0.4873046875,0.9799289849254782,0.9799287795161987,0.9799289846918977,0.011524677276611328,3,10,"[3, 1, 4]"
fake_vigo,3,ghz,15,0.0,45,False,0,"[]",random,3,raw_upper_bound,20,16,success_prob,0.4935302734375,0.9799289849254782,0.9799287795161987,0.9799289846918977,0.011524677276611328,3,10,"[3, 1, 4]"
fake_vigo,3,ghz,15,0.0,45,False,0,"[]",random,3,raw_upper_bound,20,17,success_prob,0.50048828125,0.9799289849254782,0.9799287795161987,0.9799289846918977,0.011524677276611328,3,10,"[3, 1, 4]"
fake_vigo,3,ghz,15,0.0,45,False,0,"[]",random,3,raw_upper_bound,20,18,success_prob,0.5050048828125,0.9799289849254782,0.9799287795161987,0.9799289846918977,0.011524677276611328,3,10,"[3, 1, 4]"
fake_vigo,3,ghz,15,0.0,45,False,0,"[]",random,3,raw_upper_bound,20,19,success_prob,0.4959716796875,0.9799289849254782,0.9799287795161987,0.9799289846918977,0.011524677276611328,3,10,"[3, 1, 4]"
fake_vigo,3,ghz,15,0.0,45,False,0,"[]",random,3,raw_upper_bound,21,0,success_prob,0.495361328125,0.9822857963248718,0.9822855904215658,0.9822857961006001,0.011075019836425781,3,10,"[3, 4, 1]"
fake_vigo,3,ghz,15,0.0,45,False,0,"[]",random,3,raw_upper_bound,21,1,success_prob,0.4996337890625,0.9822857963248718,0.9822855904215658,0.9822857961006001,0.011075019836425781,3,10,"[3, 4, 1]"
fake_vigo,3,ghz,15,0.0,45,False,0,"[]",random,3,raw_upper_bound,21,2,success_prob,0.4888916015625,0.9822857963248718,0.9822855904215658,0.9822857961006001,0.011075019836425781,3,10,"[3, 4, 1]"
fake_vigo,3,ghz,15,0.0,45,False,0,"[]",random,3,raw_upper_bound,21,3,success_prob,0.49072265625,0.9822857963248718,0.9822855904215658,0.9822857961006001,0.011075019836425781,3,10,"[3, 4, 1]"
fake_vigo,3,ghz,15,0.0,45,False,0,"[]",random,3,raw_upper_bound,21,4,success_prob,0.49365234375,0.9822857963248718,0.9822855904215658,0.9822857961006001,0.011075019836425781,3,10,"[3, 4, 1]"
fake_vigo,3,ghz,15,0.0,45,False,0,"[]",random,3,raw_upper_bound,21,5,success_prob,0.4969482421875,0.9822857963248718,0.9822855904215658,0.9822857961006001,0.011075019836425781,3,10,"[3, 4, 1]"
fake_vigo,3,ghz,15,0.0,45,False,0,"[]",random,3,raw_upper_bound,21,6,success_prob,0.501953125,0.9822857963248718,0.9822855904215658,0.9822857961006001,0.011075019836425781,3,10,"[3, 4, 1]"
fake_vigo,3,ghz,15,0.0,45,False,0,"[]",random,3,raw_upper_bound,21,7,success_prob,0.4984130859375,0.9822857963248718,0.9822855904215658,0.9822857961006001,0.011075019836425781,3,10,"[3, 4, 1]"
fake_vigo,3,ghz,15,0.0,45,False,0,"[]",random,3,raw_upper_bound,21,8,success_prob,0.4918212890625,0.9822857963248718,0.9822855904215658,0.9822857961006001,0.011075019836425781,3,10,"[3, 4, 1]"
fake_vigo,3,ghz,15,0.0,45,False,0,"[]",random,3,raw_upper_bound,21,9,success_prob,0.49609375,0.9822857963248718,0.9822855904215658,0.9822857961006001,0.011075019836425781,3,10,"[3, 4, 1]"
fake_vigo,3,ghz,15,0.0,45,False,0,"[]",random,3,raw_upper_bound,21,10,success_prob,0.505859375,0.9822857963248718,0.9822855904215658,0.9822857961006001,0.011075019836425781,3,10,"[3, 4, 1]"
fake_vigo,3,ghz,15,0.0,45,False,0,"[]",random,3,raw_upper_bound,21,11,success_prob,0.5030517578125,0.9822857963248718,0.9822855904215658,0.9822857961006001,0.011075019836425781,3,10,"[3, 4, 1]"
fake_vigo,3,ghz,15,0.0,45,False,0,"[]",random,3,raw_upper_bound,21,12,success_prob,0.5035400390625,0.9822857963248718,0.9822855904215658,0.9822857961006001,0.011075019836425781,3,10,"[3, 4, 1]"
fake_vigo,3,ghz,15,0.0,45,False,0,"[]",random,3,raw_upper_bound,21,13,success_prob,0.5029296875,0.9822857963248718,0.9822855904215658,0.9822857961006001,0.011075019836425781,3,10,"[3, 4, 1]"
fake_vigo,3,ghz,15,0.0,45,False,0,"[]",random,3,raw_upper_bound,21,14,success_prob,0.48828125,0.9822857963248718,0.9822855904215658,0.9822857961006001,0.011075019836425781,3,10,"[3, 4, 1]"
fake_vigo,3,ghz,15,0.0,45,False,0,"[]",random,3,raw_upper_bound,21,15,success_prob,0.487548828125,0.9822857963248718,0.9822855904215658,0.9822857961006001,0.011075019836425781,3,10,"[3, 4, 1]"
fake_vigo,3,ghz,15,0.0,45,False,0,"[]",random,3,raw_upper_bound,21,16,success_prob,0.4927978515625,0.9822857963248718,0.9822855904215658,0.9822857961006001,0.011075019836425781,3,10,"[3, 4, 1]"
fake_vigo,3,ghz,15,0.0,45,False,0,"[]",random,3,raw_upper_bound,21,17,success_prob,0.5003662109375,0.9822857963248718,0.9822855904215658,0.9822857961006001,0.011075019836425781,3,10,"[3, 4, 1]"
fake_vigo,3,ghz,15,0.0,45,False,0,"[]",random,3,raw_upper_bound,21,18,success_prob,0.505615234375,0.9822857963248718,0.9822855904215658,0.9822857961006001,0.011075019836425781,3,10,"[3, 4, 1]"
fake_vigo,3,ghz,15,0.0,45,False,0,"[]",random,3,raw_upper_bound,21,19,success_prob,0.4967041015625,0.9822857963248718,0.9822855904215658,0.9822857961006001,0.011075019836425781,3,10,"[3, 4, 1]"
fake_vigo,3,ghz,15,0.0,45,False,0,"[]",random,3,raw_upper_bound,22,0,success_prob,0.494140625,0.954931339306132,0.9549311391367715,0.9549313385200321,0.01282191276550293,5,6,"[4, 1, 3]"
fake_vigo,3,ghz,15,0.0,45,False,0,"[]",random,3,raw_upper_bound,22,1,success_prob,0.500732421875,0.954931339306132,0.9549311391367715,0.9549313385200321,0.01282191276550293,5,6,"[4, 1, 3]"
fake_vigo,3,ghz,15,0.0,45,False,0,"[]",random,3,raw_upper_bound,22,2,success_prob,0.49365234375,0.954931339306132,0.9549311391367715,0.9549313385200321,0.01282191276550293,5,6,"[4, 1, 3]"
fake_vigo,3,ghz,15,0.0,45,False,0,"[]",random,3,raw_upper_bound,22,3,success_prob,0.4884033203125,0.954931339306132,0.9549311391367715,0.9549313385200321,0.01282191276550293,5,6,"[4, 1, 3]"
fake_vigo,3,ghz,15,0.0,45,False,0,"[]",random,3,raw_upper_bound,22,4,success_prob,0.496826171875,0.954931339306132,0.9549311391367715,0.9549313385200321,0.01282191276550293,5,6,"[4, 1, 3]"
fake_vigo,3,ghz,15,0.0,45,False,0,"[]",random,3,raw_upper_bound,22,5,success_prob,0.50390625,0.954931339306132,0.9549311391367715,0.9549313385200321,0.01282191276550293,5,6,"[4, 1, 3]"
fake_vigo,3,ghz,15,0.0,45,False,0,"[]",random,3,raw_upper_bound,22,6,success_prob,0.4947509765625,0.954931339306132,0.9549311391367715,0.9549313385200321,0.01282191276550293,5,6,"[4, 1, 3]"
fake_vigo,3,ghz,15,0.0,45,False,0,"[]",random,3,raw_upper_bound,22,7,success_prob,0.4923095703125,0.954931339306132,0.9549311391367715,0.9549313385200321,0.01282191276550293,5,6,"[4, 1, 3]"
fake_vigo,3,ghz,15,0.0,45,False,0,"[]",random,3,raw_upper_bound,22,8,success_prob,0.4935302734375,0.954931339306132,0.9549311391367715,0.9549313385200321,0.01282191276550293,5,6,"[4, 1, 3]"
fake_vigo,3,ghz,15,0.0,45,False,0,"[]",random,3,raw_upper_bound,22,9,success_prob,0.4954833984375,0.954931339306132,0.9549311391367715,0.9549313385200321,0.01282191276550293,5,6,"[4, 1, 3]"
fake_vigo,3,ghz,15,0.0,45,False,0,"[]",random,3,raw_upper_bound,22,10,success_prob,0.4996337890625,0.954931339306132,0.9549311391367715,0.9549313385200321,0.01282191276550293,5,6,"[4, 1, 3]"
fake_vigo,3,ghz,15,0.0,45,False,0,"[]",random,3,raw_upper_bound,22,11,success_prob,0.50048828125,0.954931339306132,0.9549311391367715,0.9549313385200321,0.01282191276550293,5,6,"[4, 1, 3]"
fake_vigo,3,ghz,15,0.0,45,False,0,"[]",random,3,raw_upper_bound,22,12,success_prob,0.4952392578125,0.954931339306132,0.9549311391367715,0.9549313385200321,0.01282191276550293,5,6,"[4, 1, 3]"
fake_vigo,3,ghz,15,0.0,45,False,0,"[]",random,3,raw_upper_bound,22,13,success_prob,0.4945068359375,0.954931339306132,0.9549311391367715,0.9549313385200321,0.01282191276550293,5,6,"[4, 1, 3]"
fake_vigo,3,ghz,15,0.0,45,False,0,"[]",random,3,raw_upper_bound,22,14,success_prob,0.492919921875,0.954931339306132,0.9549311391367715,0.9549313385200321,0.01282191276550293,5,6,"[4, 1, 3]"
fake_vigo,3,ghz,15,0.0,45,False,0,"[]",random,3,raw_upper_bound,22,15,success_prob,0.4962158203125,0.954931339306132,0.9549311391367715,0.9549313385200321,0.01282191276550293,5,6,"[4, 1, 3]"
fake_vigo,3,ghz,15,0.0,45,False,0,"[]",random,3,raw_upper_bound,22,16,success_prob,0.4986572265625,0.954931339306132,0.9549311391367715,0.9549313385200321,0.01282191276550293,5,6,"[4, 1, 3]"
fake_vigo,3,ghz,15,0.0,45,False,0,"[]",random,3,raw_upper_bound,22,17,success_prob,0.5013427734375,0.954931339306132,0.9549311391367715,0.9549313385200321,0.01282191276550293,5,6,"[4, 1, 3]"
fake_vigo,3,ghz,15,0.0,45,False,0,"[]",random,3,raw_upper_bound,22,18,success_prob,0.503662109375,0.954931339306132,0.9549311391367715,0.9549313385200321,0.01282191276550293,5,6,"[4, 1, 3]"
fake_vigo,3,ghz,15,0.0,45,False,0,"[]",random,3,raw_upper_bound,22,19,success_prob,0.4951171875,0.954931339306132,0.9549311391367715,0.9549313385200321,0.01282191276550293,5,6,"[4, 1, 3]"
fake_vigo,3,ghz,15,0.0,45,False,0,"[]",random,3,raw_upper_bound,23,0,success_prob,0.494140625,0.9776629327798415,0.977662727845564,0.9776629323734425,0.009497880935668945,2,6,"[4, 3, 1]"
fake_vigo,3,ghz,15,0.0,45,False,0,"[]",random,3,raw_upper_bound,23,1,success_prob,0.500732421875,0.9776629327798415,0.977662727845564,0.9776629323734425,0.009497880935668945,2,6,"[4, 3, 1]"
fake_vigo,3,ghz,15,0.0,45,False,0,"[]",random,3,raw_upper_bound,23,2,success_prob,0.49365234375,0.9776629327798415,0.977662727845564,0.9776629323734425,0.009497880935668945,2,6,"[4, 3, 1]"
fake_vigo,3,ghz,15,0.0,45,False,0,"[]",random,3,raw_upper_bound,23,3,success_prob,0.4884033203125,0.9776629327798415,0.977662727845564,0.9776629323734425,0.009497880935668945,2,6,"[4, 3, 1]"
fake_vigo,3,ghz,15,0.0,45,False,0,"[]",random,3,raw_upper_bound,23,4,success_prob,0.496826171875,0.9776629327798415,0.977662727845564,0.9776629323734425,0.009497880935668945,2,6,"[4, 3, 1]"
fake_vigo,3,ghz,15,0.0,45,False,0,"[]",random,3,raw_upper_bound,23,5,success_prob,0.50390625,0.9776629327798415,0.977662727845564,0.9776629323734425,0.009497880935668945,2,6,"[4, 3, 1]"
fake_vigo,3,ghz,15,0.0,45,False,0,"[]",random,3,raw_upper_bound,23,6,success_prob,0.4947509765625,0.9776629327798415,0.977662727845564,0.9776629323734425,0.009497880935668945,2,6,"[4, 3, 1]"
fake_vigo,3,ghz,15,0.0,45,False,0,"[]",random,3,raw_upper_bound,23,7,success_prob,0.4923095703125,0.9776629327798415,0.977662727845564,0.9776629323734425,0.009497880935668945,2,6,"[4, 3, 1]"
fake_vigo,3,ghz,15,0.0,45,False,0,"[]",random,3,raw_upper_bound,23,8,success_prob,0.4935302734375,0.9776629327798415,0.977662727845564,0.9776629323734425,0.009497880935668945,2,6,"[4, 3, 1]"
fake_vigo,3,ghz,15,0.0,45,False,0,"[]",random,3,raw_upper_bound,23,9,success_prob,0.4954833984375,0.9776629327798415,0.977662727845564,0.9776629323734425,0.009497880935668945,2,6,"[4, 3, 1]"
fake_vigo,3,ghz,15,0.0,45,False,0,"[]",random,3,raw_upper_bound,23,10,success_prob,0.4996337890625,0.9776629327798415,0.977662727845564,0.9776629323734425,0.009497880935668945,2,6,"[4, 3, 1]"
fake_vigo,3,ghz,15,0.0,45,False,0,"[]",random,3,raw_upper_bound,23,11,success_prob,0.50048828125,0.9776629327798415,0.977662727845564,0.9776629323734425,0.009497880935668945,2,6,"[4, 3, 1]"
fake_vigo,3,ghz,15,0.0,45,False,0,"[]",random,3,raw_upper_bound,23,12,success_prob,0.4952392578125,0.9776629327798415,0.977662727845564,0.9776629323734425,0.009497880935668945,2,6,"[4, 3, 1]"
fake_vigo,3,ghz,15,0.0,45,False,0,"[]",random,3,raw_upper_bound,23,13,success_prob,0.4945068359375,0.9776629327798415,0.977662727845564,0.9776629323734425,0.009497880935668945,2,6,"[4, 3, 1]"
fake_vigo,3,ghz,15,0.0,45,False,0,"[]",random,3,raw_upper_bound,23,14,success_prob,0.492919921875,0.9776629327798415,0.977662727845564,0.9776629323734425,0.009497880935668945,2,6,"[4, 3, 1]"
fake_vigo,3,ghz,15,0.0,45,False,0,"[]",random,3,raw_upper_bound,23,15,success_prob,0.4962158203125,0.9776629327798415,0.977662727845564,0.9776629323734425,0.009497880935668945,2,6,"[4, 3, 1]"
fake_vigo,3,ghz,15,0.0,45,False,0,"[]",random,3,raw_upper_bound,23,16,success_prob,0.4986572265625,0.9776629327798415,0.977662727845564,0.9776629323734425,0.009497880935668945,2,6,"[4, 3, 1]"
fake_vigo,3,ghz,15,0.0,45,False,0,"[]",random,3,raw_upper_bound,23,17,success_prob,0.5013427734375,0.9776629327798415,0.977662727845564,0.9776629323734425,0.009497880935668945,2,6,"[4, 3, 1]"
fake_vigo,3,ghz,15,0.0,45,False,0,"[]",random,3,raw_upper_bound,23,18,success_prob,0.503662109375,0.9776629327798415,0.977662727845564,0.9776629323734425,0.009497880935668945,2,6,"[4, 3, 1]"
fake_vigo,3,ghz,15,0.0,45,False,0,"[]",random,3,raw_upper_bound,23,19,success_prob,0.4951171875,0.9776629327798415,0.977662727845564,0.9776629323734425,0.009497880935668945,2,6,"[4, 3, 1]"
fake_vigo,3,ghz,15,0.0,45,False,0,"[]",esp_thermal,3,raw_upper_bound,0,0,success_prob,0.49267578125,0.9830335505790782,0.9830333974772986,0.9830335504588946,0.3376312255859375,2,6,"[3, 1, 0]"
fake_vigo,3,ghz,15,0.0,45,False,0,"[]",esp_thermal,3,raw_upper_bound,0,1,success_prob,0.499267578125,0.9830335505790782,0.9830333974772986,0.9830335504588946,0.3376312255859375,2,6,"[3, 1, 0]"
fake_vigo,3,ghz,15,0.0,45,False,0,"[]",esp_thermal,3,raw_upper_bound,0,2,success_prob,0.4921875,0.9830335505790782,0.9830333974772986,0.9830335504588946,0.3376312255859375,2,6,"[3, 1, 0]"
fake_vigo,3,ghz,15,0.0,45,False,0,"[]",esp_thermal,3,raw_upper_bound,0,3,success_prob,0.4873046875,0.9830335505790782,0.9830333974772986,0.9830335504588946,0.3376312255859375,2,6,"[3, 1, 0]"
fake_vigo,3,ghz,15,0.0,45,False,0,"[]",esp_thermal,3,raw_upper_bound,0,4,success_prob,0.49658203125,0.9830335505790782,0.9830333974772986,0.9830335504588946,0.3376312255859375,2,6,"[3, 1, 0]"
fake_vigo,3,ghz,15,0.0,45,False,0,"[]",esp_thermal,3,raw_upper_bound,0,5,success_prob,0.5030517578125,0.9830335505790782,0.9830333974772986,0.9830335504588946,0.3376312255859375,2,6,"[3, 1, 0]"
fake_vigo,3,ghz,15,0.0,45,False,0,"[]",esp_thermal,3,raw_upper_bound,0,6,success_prob,0.493896484375,0.9830335505790782,0.9830333974772986,0.9830335504588946,0.3376312255859375,2,6,"[3, 1, 0]"
fake_vigo,3,ghz,15,0.0,45,False,0,"[]",esp_thermal,3,raw_upper_bound,0,7,success_prob,0.4910888671875,0.9830335505790782,0.9830333974772986,0.9830335504588946,0.3376312255859375,2,6,"[3, 1, 0]"
fake_vigo,3,ghz,15,0.0,45,False,0,"[]",esp_thermal,3,raw_upper_bound,0,8,success_prob,0.4915771484375,0.9830335505790782,0.9830333974772986,0.9830335504588946,0.3376312255859375,2,6,"[3, 1, 0]"
fake_vigo,3,ghz,15,0.0,45,False,0,"[]",esp_thermal,3,raw_upper_bound,0,9,success_prob,0.49462890625,0.9830335505790782,0.9830333974772986,0.9830335504588946,0.3376312255859375,2,6,"[3, 1, 0]"
fake_vigo,3,ghz,15,0.0,45,False,0,"[]",esp_thermal,3,raw_upper_bound,0,10,success_prob,0.499267578125,0.9830335505790782,0.9830333974772986,0.9830335504588946,0.3376312255859375,2,6,"[3, 1, 0]"
fake_vigo,3,ghz,15,0.0,45,False,0,"[]",esp_thermal,3,raw_upper_bound,0,11,success_prob,0.4993896484375,0.9830335505790782,0.9830333974772986,0.9830335504588946,0.3376312255859375,2,6,"[3, 1, 0]"
fake_vigo,3,ghz,15,0.0,45,False,0,"[]",esp_thermal,3,raw_upper_bound,0,12,success_prob,0.4937744140625,0.9830335505790782,0.9830333974772986,0.9830335504588946,0.3376312255859375,2,6,"[3, 1, 0]"
fake_vigo,3,ghz,15,0.0,45,False,0,"[]",esp_thermal,3,raw_upper_bound,0,13,success_prob,0.493896484375,0.9830335505790782,0.9830333974772986,0.9830335504588946,0.3376312255859375,2,6,"[3, 1, 0]"
fake_vigo,3,ghz,15,0.0,45,False,0,"[]",esp_thermal,3,raw_upper_bound,0,14,success_prob,0.492431640625,0.9830335505790782,0.9830333974772986,0.9830335504588946,0.3376312255859375,2,6,"[3, 1, 0]"
fake_vigo,3,ghz,15,0.0,45,False,0,"[]",esp_thermal,3,raw_upper_bound,0,15,success_prob,0.495361328125,0.9830335505790782,0.9830333974772986,0.9830335504588946,0.3376312255859375,2,6,"[3, 1, 0]"
fake_vigo,3,ghz,15,0.0,45,False,0,"[]",esp_thermal,3,raw_upper_bound,0,16,success_prob,0.4976806640625,0.9830335505790782,0.9830333974772986,0.9830335504588946,0.3376312255859375,2,6,"[3, 1, 0]"
fake_vigo,3,ghz,15,0.0,45,False,0,"[]",esp_thermal,3,raw_upper_bound,0,17,success_prob,0.5013427734375,0.9830335505790782,0.9830333974772986,0.9830335504588946,0.3376312255859375,2,6,"[3, 1, 0]"
fake_vigo,3,ghz,15,0.0,45,False,0,"[]",esp_thermal,3,raw_upper_bound,0,18,success_prob,0.502685546875,0.9830335505790782,0.9830333974772986,0.9830335504588946,0.3376312255859375,2,6,"[3, 1, 0]"
fake_vigo,3,ghz,15,0.0,45,False,0,"[]",esp_thermal,3,raw_upper_bound,0,19,success_prob,0.494384765625,0.9830335505790782,0.9830333974772986,0.9830335504588946,0.3376312255859375,2,6,"[3, 1, 0]"
fake_vigo,3,ghz,15,0.2,45,False,0,"[3]",qiskit_L0,0,raw_upper_bound,0,0,success_prob,0.490966796875,0.9749821509852133,0.9749818698602724,0.974982150513754,0.001486063003540039,2,6,"[0, 1, 2]"
fake_vigo,3,ghz,15,0.2,45,False,0,"[3]",qiskit_L0,0,raw_upper_bound,0,1,success_prob,0.4974365234375,0.9749821509852133,0.9749818698602724,0.974982150513754,0.001486063003540039,2,6,"[0, 1, 2]"
fake_vigo,3,ghz,15,0.2,45,False,0,"[3]",qiskit_L0,0,raw_upper_bound,0,2,success_prob,0.4910888671875,0.9749821509852133,0.9749818698602724,0.974982150513754,0.001486063003540039,2,6,"[0, 1, 2]"
fake_vigo,3,ghz,15,0.2,45,False,0,"[3]",qiskit_L0,0,raw_upper_bound,0,3,success_prob,0.48583984375,0.9749821509852133,0.9749818698602724,0.974982150513754,0.001486063003540039,2,6,"[0, 1, 2]"
fake_vigo,3,ghz,15,0.2,45,False,0,"[3]",qiskit_L0,0,raw_upper_bound,0,4,success_prob,0.4949951171875,0.9749821509852133,0.9749818698602724,0.974982150513754,0.001486063003540039,2,6,"[0, 1, 2]"
fake_vigo,3,ghz,15,0.2,45,False,0,"[3]",qiskit_L0,0,raw_upper_bound,0,5,success_prob,0.5018310546875,0.9749821509852133,0.9749818698602724,0.974982150513754,0.001486063003540039,2,6,"[0, 1, 2]"
fake_vigo,3,ghz,15,0.2,45,False,0,"[3]",qiskit_L0,0,raw_upper_bound,0,6,success_prob,0.4930419921875,0.9749821509852133,0.9749818698602724,0.974982150513754,0.001486063003540039,2,6,"[0, 1, 2]"
fake_vigo,3,ghz,15,0.2,45,False,0,"[3]",qiskit_L0,0,raw_upper_bound,0,7,success_prob,0.489990234375,0.9749821509852133,0.9749818698602724,0.974982150513754,0.001486063003540039,2,6,"[0, 1, 2]"
fake_vigo,3,ghz,15,0.2,45,False,0,"[3]",qiskit_L0,0,raw_upper_bound,0,8,success_prob,0.4906005859375,0.9749821509852133,0.9749818698602724,0.974982150513754,0.001486063003540039,2,6,"[0, 1, 2]"
fake_vigo,3,ghz,15,0.2,45,False,0,"[3]",qiskit_L0,0,raw_upper_bound,0,9,success_prob,0.493896484375,0.9749821509852133,0.9749818698602724,0.974982150513754,0.001486063003540039,2,6,"[0, 1, 2]"
fake_vigo,3,ghz,15,0.2,45,False,0,"[3]",qiskit_L0,0,raw_upper_bound,0,10,success_prob,0.4984130859375,0.9749821509852133,0.9749818698602724,0.974982150513754,0.001486063003540039,2,6,"[0, 1, 2]"
fake_vigo,3,ghz,15,0.2,45,False,0,"[3]",qiskit_L0,0,raw_upper_bound,0,11,success_prob,0.49755859375,0.9749821509852133,0.9749818698602724,0.974982150513754,0.001486063003540039,2,6,"[0, 1, 2]"
fake_vigo,3,ghz,15,0.2,45,False,0,"[3]",qiskit_L0,0,raw_upper_bound,0,12,success_prob,0.4925537109375,0.9749821509852133,0.9749818698602724,0.974982150513754,0.001486063003540039,2,6,"[0, 1, 2]"
fake_vigo,3,ghz,15,0.2,45,False,0,"[3]",qiskit_L0,0,raw_upper_bound,0,13,success_prob,0.4923095703125,0.9749821509852133,0.9749818698602724,0.974982150513754,0.001486063003540039,2,6,"[0, 1, 2]"
fake_vigo,3,ghz,15,0.2,45,False,0,"[3]",qiskit_L0,0,raw_upper_bound,0,14,success_prob,0.491455078125,0.9749821509852133,0.9749818698602724,0.974982150513754,0.001486063003540039,2,6,"[0, 1, 2]"
fake_vigo,3,ghz,15,0.2,45,False,0,"[3]",qiskit_L0,0,raw_upper_bound,0,15,success_prob,0.4945068359375,0.9749821509852133,0.9749818698602724,0.974982150513754,0.001486063003540039,2,6,"[0, 1, 2]"
fake_vigo,3,ghz,15,0.2,45,False,0,"[3]",qiskit_L0,0,raw_upper_bound,0,16,success_prob,0.495849609375,0.9749821509852133,0.9749818698602724,0.974982150513754,0.001486063003540039,2,6,"[0, 1, 2]"
fake_vigo,3,ghz,15,0.2,45,False,0,"[3]",qiskit_L0,0,raw_upper_bound,0,17,success_prob,0.5,0.9749821509852133,0.9749818698602724,0.974982150513754,0.001486063003540039,2,6,"[0, 1, 2]"
fake_vigo,3,ghz,15,0.2,45,False,0,"[3]",qiskit_L0,0,raw_upper_bound,0,18,success_prob,0.5013427734375,0.9749821509852133,0.9749818698602724,0.974982150513754,0.001486063003540039,2,6,"[0, 1, 2]"
fake_vigo,3,ghz,15,0.2,45,False,0,"[3]",qiskit_L0,0,raw_upper_bound,0,19,success_prob,0.4931640625,0.9749821509852133,0.9749818698602724,0.974982150513754,0.001486063003540039,2,6,"[0, 1, 2]"
fake_vigo,3,ghz,15,0.2,45,False,0,"[3]",qiskit_L1,1,raw_upper_bound,0,0,success_prob,0.490966796875,0.9749821509852133,0.9749818698602724,0.974982150513754,0.002535581588745117,2,6,"[0, 1, 2]"
fake_vigo,3,ghz,15,0.2,45,False,0,"[3]",qiskit_L1,1,raw_upper_bound,0,1,success_prob,0.4974365234375,0.9749821509852133,0.9749818698602724,0.974982150513754,0.002535581588745117,2,6,"[0, 1, 2]"
fake_vigo,3,ghz,15,0.2,45,False,0,"[3]",qiskit_L1,1,raw_upper_bound,0,2,success_prob,0.4910888671875,0.9749821509852133,0.9749818698602724,0.974982150513754,0.002535581588745117,2,6,"[0, 1, 2]"
fake_vigo,3,ghz,15,0.2,45,False,0,"[3]",qiskit_L1,1,raw_upper_bound,0,3,success_prob,0.48583984375,0.9749821509852133,0.9749818698602724,0.974982150513754,0.002535581588745117,2,6,"[0, 1, 2]"
fake_vigo,3,ghz,15,0.2,45,False,0,"[3]",qiskit_L1,1,raw_upper_bound,0,4,success_prob,0.4949951171875,0.9749821509852133,0.9749818698602724,0.974982150513754,0.002535581588745117,2,6,"[0, 1, 2]"
fake_vigo,3,ghz,15,0.2,45,False,0,"[3]",qiskit_L1,1,raw_upper_bound,0,5,success_prob,0.5018310546875,0.9749821509852133,0.9749818698602724,0.974982150513754,0.002535581588745117,2,6,"[0, 1, 2]"
fake_vigo,3,ghz,15,0.2,45,False,0,"[3]",qiskit_L1,1,raw_upper_bound,0,6,success_prob,0.4930419921875,0.9749821509852133,0.9749818698602724,0.974982150513754,0.002535581588745117,2,6,"[0, 1, 2]"
fake_vigo,3,ghz,15,0.2,45,False,0,"[3]",qiskit_L1,1,raw_upper_bound,0,7,success_prob,0.489990234375,0.9749821509852133,0.9749818698602724,0.974982150513754,0.002535581588745117,2,6,"[0, 1, 2]"
fake_vigo,3,ghz,15,0.2,45,False,0,"[3]",qiskit_L1,1,raw_upper_bound,0,8,success_prob,0.4906005859375,0.9749821509852133,0.9749818698602724,0.974982150513754,0.002535581588745117,2,6,"[0, 1, 2]"
fake_vigo,3,ghz,15,0.2,45,False,0,"[3]",qiskit_L1,1,raw_upper_bound,0,9,success_prob,0.493896484375,0.9749821509852133,0.9749818698602724,0.974982150513754,0.002535581588745117,2,6,"[0, 1, 2]"
fake_vigo,3,ghz,15,0.2,45,False,0,"[3]",qiskit_L1,1,raw_upper_bound,0,10,success_prob,0.4984130859375,0.9749821509852133,0.9749818698602724,0.974982150513754,0.002535581588745117,2,6,"[0, 1, 2]"
fake_vigo,3,ghz,15,0.2,45,False,0,"[3]",qiskit_L1,1,raw_upper_bound,0,11,success_prob,0.49755859375,0.9749821509852133,0.9749818698602724,0.974982150513754,0.002535581588745117,2,6,"[0, 1, 2]"
fake_vigo,3,ghz,15,0.2,45,False,0,"[3]",qiskit_L1,1,raw_upper_bound,0,12,success_prob,0.4925537109375,0.9749821509852133,0.9749818698602724,0.974982150513754,0.002535581588745117,2,6,"[0, 1, 2]"
fake_vigo,3,ghz,15,0.2,45,False,0,"[3]",qiskit_L1,1,raw_upper_bound,0,13,success_prob,0.4923095703125,0.9749821509852133,0.9749818698602724,0.974982150513754,0.002535581588745117,2,6,"[0, 1, 2]"
fake_vigo,3,ghz,15,0.2,45,False,0,"[3]",qiskit_L1,1,raw_upper_bound,0,14,success_prob,0.491455078125,0.9749821509852133,0.9749818698602724,0.974982150513754,0.002535581588745117,2,6,"[0, 1, 2]"
fake_vigo,3,ghz,15,0.2,45,False,0,"[3]",qiskit_L1,1,raw_upper_bound,0,15,success_prob,0.4945068359375,0.9749821509852133,0.9749818698602724,0.974982150513754,0.002535581588745117,2,6,"[0, 1, 2]"
fake_vigo,3,ghz,15,0.2,45,False,0,"[3]",qiskit_L1,1,raw_upper_bound,0,16,success_prob,0.495849609375,0.9749821509852133,0.9749818698602724,0.974982150513754,0.002535581588745117,2,6,"[0, 1, 2]"
fake_vigo,3,ghz,15,0.2,45,False,0,"[3]",qiskit_L1,1,raw_upper_bound,0,17,success_prob,0.5,0.9749821509852133,0.9749818698602724,0.974982150513754,0.002535581588745117,2,6,"[0, 1, 2]"
fake_vigo,3,ghz,15,0.2,45,False,0,"[3]",qiskit_L1,1,raw_upper_bound,0,18,success_prob,0.5013427734375,0.9749821509852133,0.9749818698602724,0.974982150513754,0.002535581588745117,2,6,"[0, 1, 2]"
fake_vigo,3,ghz,15,0.2,45,False,0,"[3]",qiskit_L1,1,raw_upper_bound,0,19,success_prob,0.4931640625,0.9749821509852133,0.9749818698602724,0.974982150513754,0.002535581588745117,2,6,"[0, 1, 2]"
fake_vigo,3,ghz,15,0.2,45,False,0,"[3]",qiskit_L3,3,raw_upper_bound,0,0,success_prob,0.4932861328125,0.9804371441399493,0.9746821422054331,0.9804187487283189,0.0036110877990722656,2,6,"[1, 3, 4]"
fake_vigo,3,ghz,15,0.2,45,False,0,"[3]",qiskit_L3,3,raw_upper_bound,0,1,success_prob,0.50048828125,0.9804371441399493,0.9746821422054331,0.9804187487283189,0.0036110877990722656,2,6,"[1, 3, 4]"
fake_vigo,3,ghz,15,0.2,45,False,0,"[3]",qiskit_L3,3,raw_upper_bound,0,2,success_prob,0.4937744140625,0.9804371441399493,0.9746821422054331,0.9804187487283189,0.0036110877990722656,2,6,"[1, 3, 4]"
fake_vigo,3,ghz,15,0.2,45,False,0,"[3]",qiskit_L3,3,raw_upper_bound,0,3,success_prob,0.488037109375,0.9804371441399493,0.9746821422054331,0.9804187487283189,0.0036110877990722656,2,6,"[1, 3, 4]"
fake_vigo,3,ghz,15,0.2,45,False,0,"[3]",qiskit_L3,3,raw_upper_bound,0,4,success_prob,0.4964599609375,0.9804371441399493,0.9746821422054331,0.9804187487283189,0.0036110877990722656,2,6,"[1, 3, 4]"
fake_vigo,3,ghz,15,0.2,45,False,0,"[3]",qiskit_L3,3,raw_upper_bound,0,5,success_prob,0.5040283203125,0.9804371441399493,0.9746821422054331,0.9804187487283189,0.0036110877990722656,2,6,"[1, 3, 4]"
fake_vigo,3,ghz,15,0.2,45,False,0,"[3]",qiskit_L3,3,raw_upper_bound,0,6,success_prob,0.4949951171875,0.9804371441399493,0.9746821422054331,0.9804187487283189,0.0036110877990722656,2,6,"[1, 3, 4]"
fake_vigo,3,ghz,15,0.2,45,False,0,"[3]",qiskit_L3,3,raw_upper_bound,0,7,success_prob,0.4925537109375,0.9804371441399493,0.9746821422054331,0.9804187487283189,0.0036110877990722656,2,6,"[1, 3, 4]"
fake_vigo,3,ghz,15,0.2,45,False,0,"[3]",qiskit_L3,3,raw_upper_bound,0,8,success_prob,0.492919921875,0.9804371441399493,0.9746821422054331,0.9804187487283189,0.0036110877990722656,2,6,"[1, 3, 4]"
fake_vigo,3,ghz,15,0.2,45,False,0,"[3]",qiskit_L3,3,raw_upper_bound,0,9,success_prob,0.4952392578125,0.9804371441399493,0.9746821422054331,0.9804187487283189,0.0036110877990722656,2,6,"[1, 3, 4]"
fake_vigo,3,ghz,15,0.2,45,False,0,"[3]",qiskit_L3,3,raw_upper_bound,0,10,success_prob,0.500244140625,0.9804371441399493,0.9746821422054331,0.9804187487283189,0.0036110877990722656,2,6,"[1, 3, 4]"
fake_vigo,3,ghz,15,0.2,45,False,0,"[3]",qiskit_L3,3,raw_upper_bound,0,11,success_prob,0.4996337890625,0.9804371441399493,0.9746821422054331,0.9804187487283189,0.0036110877990722656,2,6,"[1, 3, 4]"
fake_vigo,3,ghz,15,0.2,45,False,0,"[3]",qiskit_L3,3,raw_upper_bound,0,12,success_prob,0.4949951171875,0.9804371441399493,0.9746821422054331,0.9804187487283189,0.0036110877990722656,2,6,"[1, 3, 4]"
fake_vigo,3,ghz,15,0.2,45,False,0,"[3]",qiskit_L3,3,raw_upper_bound,0,13,success_prob,0.4942626953125,0.9804371441399493,0.9746821422054331,0.9804187487283189,0.0036110877990722656,2,6,"[1, 3, 4]"
fake_vigo,3,ghz,15,0.2,45,False,0,"[3]",qiskit_L3,3,raw_upper_bound,0,14,success_prob,0.492919921875,0.9804371441399493,0.9746821422054331,0.9804187487283189,0.0036110877990722656,2,6,"[1, 3, 4]"
fake_vigo,3,ghz,15,0.2,45,False,0,"[3]",qiskit_L3,3,raw_upper_bound,0,15,success_prob,0.49658203125,0.9804371441399493,0.9746821422054331,0.9804187487283189,0.0036110877990722656,2,6,"[1, 3, 4]"
fake_vigo,3,ghz,15,0.2,45,False,0,"[3]",qiskit_L3,3,raw_upper_bound,0,16,success_prob,0.4979248046875,0.9804371441399493,0.9746821422054331,0.9804187487283189,0.0036110877990722656,2,6,"[1, 3, 4]"
fake_vigo,3,ghz,15,0.2,45,False,0,"[3]",qiskit_L3,3,raw_upper_bound,0,17,success_prob,0.501708984375,0.9804371441399493,0.9746821422054331,0.9804187487283189,0.0036110877990722656,2,6,"[1, 3, 4]"
fake_vigo,3,ghz,15,0.2,45,False,0,"[3]",qiskit_L3,3,raw_upper_bound,0,18,success_prob,0.50390625,0.9804371441399493,0.9746821422054331,0.9804187487283189,0.0036110877990722656,2,6,"[1, 3, 4]"
fake_vigo,3,ghz,15,0.2,45,False,0,"[3]",qiskit_L3,3,raw_upper_bound,0,19,success_prob,0.4959716796875,0.9804371441399493,0.9746821422054331,0.9804187487283189,0.0036110877990722656,2,6,"[1, 3, 4]"
fake_vigo,3,ghz,15,0.2,45,False,0,"[3]",qiskit_L3_best3,3,raw_upper_bound,0,0,success_prob,0.4932861328125,0.9804371441399493,0.9746821422054331,0.9804187487283189,0.009799957275390625,2,6,"[1, 3, 4]"
fake_vigo,3,ghz,15,0.2,45,False,0,"[3]",qiskit_L3_best3,3,raw_upper_bound,0,1,success_prob,0.50048828125,0.9804371441399493,0.9746821422054331,0.9804187487283189,0.009799957275390625,2,6,"[1, 3, 4]"
fake_vigo,3,ghz,15,0.2,45,False,0,"[3]",qiskit_L3_best3,3,raw_upper_bound,0,2,success_prob,0.4937744140625,0.9804371441399493,0.9746821422054331,0.9804187487283189,0.009799957275390625,2,6,"[1, 3, 4]"
fake_vigo,3,ghz,15,0.2,45,False,0,"[3]",qiskit_L3_best3,3,raw_upper_bound,0,3,success_prob,0.488037109375,0.9804371441399493,0.9746821422054331,0.9804187487283189,0.009799957275390625,2,6,"[1, 3, 4]"
fake_vigo,3,ghz,15,0.2,45,False,0,"[3]",qiskit_L3_best3,3,raw_upper_bound,0,4,success_prob,0.4964599609375,0.9804371441399493,0.9746821422054331,0.9804187487283189,0.009799957275390625,2,6,"[1, 3, 4]"
fake_vigo,3,ghz,15,0.2,45,False,0,"[3]",qiskit_L3_best3,3,raw_upper_bound,0,5,success_prob,0.5040283203125,0.9804371441399493,0.9746821422054331,0.9804187487283189,0.009799957275390625,2,6,"[1, 3, 4]"
fake_vigo,3,ghz,15,0.2,45,False,0,"[3]",qiskit_L3_best3,3,raw_upper_bound,0,6,success_prob,0.4949951171875,0.9804371441399493,0.9746821422054331,0.9804187487283189,0.009799957275390625,2,6,"[1, 3, 4]"
fake_vigo,3,ghz,15,0.2,45,False,0,"[3]",qiskit_L3_best3,3,raw_upper_bound,0,7,success_prob,0.4925537109375,0.9804371441399493,0.9746821422054331,0.9804187487283189,0.009799957275390625,2,6,"[1, 3, 4]"
fake_vigo,3,ghz,15,0.2,45,False,0,"[3]",qiskit_L3_best3,3,raw_upper_bound,0,8,success_prob,0.492919921875,0.9804371441399493,0.9746821422054331,0.9804187487283189,0.009799957275390625,2,6,"[1, 3, 4]"
fake_vigo,3,ghz,15,0.2,45,False,0,"[3]",qiskit_L3_best3,3,raw_upper_bound,0,9,success_prob,0.4952392578125,0.9804371441399493,0.9746821422054331,0.9804187487283189,0.009799957275390625,2,6,"[1, 3, 4]"
fake_vigo,3,ghz,15,0.2,45,False,0,"[3]",qiskit_L3_best3,3,raw_upper_bound,0,10,success_prob,0.500244140625,0.9804371441399493,0.9746821422054331,0.9804187487283189,0.009799957275390625,2,6,"[1, 3, 4]"
fake_vigo,3,ghz,15,0.2,45,False,0,"[3]",qiskit_L3_best3,3,raw_upper_bound,0,11,success_prob,0.4996337890625,0.9804371441399493,0.9746821422054331,0.9804187487283189,0.009799957275390625,2,6,"[1, 3, 4]"
fake_vigo,3,ghz,15,0.2,45,False,0,"[3]",qiskit_L3_best3,3,raw_upper_bound,0,12,success_prob,0.4949951171875,0.9804371441399493,0.9746821422054331,0.9804187487283189,0.009799957275390625,2,6,"[1, 3, 4]"
fake_vigo,3,ghz,15,0.2,45,False,0,"[3]",qiskit_L3_best3,3,raw_upper_bound,0,13,success_prob,0.4942626953125,0.9804371441399493,0.9746821422054331,0.9804187487283189,0.009799957275390625,2,6,"[1, 3, 4]"
fake_vigo,3,ghz,15,0.2,45,False,0,"[3]",qiskit_L3_best3,3,raw_upper_bound,0,14,success_prob,0.492919921875,0.9804371441399493,0.9746821422054331,0.9804187487283189,0.009799957275390625,2,6,"[1, 3, 4]"
fake_vigo,3,ghz,15,0.2,45,False,0,"[3]",qiskit_L3_best3,3,raw_upper_bound,0,15,success_prob,0.49658203125,0.9804371441399493,0.9746821422054331,0.9804187487283189,0.009799957275390625,2,6,"[1, 3, 4]"
fake_vigo,3,ghz,15,0.2,45,False,0,"[3]",qiskit_L3_best3,3,raw_upper_bound,0,16,success_prob,0.4979248046875,0.9804371441399493,0.9746821422054331,0.9804187487283189,0.009799957275390625,2,6,"[1, 3, 4]"
fake_vigo,3,ghz,15,0.2,45,False,0,"[3]",qiskit_L3_best3,3,raw_upper_bound,0,17,success_prob,0.501708984375,0.9804371441399493,0.9746821422054331,0.9804187487283189,0.009799957275390625,2,6,"[1, 3, 4]"
fake_vigo,3,ghz,15,0.2,45,False,0,"[3]",qiskit_L3_best3,3,raw_upper_bound,0,18,success_prob,0.50390625,0.9804371441399493,0.9746821422054331,0.9804187487283189,0.009799957275390625,2,6,"[1, 3, 4]"
fake_vigo,3,ghz,15,0.2,45,False,0,"[3]",qiskit_L3_best3,3,raw_upper_bound,0,19,success_prob,0.4959716796875,0.9804371441399493,0.9746821422054331,0.9804187487283189,0.009799957275390625,2,6,"[1, 3, 4]"
fake_vigo,3,ghz,15,0.2,45,False,0,"[3]",esp_no_thermal,3,raw_upper_bound,0,0,success_prob,0.49267578125,0.9830335505790782,0.9772633608207631,0.9830280132527017,0.24322080612182617,2,6,"[3, 1, 0]"
fake_vigo,3,ghz,15,0.2,45,False,0,"[3]",esp_no_thermal,3,raw_upper_bound,0,1,success_prob,0.499267578125,0.9830335505790782,0.9772633608207631,0.9830280132527017,0.24322080612182617,2,6,"[3, 1, 0]"
fake_vigo,3,ghz,15,0.2,45,False,0,"[3]",esp_no_thermal,3,raw_upper_bound,0,2,success_prob,0.4921875,0.9830335505790782,0.9772633608207631,0.9830280132527017,0.24322080612182617,2,6,"[3, 1, 0]"
fake_vigo,3,ghz,15,0.2,45,False,0,"[3]",esp_no_thermal,3,raw_upper_bound,0,3,success_prob,0.4873046875,0.9830335505790782,0.9772633608207631,0.9830280132527017,0.24322080612182617,2,6,"[3, 1, 0]"
fake_vigo,3,ghz,15,0.2,45,False,0,"[3]",esp_no_thermal,3,raw_upper_bound,0,4,success_prob,0.49658203125,0.9830335505790782,0.9772633608207631,0.9830280132527017,0.24322080612182617,2,6,"[3, 1, 0]"
fake_vigo,3,ghz,15,0.2,45,False,0,"[3]",esp_no_thermal,3,raw_upper_bound,0,5,success_prob,0.5030517578125,0.9830335505790782,0.9772633608207631,0.9830280132527017,0.24322080612182617,2,6,"[3, 1, 0]"
fake_vigo,3,ghz,15,0.2,45,False,0,"[3]",esp_no_thermal,3,raw_upper_bound,0,6,success_prob,0.493896484375,0.9830335505790782,0.9772633608207631,0.9830280132527017,0.24322080612182617,2,6,"[3, 1, 0]"
fake_vigo,3,ghz,15,0.2,45,False,0,"[3]",esp_no_thermal,3,raw_upper_bound,0,7,success_prob,0.4910888671875,0.9830335505790782,0.9772633608207631,0.9830280132527017,0.24322080612182617,2,6,"[3, 1, 0]"
fake_vigo,3,ghz,15,0.2,45,False,0,"[3]",esp_no_thermal,3,raw_upper_bound,0,8,success_prob,0.4915771484375,0.9830335505790782,0.9772633608207631,0.9830280132527017,0.24322080612182617,2,6,"[3, 1, 0]"
fake_vigo,3,ghz,15,0.2,45,False,0,"[3]",esp_no_thermal,3,raw_upper_bound,0,9,success_prob,0.49462890625,0.9830335505790782,0.9772633608207631,0.9830280132527017,0.24322080612182617,2,6,"[3, 1, 0]"
fake_vigo,3,ghz,15,0.2,45,False,0,"[3]",esp_no_thermal,3,raw_upper_bound,0,10,success_prob,0.499267578125,0.9830335505790782,0.9772633608207631,0.9830280132527017,0.24322080612182617,2,6,"[3, 1, 0]"
fake_vigo,3,ghz,15,0.2,45,False,0,"[3]",esp_no_thermal,3,raw_upper_bound,0,11,success_prob,0.4993896484375,0.9830335505790782,0.9772633608207631,0.9830280132527017,0.24322080612182617,2,6,"[3, 1, 0]"
fake_vigo,3,ghz,15,0.2,45,False,0,"[3]",esp_no_thermal,3,raw_upper_bound,0,12,success_prob,0.4937744140625,0.9830335505790782,0.9772633608207631,0.9830280132527017,0.24322080612182617,2,6,"[3, 1, 0]"
fake_vigo,3,ghz,15,0.2,45,False,0,"[3]",esp_no_thermal,3,raw_upper_bound,0,13,success_prob,0.493896484375,0.9830335505790782,0.9772633608207631,0.9830280132527017,0.24322080612182617,2,6,"[3, 1, 0]"
fake_vigo,3,ghz,15,0.2,45,False,0,"[3]",esp_no_thermal,3,raw_upper_bound,0,14,success_prob,0.492431640625,0.9830335505790782,0.9772633608207631,0.9830280132527017,0.24322080612182617,2,6,"[3, 1, 0]"
fake_vigo,3,ghz,15,0.2,45,False,0,"[3]",esp_no_thermal,3,raw_upper_bound,0,15,success_prob,0.495361328125,0.9830335505790782,0.9772633608207631,0.9830280132527017,0.24322080612182617,2,6,"[3, 1, 0]"
fake_vigo,3,ghz,15,0.2,45,False,0,"[3]",esp_no_thermal,3,raw_upper_bound,0,16,success_prob,0.4976806640625,0.9830335505790782,0.9772633608207631,0.9830280132527017,0.24322080612182617,2,6,"[3, 1, 0]"
fake_vigo,3,ghz,15,0.2,45,False,0,"[3]",esp_no_thermal,3,raw_upper_bound,0,17,success_prob,0.5013427734375,0.9830335505790782,0.9772633608207631,0.9830280132527017,0.24322080612182617,2,6,"[3, 1, 0]"
fake_vigo,3,ghz,15,0.2,45,False,0,"[3]",esp_no_thermal,3,raw_upper_bound,0,18,success_prob,0.502685546875,0.9830335505790782,0.9772633608207631,0.9830280132527017,0.24322080612182617,2,6,"[3, 1, 0]"
fake_vigo,3,ghz,15,0.2,45,False,0,"[3]",esp_no_thermal,3,raw_upper_bound,0,19,success_prob,0.494384765625,0.9830335505790782,0.9772633608207631,0.9830280132527017,0.24322080612182617,2,6,"[3, 1, 0]"
fake_vigo,3,ghz,15,0.2,45,False,0,"[3]",esp_ablation,1,raw_upper_bound,0,0,success_prob,0.49267578125,0.9830335505790782,0.9772633608207631,0.9830280132527017,0.1542506217956543,2,6,"[3, 1, 0]"
fake_vigo,3,ghz,15,0.2,45,False,0,"[3]",esp_ablation,1,raw_upper_bound,0,1,success_prob,0.499267578125,0.9830335505790782,0.9772633608207631,0.9830280132527017,0.1542506217956543,2,6,"[3, 1, 0]"
fake_vigo,3,ghz,15,0.2,45,False,0,"[3]",esp_ablation,1,raw_upper_bound,0,2,success_prob,0.4921875,0.9830335505790782,0.9772633608207631,0.9830280132527017,0.1542506217956543,2,6,"[3, 1, 0]"
fake_vigo,3,ghz,15,0.2,45,False,0,"[3]",esp_ablation,1,raw_upper_bound,0,3,success_prob,0.4873046875,0.9830335505790782,0.9772633608207631,0.9830280132527017,0.1542506217956543,2,6,"[3, 1, 0]"
fake_vigo,3,ghz,15,0.2,45,False,0,"[3]",esp_ablation,1,raw_upper_bound,0,4,success_prob,0.49658203125,0.9830335505790782,0.9772633608207631,0.9830280132527017,0.1542506217956543,2,6,"[3, 1, 0]"
fake_vigo,3,ghz,15,0.2,45,False,0,"[3]",esp_ablation,1,raw_upper_bound,0,5,success_prob,0.5030517578125,0.9830335505790782,0.9772633608207631,0.9830280132527017,0.1542506217956543,2,6,"[3, 1, 0]"
fake_vigo,3,ghz,15,0.2,45,False,0,"[3]",esp_ablation,1,raw_upper_bound,0,6,success_prob,0.493896484375,0.9830335505790782,0.9772633608207631,0.9830280132527017,0.1542506217956543,2,6,"[3, 1, 0]"
fake_vigo,3,ghz,15,0.2,45,False,0,"[3]",esp_ablation,1,raw_upper_bound,0,7,success_prob,0.4910888671875,0.9830335505790782,0.9772633608207631,0.9830280132527017,0.1542506217956543,2,6,"[3, 1, 0]"
fake_vigo,3,ghz,15,0.2,45,False,0,"[3]",esp_ablation,1,raw_upper_bound,0,8,success_prob,0.4915771484375,0.9830335505790782,0.9772633608207631,0.9830280132527017,0.1542506217956543,2,6,"[3, 1, 0]"
fake_vigo,3,ghz,15,0.2,45,False,0,"[3]",esp_ablation,1,raw_upper_bound,0,9,success_prob,0.49462890625,0.9830335505790782,0.9772633608207631,0.9830280132527017,0.1542506217956543,2,6,"[3, 1, 0]"
fake_vigo,3,ghz,15,0.2,45,False,0,"[3]",esp_ablation,1,raw_upper_bound,0,10,success_prob,0.499267578125,0.9830335505790782,0.9772633608207631,0.9830280132527017,0.1542506217956543,2,6,"[3, 1, 0]"
fake_vigo,3,ghz,15,0.2,45,False,0,"[3]",esp_ablation,1,raw_upper_bound,0,11,success_prob,0.4993896484375,0.9830335505790782,0.9772633608207631,0.9830280132527017,0.1542506217956543,2,6,"[3, 1, 0]"
fake_vigo,3,ghz,15,0.2,45,False,0,"[3]",esp_ablation,1,raw_upper_bound,0,12,success_prob,0.4937744140625,0.9830335505790782,0.9772633608207631,0.9830280132527017,0.1542506217956543,2,6,"[3, 1, 0]"
fake_vigo,3,ghz,15,0.2,45,False,0,"[3]",esp_ablation,1,raw_upper_bound,0,13,success_prob,0.493896484375,0.9830335505790782,0.9772633608207631,0.9830280132527017,0.1542506217956543,2,6,"[3, 1, 0]"
fake_vigo,3,ghz,15,0.2,45,False,0,"[3]",esp_ablation,1,raw_upper_bound,0,14,success_prob,0.492431640625,0.9830335505790782,0.9772633608207631,0.9830280132527017,0.1542506217956543,2,6,"[3, 1, 0]"
fake_vigo,3,ghz,15,0.2,45,False,0,"[3]",esp_ablation,1,raw_upper_bound,0,15,success_prob,0.495361328125,0.9830335505790782,0.9772633608207631,0.9830280132527017,0.1542506217956543,2,6,"[3, 1, 0]"
fake_vigo,3,ghz,15,0.2,45,False,0,"[3]",esp_ablation,1,raw_upper_bound,0,16,success_prob,0.4976806640625,0.9830335505790782,0.9772633608207631,0.9830280132527017,0.1542506217956543,2,6,"[3, 1, 0]"
fake_vigo,3,ghz,15,0.2,45,False,0,"[3]",esp_ablation,1,raw_upper_bound,0,17,success_prob,0.5013427734375,0.9830335505790782,0.9772633608207631,0.9830280132527017,0.1542506217956543,2,6,"[3, 1, 0]"
fake_vigo,3,ghz,15,0.2,45,False,0,"[3]",esp_ablation,1,raw_upper_bound,0,18,success_prob,0.502685546875,0.9830335505790782,0.9772633608207631,0.9830280132527017,0.1542506217956543,2,6,"[3, 1, 0]"
fake_vigo,3,ghz,15,0.2,45,False,0,"[3]",esp_ablation,1,raw_upper_bound,0,19,success_prob,0.494384765625,0.9830335505790782,0.9772633608207631,0.9830280132527017,0.1542506217956543,2,6,"[3, 1, 0]"
fake_vigo,3,ghz,15,0.2,45,False,0,"[3]",random,3,raw_upper_bound,0,0,success_prob,0.490966796875,0.9749821509852133,0.9749818698602724,0.974982150513754,0.01353597640991211,2,6,"[0, 1, 2]"
fake_vigo,3,ghz,15,0.2,45,False,0,"[3]",random,3,raw_upper_bound,0,1,success_prob,0.4974365234375,0.9749821509852133,0.9749818698602724,0.974982150513754,0.01353597640991211,2,6,"[0, 1, 2]"
fake_vigo,3,ghz,15,0.2,45,False,0,"[3]",random,3,raw_upper_bound,0,2,success_prob,0.4910888671875,0.9749821509852133,0.9749818698602724,0.974982150513754,0.01353597640991211,2,6,"[0, 1, 2]"
fake_vigo,3,ghz,15,0.2,45,False,0,"[3]",random,3,raw_upper_bound,0,3,success_prob,0.48583984375,0.9749821509852133,0.9749818698602724,0.974982150513754,0.01353597640991211,2,6,"[0, 1, 2]"
fake_vigo,3,ghz,15,0.2,45,False,0,"[3]",random,3,raw_upper_bound,0,4,success_prob,0.4949951171875,0.9749821509852133,0.9749818698602724,0.974982150513754,0.01353597640991211,2,6,"[0, 1, 2]"
fake_vigo,3,ghz,15,0.2,45,False,0,"[3]",random,3,raw_upper_bound,0,5,success_prob,0.5018310546875,0.9749821509852133,0.9749818698602724,0.974982150513754,0.01353597640991211,2,6,"[0, 1, 2]"
fake_vigo,3,ghz,15,0.2,45,False,0,"[3]",random,3,raw_upper_bound,0,6,success_prob,0.4930419921875,0.9749821509852133,0.9749818698602724,0.974982150513754,0.01353597640991211,2,6,"[0, 1, 2]"
fake_vigo,3,ghz,15,0.2,45,False,0,"[3]",random,3,raw_upper_bound,0,7,success_prob,0.489990234375,0.9749821509852133,0.9749818698602724,0.974982150513754,0.01353597640991211,2,6,"[0, 1, 2]"
fake_vigo,3,ghz,15,0.2,45,False,0,"[3]",random,3,raw_upper_bound,0,8,success_prob,0.4906005859375,0.9749821509852133,0.9749818698602724,0.974982150513754,0.01353597640991211,2,6,"[0, 1, 2]"
fake_vigo,3,ghz,15,0.2,45,False,0,"[3]",random,3,raw_upper_bound,0,9,success_prob,0.493896484375,0.9749821509852133,0.9749818698602724,0.974982150513754,0.01353597640991211,2,6,"[0, 1, 2]"
fake_vigo,3,ghz,15,0.2,45,False,0,"[3]",random,3,raw_upper_bound,0,10,success_prob,0.4984130859375,0.9749821509852133,0.9749818698602724,0.974982150513754,0.01353597640991211,2,6,"[0, 1, 2]"
fake_vigo,3,ghz,15,0.2,45,False,0,"[3]",random,3,raw_upper_bound,0,11,success_prob,0.49755859375,0.9749821509852133,0.9749818698602724,0.974982150513754,0.01353597640991211,2,6,"[0, 1, 2]"
fake_vigo,3,ghz,15,0.2,45,False,0,"[3]",random,3,raw_upper_bound,0,12,success_prob,0.4925537109375,0.9749821509852133,0.9749818698602724,0.974982150513754,0.01353597640991211,2,6,"[0, 1, 2]"
fake_vigo,3,ghz,15,0.2,45,False,0,"[3]",random,3,raw_upper_bound,0,13,success_prob,0.4923095703125,0.9749821509852133,0.9749818698602724,0.974982150513754,0.01353597640991211,2,6,"[0, 1, 2]"
fake_vigo,3,ghz,15,0.2,45,False,0,"[3]",random,3,raw_upper_bound,0,14,success_prob,0.491455078125,0.9749821509852133,0.9749818698602724,0.974982150513754,0.01353597640991211,2,6,"[0, 1, 2]"
fake_vigo,3,ghz,15,0.2,45,False,0,"[3]",random,3,raw_upper_bound,0,15,success_prob,0.4945068359375,0.9749821509852133,0.9749818698602724,0.974982150513754,0.01353597640991211,2,6,"[0, 1, 2]"
fake_vigo,3,ghz,15,0.2,45,False,0,"[3]",random,3,raw_upper_bound,0,16,success_prob,0.495849609375,0.9749821509852133,0.9749818698602724,0.974982150513754,0.01353597640991211,2,6,"[0, 1, 2]"
fake_vigo,3,ghz,15,0.2,45,False,0,"[3]",random,3,raw_upper_bound,0,17,success_prob,0.5,0.9749821509852133,0.9749818698602724,0.974982150513754,0.01353597640991211,2,6,"[0, 1, 2]"
fake_vigo,3,ghz,15,0.2,45,False,0,"[3]",random,3,raw_upper_bound,0,18,success_prob,0.5013427734375,0.9749821509852133,0.9749818698602724,0.974982150513754,0.01353597640991211,2,6,"[0, 1, 2]"
fake_vigo,3,ghz,15,0.2,45,False,0,"[3]",random,3,raw_upper_bound,0,19,success_prob,0.4931640625,0.9749821509852133,0.9749818698602724,0.974982150513754,0.01353597640991211,2,6,"[0, 1, 2]"
fake_vigo,3,ghz,15,0.2,45,False,0,"[3]",random,3,raw_upper_bound,1,0,success_prob,0.490966796875,0.9441044288337088,0.9441041566120054,0.9441044274004845,0.01313161849975586,5,6,"[0, 2, 1]"
fake_vigo,3,ghz,15,0.2,45,False,0,"[3]",random,3,raw_upper_bound,1,1,success_prob,0.4974365234375,0.9441044288337088,0.9441041566120054,0.9441044274004845,0.01313161849975586,5,6,"[0, 2, 1]"
fake_vigo,3,ghz,15,0.2,45,False,0,"[3]",random,3,raw_upper_bound,1,2,success_prob,0.4910888671875,0.9441044288337088,0.9441041566120054,0.9441044274004845,0.01313161849975586,5,6,"[0, 2, 1]"
fake_vigo,3,ghz,15,0.2,45,False,0,"[3]",random,3,raw_upper_bound,1,3,success_prob,0.48583984375,0.9441044288337088,0.9441041566120054,0.9441044274004845,0.01313161849975586,5,6,"[0, 2, 1]"
fake_vigo,3,ghz,15,0.2,45,False,0,"[3]",random,3,raw_upper_bound,1,4,success_prob,0.4949951171875,0.9441044288337088,0.9441041566120054,0.9441044274004845,0.01313161849975586,5,6,"[0, 2, 1]"
fake_vigo,3,ghz,15,0.2,45,False,0,"[3]",random,3,raw_upper_bound,1,5,success_prob,0.5018310546875,0.9441044288337088,0.9441041566120054,0.9441044274004845,0.01313161849975586,5,6,"[0, 2, 1]"
fake_vigo,3,ghz,15,0.2,45,False,0,"[3]",random,3,raw_upper_bound,1,6,success_prob,0.4930419921875,0.9441044288337088,0.9441041566120054,0.9441044274004845,0.01313161849975586,5,6,"[0, 2, 1]"
fake_vigo,3,ghz,15,0.2,45,False,0,"[3]",random,3,raw_upper_bound,1,7,success_prob,0.489990234375,0.9441044288337088,0.9441041566120054,0.9441044274004845,0.01313161849975586,5,6,"[0, 2, 1]"
fake_vigo,3,ghz,15,0.2,45,False,0,"[3]",random,3,raw_upper_bound,1,8,success_prob,0.4906005859375,0.9441044288337088,0.9441041566120054,0.9441044274004845,0.01313161849975586,5,6,"[0, 2, 1]"
fake_vigo,3,ghz,15,0.2,45,False,0,"[3]",random,3,raw_upper_bound,1,9,success_prob,0.493896484375,0.9441044288337088,0.9441041566120054,0.9441044274004845,0.01313161849975586,5,6,"[0, 2, 1]"
fake_vigo,3,ghz,15,0.2,45,False,0,"[3]",random,3,raw_upper_bound,1,10,success_prob,0.4984130859375,0.9441044288337088,0.9441041566120054,0.9441044274004845,0.01313161849975586,5,6,"[0, 2, 1]"
fake_vigo,3,ghz,15,0.2,45,False,0,"[3]",random,3,raw_upper_bound,1,11,success_prob,0.49755859375,0.9441044288337088,0.9441041566120054,0.9441044274004845,0.01313161849975586,5,6,"[0, 2, 1]"
fake_vigo,3,ghz,15,0.2,45,False,0,"[3]",random,3,raw_upper_bound,1,12,success_prob,0.4925537109375,0.9441044288337088,0.9441041566120054,0.9441044274004845,0.01313161849975586,5,6,"[0, 2, 1]"
fake_vigo,3,ghz,15,0.2,45,False,0,"[3]",random,3,raw_upper_bound,1,13,success_prob,0.4923095703125,0.9441044288337088,0.9441041566120054,0.9441044274004845,0.01313161849975586,5,6,"[0, 2, 1]"
fake_vigo,3,ghz,15,0.2,45,False,0,"[3]",random,3,raw_upper_bound,1,14,success_prob,0.491455078125,0.9441044288337088,0.9441041566120054,0.9441044274004845,0.01313161849975586,5,6,"[0, 2, 1]"
fake_vigo,3,ghz,15,0.2,45,False,0,"[3]",random,3,raw_upper_bound,1,15,success_prob,0.4945068359375,0.9441044288337088,0.9441041566120054,0.9441044274004845,0.01313161849975586,5,6,"[0, 2, 1]"
fake_vigo,3,ghz,15,0.2,45,False,0,"[3]",random,3,raw_upper_bound,1,16,success_prob,0.495849609375,0.9441044288337088,0.9441041566120054,0.9441044274004845,0.01313161849975586,5,6,"[0, 2, 1]"
fake_vigo,3,ghz,15,0.2,45,False,0,"[3]",random,3,raw_upper_bound,1,17,success_prob,0.5,0.9441044288337088,0.9441041566120054,0.9441044274004845,0.01313161849975586,5,6,"[0, 2, 1]"
fake_vigo,3,ghz,15,0.2,45,False,0,"[3]",random,3,raw_upper_bound,1,18,success_prob,0.5013427734375,0.9441044288337088,0.9441041566120054,0.9441044274004845,0.01313161849975586,5,6,"[0, 2, 1]"
fake_vigo,3,ghz,15,0.2,45,False,0,"[3]",random,3,raw_upper_bound,1,19,success_prob,0.4931640625,0.9441044288337088,0.9441041566120054,0.9441044274004845,0.01313161849975586,5,6,"[0, 2, 1]"
fake_vigo,3,ghz,15,0.2,45,False,0,"[3]",random,3,raw_upper_bound,2,0,success_prob,0.4931640625,0.9663826184299203,0.9663823397845561,0.9663826179457065,0.01503896713256836,3,10,"[1, 0, 2]"
fake_vigo,3,ghz,15,0.2,45,False,0,"[3]",random,3,raw_upper_bound,2,1,success_prob,0.4974365234375,0.9663826184299203,0.9663823397845561,0.9663826179457065,0.01503896713256836,3,10,"[1, 0, 2]"
fake_vigo,3,ghz,15,0.2,45,False,0,"[3]",random,3,raw_upper_bound,2,2,success_prob,0.4874267578125,0.9663826184299203,0.9663823397845561,0.9663826179457065,0.01503896713256836,3,10,"[1, 0, 2]"
fake_vigo,3,ghz,15,0.2,45,False,0,"[3]",random,3,raw_upper_bound,2,3,success_prob,0.488525390625,0.9663826184299203,0.9663823397845561,0.9663826179457065,0.01503896713256836,3,10,"[1, 0, 2]"
fake_vigo,3,ghz,15,0.2,45,False,0,"[3]",random,3,raw_upper_bound,2,4,success_prob,0.4915771484375,0.9663826184299203,0.9663823397845561,0.9663826179457065,0.01503896713256836,3,10,"[1, 0, 2]"
fake_vigo,3,ghz,15,0.2,45,False,0,"[3]",random,3,raw_upper_bound,2,5,success_prob,0.495361328125,0.9663826184299203,0.9663823397845561,0.9663826179457065,0.01503896713256836,3,10,"[1, 0, 2]"
fake_vigo,3,ghz,15,0.2,45,False,0,"[3]",random,3,raw_upper_bound,2,6,success_prob,0.4993896484375,0.9663826184299203,0.9663823397845561,0.9663826179457065,0.01503896713256836,3,10,"[1, 0, 2]"
fake_vigo,3,ghz,15,0.2,45,False,0,"[3]",random,3,raw_upper_bound,2,7,success_prob,0.4945068359375,0.9663826184299203,0.9663823397845561,0.9663826179457065,0.01503896713256836,3,10,"[1, 0, 2]"
fake_vigo,3,ghz,15,0.2,45,False,0,"[3]",random,3,raw_upper_bound,2,8,success_prob,0.489990234375,0.9663826184299203,0.9663823397845561,0.9663826179457065,0.01503896713256836,3,10,"[1, 0, 2]"
fake_vigo,3,ghz,15,0.2,45,False,0,"[3]",random,3,raw_upper_bound,2,9,success_prob,0.4952392578125,0.9663826184299203,0.9663823397845561,0.9663826179457065,0.01503896713256836,3,10,"[1, 0, 2]"
fake_vigo,3,ghz,15,0.2,45,False,0,"[3]",random,3,raw_upper_bound,2,10,success_prob,0.5037841796875,0.9663826184299203,0.9663823397845561,0.9663826179457065,0.01503896713256836,3,10,"[1, 0, 2]"
fake_vigo,3,ghz,15,0.2,45,False,0,"[3]",random,3,raw_upper_bound,2,11,success_prob,0.500732421875,0.9663826184299203,0.9663823397845561,0.9663826179457065,0.01503896713256836,3,10,"[1, 0, 2]"
fake_vigo,3,ghz,15,0.2,45,False,0,"[3]",random,3,raw_upper_bound,2,12,success_prob,0.5010986328125,0.9663826184299203,0.9663823397845561,0.9663826179457065,0.01503896713256836,3,10,"[1, 0, 2]"
fake_vigo,3,ghz,15,0.2,45,False,0,"[3]",random,3,raw_upper_bound,2,13,success_prob,0.5,0.9663826184299203,0.9663823397845561,0.9663826179457065,0.01503896713256836,3,10,"[1, 0, 2]"
fake_vigo,3,ghz,15,0.2,45,False,0,"[3]",random,3,raw_upper_bound,2,14,success_prob,0.4864501953125,0.9663826184299203,0.9663823397845561,0.9663826179457065,0.01503896713256836,3,10,"[1, 0, 2]"
fake_vigo,3,ghz,15,0.2,45,False,0,"[3]",random,3,raw_upper_bound,2,15,success_prob,0.4853515625,0.9663826184299203,0.9663823397845561,0.9663826179457065,0.01503896713256836,3,10,"[1, 0, 2]"
fake_vigo,3,ghz,15,0.2,45,False,0,"[3]",random,3,raw_upper_bound,2,16,success_prob,0.4906005859375,0.9663826184299203,0.9663823397845561,0.9663826179457065,0.01503896713256836,3,10,"[1, 0, 2]"
fake_vigo,3,ghz,15,0.2,45,False,0,"[3]",random,3,raw_upper_bound,2,17,success_prob,0.498046875,0.9663826184299203,0.9663823397845561,0.9663826179457065,0.01503896713256836,3,10,"[1, 0, 2]"
fake_vigo,3,ghz,15,0.2,45,False,0,"[3]",random,3,raw_upper_bound,2,18,success_prob,0.503173828125,0.9663826184299203,0.9663823397845561,0.9663826179457065,0.01503896713256836,3,10,"[1, 0, 2]"
fake_vigo,3,ghz,15,0.2,45,False,0,"[3]",random,3,raw_upper_bound,2,19,success_prob,0.494384765625,0.9663826184299203,0.9663823397845561,0.9663826179457065,0.01503896713256836,3,10,"[1, 0, 2]"
fake_vigo,3,ghz,15,0.2,45,False,0,"[3]",random,3,raw_upper_bound,3,0,success_prob,0.4930419921875,0.9675174562511725,0.9675171772785907,0.9675174556517808,0.012406110763549805,3,11,"[1, 2, 0]"
fake_vigo,3,ghz,15,0.2,45,False,0,"[3]",random,3,raw_upper_bound,3,1,success_prob,0.4974365234375,0.9675174562511725,0.9675171772785907,0.9675174556517808,0.012406110763549805,3,11,"[1, 2, 0]"
fake_vigo,3,ghz,15,0.2,45,False,0,"[3]",random,3,raw_upper_bound,3,2,success_prob,0.4874267578125,0.9675174562511725,0.9675171772785907,0.9675174556517808,0.012406110763549805,3,11,"[1, 2, 0]"
fake_vigo,3,ghz,15,0.2,45,False,0,"[3]",random,3,raw_upper_bound,3,3,success_prob,0.488525390625,0.9675174562511725,0.9675171772785907,0.9675174556517808,0.012406110763549805,3,11,"[1, 2, 0]"
fake_vigo,3,ghz,15,0.2,45,False,0,"[3]",random,3,raw_upper_bound,3,4,success_prob,0.491455078125,0.9675174562511725,0.9675171772785907,0.9675174556517808,0.012406110763549805,3,11,"[1, 2, 0]"
fake_vigo,3,ghz,15,0.2,45,False,0,"[3]",random,3,raw_upper_bound,3,5,success_prob,0.495361328125,0.9675174562511725,0.9675171772785907,0.9675174556517808,0.012406110763549805,3,11,"[1, 2, 0]"
fake_vigo,3,ghz,15,0.2,45,False,0,"[3]",random,3,raw_upper_bound,3,6,success_prob,0.499267578125,0.9675174562511725,0.9675171772785907,0.9675174556517808,0.012406110763549805,3,11,"[1, 2, 0]"
fake_vigo,3,ghz,15,0.2,45,False,0,"[3]",random,3,raw_upper_bound,3,7,success_prob,0.4945068359375,0.9675174562511725,0.9675171772785907,0.9675174556517808,0.012406110763549805,3,11,"[1, 2, 0]"
fake_vigo,3,ghz,15,0.2,45,False,0,"[3]",random,3,raw_upper_bound,3,8,success_prob,0.4898681640625,0.9675174562511725,0.9675171772785907,0.9675174556517808,0.012406110763549805,3,11,"[1, 2, 0]"
fake_vigo,3,ghz,15,0.2,45,False,0,"[3]",random,3,raw_upper_bound,3,9,success_prob,0.495361328125,0.9675174562511725,0.9675171772785907,0.9675174556517808,0.012406110763549805,3,11,"[1, 2, 0]"
fake_vigo,3,ghz,15,0.2,45,False,0,"[3]",random,3,raw_upper_bound,3,10,success_prob,0.5037841796875,0.9675174562511725,0.9675171772785907,0.9675174556517808,0.012406110763549805,3,11,"[1, 2, 0]"
fake_vigo,3,ghz,15,0.2,45,False,0,"[3]",random,3,raw_upper_bound,3,11,success_prob,0.500732421875,0.9675174562511725,0.9675171772785907,0.9675174556517808,0.012406110763549805,3,11,"[1, 2, 0]"
fake_vigo,3,ghz,15,0.2,45,False,0,"[3]",random,3,raw_upper_bound,3,12,success_prob,0.501220703125,0.9675174562511725,0.9675171772785907,0.9675174556517808,0.012406110763549805,3,11,"[1, 2, 0]"
fake_vigo,3,ghz,15,0.2,45,False,0,"[3]",random,3,raw_upper_bound,3,13,success_prob,0.5,0.9675174562511725,0.9675171772785907,0.9675174556517808,0.012406110763549805,3,11,"[1, 2, 0]"
fake_vigo,3,ghz,15,0.2,45,False,0,"[3]",random,3,raw_upper_bound,3,14,success_prob,0.4864501953125,0.9675174562511725,0.9675171772785907,0.9675174556517808,0.012406110763549805,3,11,"[1, 2, 0]"
fake_vigo,3,ghz,15,0.2,45,False,0,"[3]",random,3,raw_upper_bound,3,15,success_prob,0.4853515625,0.9675174562511725,0.9675171772785907,0.9675174556517808,0.012406110763549805,3,11,"[1, 2, 0]"
fake_vigo,3,ghz,15,0.2,45,False,0,"[3]",random,3,raw_upper_bound,3,16,success_prob,0.4906005859375,0.9675174562511725,0.9675171772785907,0.9675174556517808,0.012406110763549805,3,11,"[1, 2, 0]"
fake_vigo,3,ghz,15,0.2,45,False,0,"[3]",random,3,raw_upper_bound,3,17,success_prob,0.4981689453125,0.9675174562511725,0.9675171772785907,0.9675174556517808,0.012406110763549805,3,11,"[1, 2, 0]"
fake_vigo,3,ghz,15,0.2,45,False,0,"[3]",random,3,raw_upper_bound,3,18,success_prob,0.503173828125,0.9675174562511725,0.9675171772785907,0.9675174556517808,0.012406110763549805,3,11,"[1, 2, 0]"
fake_vigo,3,ghz,15,0.2,45,False,0,"[3]",random,3,raw_upper_bound,3,19,success_prob,0.494384765625,0.9675174562511725,0.9675171772785907,0.9675174556517808,0.012406110763549805,3,11,"[1, 2, 0]"
fake_vigo,3,ghz,15,0.2,45,False,0,"[3]",random,3,raw_upper_bound,4,0,success_prob,0.490966796875,0.9602698284351056,0.9602695515522943,0.960269827981414,0.012027263641357422,5,6,"[2, 0, 1]"
fake_vigo,3,ghz,15,0.2,45,False,0,"[3]",random,3,raw_upper_bound,4,1,success_prob,0.4974365234375,0.9602698284351056,0.9602695515522943,0.960269827981414,0.012027263641357422,5,6,"[2, 0, 1]"
fake_vigo,3,ghz,15,0.2,45,False,0,"[3]",random,3,raw_upper_bound,4,2,success_prob,0.4910888671875,0.9602698284351056,0.9602695515522943,0.960269827981414,0.012027263641357422,5,6,"[2, 0, 1]"
fake_vigo,3,ghz,15,0.2,45,False,0,"[3]",random,3,raw_upper_bound,4,3,success_prob,0.48583984375,0.9602698284351056,0.9602695515522943,0.960269827981414,0.012027263641357422,5,6,"[2, 0, 1]"
fake_vigo,3,ghz,15,0.2,45,False,0,"[3]",random,3,raw_upper_bound,4,4,success_prob,0.4949951171875,0.9602698284351056,0.9602695515522943,0.960269827981414,0.012027263641357422,5,6,"[2, 0, 1]"
fake_vigo,3,ghz,15,0.2,45,False,0,"[3]",random,3,raw_upper_bound,4,5,success_prob,0.5018310546875,0.9602698284351056,0.9602695515522943,0.960269827981414,0.012027263641357422,5,6,"[2, 0, 1]"
fake_vigo,3,ghz,15,0.2,45,False,0,"[3]",random,3,raw_upper_bound,4,6,success_prob,0.4930419921875,0.9602698284351056,0.9602695515522943,0.960269827981414,0.012027263641357422,5,6,"[2, 0, 1]"
fake_vigo,3,ghz,15,0.2,45,False,0,"[3]",random,3,raw_upper_bound,4,7,success_prob,0.489990234375,0.9602698284351056,0.9602695515522943,0.960269827981414,0.012027263641357422,5,6,"[2, 0, 1]"
fake_vigo,3,ghz,15,0.2,45,False,0,"[3]",random,3,raw_upper_bound,4,8,success_prob,0.4906005859375,0.9602698284351056,0.9602695515522943,0.960269827981414,0.012027263641357422,5,6,"[2, 0, 1]"
fake_vigo,3,ghz,15,0.2,45,False,0,"[3]",random,3,raw_upper_bound,4,9,success_prob,0.4937744140625,0.9602698284351056,0.9602695515522943,0.960269827981414,0.012027263641357422,5,6,"[2, 0, 1]"
fake_vigo,3,ghz,15,0.2,45,False,0,"[3]",random,3,raw_upper_bound,4,10,success_prob,0.4984130859375,0.9602698284351056,0.9602695515522943,0.960269827981414,0.012027263641357422,5,6,"[2, 0, 1]"
fake_vigo,3,ghz,15,0.2,45,False,0,"[3]",random,3,raw_upper_bound,4,11,success_prob,0.4976806640625,0.9602698284351056,0.9602695515522943,0.960269827981414,0.012027263641357422,5,6,"[2, 0, 1]"
fake_vigo,3,ghz,15,0.2,45,False,0,"[3]",random,3,raw_upper_bound,4,12,success_prob,0.4925537109375,0.9602698284351056,0.9602695515522943,0.960269827981414,0.012027263641357422,5,6,"[2, 0, 1]"
fake_vigo,3,ghz,15,0.2,45,False,0,"[3]",random,3,raw_upper_bound,4,13,success_prob,0.4923095703125,0.9602698284351056,0.9602695515522943,0.960269827981414,0.012027263641357422,5,6,"[2, 0, 1]"
fake_vigo,3,ghz,15,0.2,45,False,0,"[3]",random,3,raw_upper_bound,4,14,success_prob,0.491455078125,0.9602698284351056,0.9602695515522943,0.960269827981414,0.012027263641357422,5,6,"[2, 0, 1]"
fake_vigo,3,ghz,15,0.2,45,False,0,"[3]",random,3,raw_upper_bound,4,15,success_prob,0.4945068359375,0.9602698284351056,0.9602695515522943,0.960269827981414,0.012027263641357422,5,6,"[2, 0, 1]"
fake_vigo,3,ghz,15,0.2,45,False,0,"[3]",random,3,raw_upper_bound,4,16,success_prob,0.4959716796875,0.9602698284351056,0.9602695515522943,0.960269827981414,0.012027263641357422,5,6,"[2, 0, 1]"
fake_vigo,3,ghz,15,0.2,45,False,0,"[3]",random,3,raw_upper_bound,4,17,success_prob,0.4998779296875,0.9602698284351056,0.9602695515522943,0.960269827981414,0.012027263641357422,5,6,"[2, 0, 1]"
fake_vigo,3,ghz,15,0.2,45,False,0,"[3]",random,3,raw_upper_bound,4,18,success_prob,0.5013427734375,0.9602698284351056,0.9602695515522943,0.960269827981414,0.012027263641357422,5,6,"[2, 0, 1]"
fake_vigo,3,ghz,15,0.2,45,False,0,"[3]",random,3,raw_upper_bound,4,19,success_prob,0.4931640625,0.9602698284351056,0.9602695515522943,0.960269827981414,0.012027263641357422,5,6,"[2, 0, 1]"
fake_vigo,3,ghz,15,0.2,45,False,0,"[3]",random,3,raw_upper_bound,5,0,success_prob,0.490966796875,0.9767965403495341,0.9767962587014347,0.9767965400438029,0.010667800903320312,2,6,"[2, 1, 0]"
fake_vigo,3,ghz,15,0.2,45,False,0,"[3]",random,3,raw_upper_bound,5,1,success_prob,0.4974365234375,0.9767965403495341,0.9767962587014347,0.9767965400438029,0.010667800903320312,2,6,"[2, 1, 0]"
fake_vigo,3,ghz,15,0.2,45,False,0,"[3]",random,3,raw_upper_bound,5,2,success_prob,0.4910888671875,0.9767965403495341,0.9767962587014347,0.9767965400438029,0.010667800903320312,2,6,"[2, 1, 0]"
fake_vigo,3,ghz,15,0.2,45,False,0,"[3]",random,3,raw_upper_bound,5,3,success_prob,0.48583984375,0.9767965403495341,0.9767962587014347,0.9767965400438029,0.010667800903320312,2,6,"[2, 1, 0]"
fake_vigo,3,ghz,15,0.2,45,False,0,"[3]",random,3,raw_upper_bound,5,4,success_prob,0.4949951171875,0.9767965403495341,0.9767962587014347,0.9767965400438029,0.010667800903320312,2,6,"[2, 1, 0]"
fake_vigo,3,ghz,15,0.2,45,False,0,"[3]",random,3,raw_upper_bound,5,5,success_prob,0.5018310546875,0.9767965403495341,0.9767962587014347,0.9767965400438029,0.010667800903320312,2,6,"[2, 1, 0]"
fake_vigo,3,ghz,15,0.2,45,False,0,"[3]",random,3,raw_upper_bound,5,6,success_prob,0.4930419921875,0.9767965403495341,0.9767962587014347,0.9767965400438029,0.010667800903320312,2,6,"[2, 1, 0]"
fake_vigo,3,ghz,15,0.2,45,False,0,"[3]",random,3,raw_upper_bound,5,7,success_prob,0.489990234375,0.9767965403495341,0.9767962587014347,0.9767965400438029,0.010667800903320312,2,6,"[2, 1, 0]"
fake_vigo,3,ghz,15,0.2,45,False,0,"[3]",random,3,raw_upper_bound,5,8,success_prob,0.4906005859375,0.9767965403495341,0.9767962587014347,0.9767965400438029,0.010667800903320312,2,6,"[2, 1, 0]"
fake_vigo,3,ghz,15,0.2,45,False,0,"[3]",random,3,raw_upper_bound,5,9,success_prob,0.4937744140625,0.9767965403495341,0.9767962587014347,0.9767965400438029,0.010667800903320312,2,6,"[2, 1, 0]"
fake_vigo,3,ghz,15,0.2,45,False,0,"[3]",random,3,raw_upper_bound,5,10,success_prob,0.4984130859375,0.9767965403495341,0.9767962587014347,0.9767965400438029,0.010667800903320312,2,6,"[2, 1, 0]"
fake_vigo,3,ghz,15,0.2,45,False,0,"[3]",random,3,raw_upper_bound,5,11,success_prob,0.4976806640625,0.9767965403495341,0.9767962587014347,0.9767965400438029,0.010667800903320312,2,6,"[2, 1, 0]"
fake_vigo,3,ghz,15,0.2,45,False,0,"[3]",random,3,raw_upper_bound,5,12,success_prob,0.4925537109375,0.9767965403495341,0.9767962587014347,0.9767965400438029,0.010667800903320312,2,6,"[2, 1, 0]"
fake_vigo,3,ghz,15,0.2,45,False,0,"[3]",random,3,raw_upper_bound,5,13,success_prob,0.4923095703125,0.9767965403495341,0.9767962587014347,0.9767965400438029,0.010667800903320312,2,6,"[2, 1, 0]"
fake_vigo,3,ghz,15,0.2,45,False,0,"[3]",random,3,raw_upper_bound,5,14,success_prob,0.491455078125,0.9767965403495341,0.9767962587014347,0.9767965400438029,0.010667800903320312,2,6,"[2, 1, 0]"
fake_vigo,3,ghz,15,0.2,45,False,0,"[3]",random,3,raw_upper_bound,5,15,success_prob,0.4945068359375,0.9767965403495341,0.9767962587014347,0.9767965400438029,0.010667800903320312,2,6,"[2, 1, 0]"
fake_vigo,3,ghz,15,0.2,45,False,0,"[3]",random,3,raw_upper_bound,5,16,success_prob,0.4959716796875,0.9767965403495341,0.9767962587014347,0.9767965400438029,0.010667800903320312,2,6,"[2, 1, 0]"
fake_vigo,3,ghz,15,0.2,45,False,0,"[3]",random,3,raw_upper_bound,5,17,success_prob,0.4998779296875,0.9767965403495341,0.9767962587014347,0.9767965400438029,0.010667800903320312,2,6,"[2, 1, 0]"
fake_vigo,3,ghz,15,0.2,45,False,0,"[3]",random,3,raw_upper_bound,5,18,success_prob,0.5013427734375,0.9767965403495341,0.9767962587014347,0.9767965400438029,0.010667800903320312,2,6,"[2, 1, 0]"
fake_vigo,3,ghz,15,0.2,45,False,0,"[3]",random,3,raw_upper_bound,5,19,success_prob,0.4931640625,0.9767965403495341,0.9767962587014347,0.9767965400438029,0.010667800903320312,2,6,"[2, 1, 0]"
fake_vigo,3,ghz,15,0.2,45,False,0,"[3]",random,3,raw_upper_bound,6,0,success_prob,0.4921875,0.9740703007797339,0.9683527233174722,0.9740543112887527,0.010009527206420898,2,6,"[0, 1, 3]"
fake_vigo,3,ghz,15,0.2,45,False,0,"[3]",random,3,raw_upper_bound,6,1,success_prob,0.4990234375,0.9740703007797339,0.9683527233174722,0.9740543112887527,0.010009527206420898,2,6,"[0, 1, 3]"
fake_vigo,3,ghz,15,0.2,45,False,0,"[3]",random,3,raw_upper_bound,6,2,success_prob,0.4925537109375,0.9740703007797339,0.9683527233174722,0.9740543112887527,0.010009527206420898,2,6,"[0, 1, 3]"
fake_vigo,3,ghz,15,0.2,45,False,0,"[3]",random,3,raw_upper_bound,6,3,success_prob,0.4869384765625,0.9740703007797339,0.9683527233174722,0.9740543112887527,0.010009527206420898,2,6,"[0, 1, 3]"
fake_vigo,3,ghz,15,0.2,45,False,0,"[3]",random,3,raw_upper_bound,6,4,success_prob,0.4959716796875,0.9740703007797339,0.9683527233174722,0.9740543112887527,0.010009527206420898,2,6,"[0, 1, 3]"
fake_vigo,3,ghz,15,0.2,45,False,0,"[3]",random,3,raw_upper_bound,6,5,success_prob,0.503173828125,0.9740703007797339,0.9683527233174722,0.9740543112887527,0.010009527206420898,2,6,"[0, 1, 3]"
fake_vigo,3,ghz,15,0.2,45,False,0,"[3]",random,3,raw_upper_bound,6,6,success_prob,0.4949951171875,0.9740703007797339,0.9683527233174722,0.9740543112887527,0.010009527206420898,2,6,"[0, 1, 3]"
fake_vigo,3,ghz,15,0.2,45,False,0,"[3]",random,3,raw_upper_bound,6,7,success_prob,0.4913330078125,0.9740703007797339,0.9683527233174722,0.9740543112887527,0.010009527206420898,2,6,"[0, 1, 3]"
fake_vigo,3,ghz,15,0.2,45,False,0,"[3]",random,3,raw_upper_bound,6,8,success_prob,0.491455078125,0.9740703007797339,0.9683527233174722,0.9740543112887527,0.010009527206420898,2,6,"[0, 1, 3]"
fake_vigo,3,ghz,15,0.2,45,False,0,"[3]",random,3,raw_upper_bound,6,9,success_prob,0.4947509765625,0.9740703007797339,0.9683527233174722,0.9740543112887527,0.010009527206420898,2,6,"[0, 1, 3]"
fake_vigo,3,ghz,15,0.2,45,False,0,"[3]",random,3,raw_upper_bound,6,10,success_prob,0.5,0.9740703007797339,0.9683527233174722,0.9740543112887527,0.010009527206420898,2,6,"[0, 1, 3]"
fake_vigo,3,ghz,15,0.2,45,False,0,"[3]",random,3,raw_upper_bound,6,11,success_prob,0.4986572265625,0.9740703007797339,0.9683527233174722,0.9740543112887527,0.010009527206420898,2,6,"[0, 1, 3]"
fake_vigo,3,ghz,15,0.2,45,False,0,"[3]",random,3,raw_upper_bound,6,12,success_prob,0.4932861328125,0.9740703007797339,0.9683527233174722,0.9740543112887527,0.010009527206420898,2,6,"[0, 1, 3]"
fake_vigo,3,ghz,15,0.2,45,False,0,"[3]",random,3,raw_upper_bound,6,13,success_prob,0.493408203125,0.9740703007797339,0.9683527233174722,0.9740543112887527,0.010009527206420898,2,6,"[0, 1, 3]"
fake_vigo,3,ghz,15,0.2,45,False,0,"[3]",random,3,raw_upper_bound,6,14,success_prob,0.492431640625,0.9740703007797339,0.9683527233174722,0.9740543112887527,0.010009527206420898,2,6,"[0, 1, 3]"
fake_vigo,3,ghz,15,0.2,45,False,0,"[3]",random,3,raw_upper_bound,6,15,success_prob,0.495849609375,0.9740703007797339,0.9683527233174722,0.9740543112887527,0.010009527206420898,2,6,"[0, 1, 3]"
fake_vigo,3,ghz,15,0.2,45,False,0,"[3]",random,3,raw_upper_bound,6,16,success_prob,0.4974365234375,0.9740703007797339,0.9683527233174722,0.9740543112887527,0.010009527206420898,2,6,"[0, 1, 3]"
fake_vigo,3,ghz,15,0.2,45,False,0,"[3]",random,3,raw_upper_bound,6,17,success_prob,0.5013427734375,0.9740703007797339,0.9683527233174722,0.9740543112887527,0.010009527206420898,2,6,"[0, 1, 3]"
fake_vigo,3,ghz,15,0.2,45,False,0,"[3]",random,3,raw_upper_bound,6,18,success_prob,0.5028076171875,0.9740703007797339,0.9683527233174722,0.9740543112887527,0.010009527206420898,2,6,"[0, 1, 3]"
fake_vigo,3,ghz,15,0.2,45,False,0,"[3]",random,3,raw_upper_bound,6,19,success_prob,0.4957275390625,0.9740703007797339,0.9683527233174722,0.9740543112887527,0.010009527206420898,2,6,"[0, 1, 3]"
fake_vigo,3,ghz,15,0.2,45,False,0,"[3]",random,3,raw_upper_bound,7,0,success_prob,0.4921875,0.9418768378885142,0.9363482289408573,0.9418258876748751,0.012278318405151367,5,6,"[0, 3, 1]"
fake_vigo,3,ghz,15,0.2,45,False,0,"[3]",random,3,raw_upper_bound,7,1,success_prob,0.4990234375,0.9418768378885142,0.9363482289408573,0.9418258876748751,0.012278318405151367,5,6,"[0, 3, 1]"
fake_vigo,3,ghz,15,0.2,45,False,0,"[3]",random,3,raw_upper_bound,7,2,success_prob,0.4925537109375,0.9418768378885142,0.9363482289408573,0.9418258876748751,0.012278318405151367,5,6,"[0, 3, 1]"
fake_vigo,3,ghz,15,0.2,45,False,0,"[3]",random,3,raw_upper_bound,7,3,success_prob,0.4869384765625,0.9418768378885142,0.9363482289408573,0.9418258876748751,0.012278318405151367,5,6,"[0, 3, 1]"
fake_vigo,3,ghz,15,0.2,45,False,0,"[3]",random,3,raw_upper_bound,7,4,success_prob,0.4959716796875,0.9418768378885142,0.9363482289408573,0.9418258876748751,0.012278318405151367,5,6,"[0, 3, 1]"
fake_vigo,3,ghz,15,0.2,45,False,0,"[3]",random,3,raw_upper_bound,7,5,success_prob,0.503173828125,0.9418768378885142,0.9363482289408573,0.9418258876748751,0.012278318405151367,5,6,"[0, 3, 1]"
fake_vigo,3,ghz,15,0.2,45,False,0,"[3]",random,3,raw_upper_bound,7,6,success_prob,0.4949951171875,0.9418768378885142,0.9363482289408573,0.9418258876748751,0.012278318405151367,5,6,"[0, 3, 1]"
fake_vigo,3,ghz,15,0.2,45,False,0,"[3]",random,3,raw_upper_bound,7,7,success_prob,0.4913330078125,0.9418768378885142,0.9363482289408573,0.9418258876748751,0.012278318405151367,5,6,"[0, 3, 1]"
fake_vigo,3,ghz,15,0.2,45,False,0,"[3]",random,3,raw_upper_bound,7,8,success_prob,0.491455078125,0.9418768378885142,0.9363482289408573,0.9418258876748751,0.012278318405151367,5,6,"[0, 3, 1]"
fake_vigo,3,ghz,15,0.2,45,False,0,"[3]",random,3,raw_upper_bound,7,9,success_prob,0.4947509765625,0.9418768378885142,0.9363482289408573,0.9418258876748751,0.012278318405151367,5,6,"[0, 3, 1]"
fake_vigo,3,ghz,15,0.2,45,False,0,"[3]",random,3,raw_upper_bound,7,10,success_prob,0.5,0.9418768378885142,0.9363482289408573,0.9418258876748751,0.012278318405151367,5,6,"[0, 3, 1]"
fake_vigo,3,ghz,15,0.2,45,False,0,"[3]",random,3,raw_upper_bound,7,11,success_prob,0.4986572265625,0.9418768378885142,0.9363482289408573,0.9418258876748751,0.012278318405151367,5,6,"[0, 3, 1]"
fake_vigo,3,ghz,15,0.2,45,False,0,"[3]",random,3,raw_upper_bound,7,12,success_prob,0.4932861328125,0.9418768378885142,0.9363482289408573,0.9418258876748751,0.012278318405151367,5,6,"[0, 3, 1]"
fake_vigo,3,ghz,15,0.2,45,False,0,"[3]",random,3,raw_upper_bound,7,13,success_prob,0.493408203125,0.9418768378885142,0.9363482289408573,0.9418258876748751,0.012278318405151367,5,6,"[0, 3, 1]"
fake_vigo,3,ghz,15,0.2,45,False,0,"[3]",random,3,raw_upper_bound,7,14,success_prob,0.492431640625,0.9418768378885142,0.9363482289408573,0.9418258876748751,0.012278318405151367,5,6,"[0, 3, 1]"
fake_vigo,3,ghz,15,0.2,45,False,0,"[3]",random,3,raw_upper_bound,7,15,success_prob,0.495849609375,0.9418768378885142,0.9363482289408573,0.9418258876748751,0.012278318405151367,5,6,"[0, 3, 1]"
fake_vigo,3,ghz,15,0.2,45,False,0,"[3]",random,3,raw_upper_bound,7,16,success_prob,0.4974365234375,0.9418768378885142,0.9363482289408573,0.9418258876748751,0.012278318405151367,5,6,"[0, 3, 1]"
fake_vigo,3,ghz,15,0.2,45,False,0,"[3]",random,3,raw_upper_bound,7,17,success_prob,0.5013427734375,0.9418768378885142,0.9363482289408573,0.9418258876748751,0.012278318405151367,5,6,"[0, 3, 1]"
fake_vigo,3,ghz,15,0.2,45,False,0,"[3]",random,3,raw_upper_bound,7,18,success_prob,0.5028076171875,0.9418768378885142,0.9363482289408573,0.9418258876748751,0.012278318405151367,5,6,"[0, 3, 1]"
fake_vigo,3,ghz,15,0.2,45,False,0,"[3]",random,3,raw_upper_bound,7,19,success_prob,0.4957275390625,0.9418768378885142,0.9363482289408573,0.9418258876748751,0.012278318405151367,5,6,"[0, 3, 1]"
fake_vigo,3,ghz,15,0.2,45,False,0,"[3]",random,3,raw_upper_bound,8,0,success_prob,0.4945068359375,0.9651217796743058,0.9594567280539181,0.9651059370575745,0.011611700057983398,3,10,"[1, 0, 3]"
fake_vigo,3,ghz,15,0.2,45,False,0,"[3]",random,3,raw_upper_bound,8,1,success_prob,0.4989013671875,0.9651217796743058,0.9594567280539181,0.9651059370575745,0.011611700057983398,3,10,"[1, 0, 3]"
fake_vigo,3,ghz,15,0.2,45,False,0,"[3]",random,3,raw_upper_bound,8,2,success_prob,0.4891357421875,0.9651217796743058,0.9594567280539181,0.9651059370575745,0.011611700057983398,3,10,"[1, 0, 3]"
fake_vigo,3,ghz,15,0.2,45,False,0,"[3]",random,3,raw_upper_bound,8,3,success_prob,0.4893798828125,0.9651217796743058,0.9594567280539181,0.9651059370575745,0.011611700057983398,3,10,"[1, 0, 3]"
fake_vigo,3,ghz,15,0.2,45,False,0,"[3]",random,3,raw_upper_bound,8,4,success_prob,0.4925537109375,0.9651217796743058,0.9594567280539181,0.9651059370575745,0.011611700057983398,3,10,"[1, 0, 3]"
fake_vigo,3,ghz,15,0.2,45,False,0,"[3]",random,3,raw_upper_bound,8,5,success_prob,0.4962158203125,0.9651217796743058,0.9594567280539181,0.9651059370575745,0.011611700057983398,3,10,"[1, 0, 3]"
fake_vigo,3,ghz,15,0.2,45,False,0,"[3]",random,3,raw_upper_bound,8,6,success_prob,0.50048828125,0.9651217796743058,0.9594567280539181,0.9651059370575745,0.011611700057983398,3,10,"[1, 0, 3]"
fake_vigo,3,ghz,15,0.2,45,False,0,"[3]",random,3,raw_upper_bound,8,7,success_prob,0.49609375,0.9651217796743058,0.9594567280539181,0.9651059370575745,0.011611700057983398,3,10,"[1, 0, 3]"
fake_vigo,3,ghz,15,0.2,45,False,0,"[3]",random,3,raw_upper_bound,8,8,success_prob,0.4913330078125,0.9651217796743058,0.9594567280539181,0.9651059370575745,0.011611700057983398,3,10,"[1, 0, 3]"
fake_vigo,3,ghz,15,0.2,45,False,0,"[3]",random,3,raw_upper_bound,8,9,success_prob,0.4971923828125,0.9651217796743058,0.9594567280539181,0.9651059370575745,0.011611700057983398,3,10,"[1, 0, 3]"
fake_vigo,3,ghz,15,0.2,45,False,0,"[3]",random,3,raw_upper_bound,8,10,success_prob,0.5052490234375,0.9651217796743058,0.9594567280539181,0.9651059370575745,0.011611700057983398,3,10,"[1, 0, 3]"
fake_vigo,3,ghz,15,0.2,45,False,0,"[3]",random,3,raw_upper_bound,8,11,success_prob,0.5023193359375,0.9651217796743058,0.9594567280539181,0.9651059370575745,0.011611700057983398,3,10,"[1, 0, 3]"
fake_vigo,3,ghz,15,0.2,45,False,0,"[3]",random,3,raw_upper_bound,8,12,success_prob,0.5028076171875,0.9651217796743058,0.9594567280539181,0.9651059370575745,0.011611700057983398,3,10,"[1, 0, 3]"
fake_vigo,3,ghz,15,0.2,45,False,0,"[3]",random,3,raw_upper_bound,8,13,success_prob,0.5013427734375,0.9651217796743058,0.9594567280539181,0.9651059370575745,0.011611700057983398,3,10,"[1, 0, 3]"
fake_vigo,3,ghz,15,0.2,45,False,0,"[3]",random,3,raw_upper_bound,8,14,success_prob,0.488525390625,0.9651217796743058,0.9594567280539181,0.9651059370575745,0.011611700057983398,3,10,"[1, 0, 3]"
fake_vigo,3,ghz,15,0.2,45,False,0,"[3]",random,3,raw_upper_bound,8,15,success_prob,0.4862060546875,0.9651217796743058,0.9594567280539181,0.9651059370575745,0.011611700057983398,3,10,"[1, 0, 3]"
fake_vigo,3,ghz,15,0.2,45,False,0,"[3]",random,3,raw_upper_bound,8,16,success_prob,0.4920654296875,0.9651217796743058,0.9594567280539181,0.9651059370575745,0.011611700057983398,3,10,"[1, 0, 3]"
fake_vigo,3,ghz,15,0.2,45,False,0,"[3]",random,3,raw_upper_bound,8,17,success_prob,0.4996337890625,0.9651217796743058,0.9594567280539181,0.9651059370575745,0.011611700057983398,3,10,"[1, 0, 3]"
fake_vigo,3,ghz,15,0.2,45,False,0,"[3]",random,3,raw_upper_bound,8,18,success_prob,0.5045166015625,0.9651217796743058,0.9594567280539181,0.9651059370575745,0.011611700057983398,3,10,"[1, 0, 3]"
fake_vigo,3,ghz,15,0.2,45,False,0,"[3]",random,3,raw_upper_bound,8,19,success_prob,0.4949951171875,0.9651217796743058,0.9594567280539181,0.9651059370575745,0.011611700057983398,3,10,"[1, 0, 3]"
fake_vigo,3,ghz,15,0.2,45,False,0,"[3]",random,3,raw_upper_bound,9,0,success_prob,0.494140625,0.977661736575006,0.9719230781780892,0.977649790235426,0.013734579086303711,3,11,"[1, 3, 0]"
fake_vigo,3,ghz,15,0.2,45,False,0,"[3]",random,3,raw_upper_bound,9,1,success_prob,0.4984130859375,0.977661736575006,0.9719230781780892,0.977649790235426,0.013734579086303711,3,11,"[1, 3, 0]"
fake_vigo,3,ghz,15,0.2,45,False,0,"[3]",random,3,raw_upper_bound,9,2,success_prob,0.48828125,0.977661736575006,0.9719230781780892,0.977649790235426,0.013734579086303711,3,11,"[1, 3, 0]"
fake_vigo,3,ghz,15,0.2,45,False,0,"[3]",random,3,raw_upper_bound,9,3,success_prob,0.48974609375,0.977661736575006,0.9719230781780892,0.977649790235426,0.013734579086303711,3,11,"[1, 3, 0]"
fake_vigo,3,ghz,15,0.2,45,False,0,"[3]",random,3,raw_upper_bound,9,4,success_prob,0.4930419921875,0.977661736575006,0.9719230781780892,0.977649790235426,0.013734579086303711,3,11,"[1, 3, 0]"
fake_vigo,3,ghz,15,0.2,45,False,0,"[3]",random,3,raw_upper_bound,9,5,success_prob,0.4967041015625,0.977661736575006,0.9719230781780892,0.977649790235426,0.013734579086303711,3,11,"[1, 3, 0]"
fake_vigo,3,ghz,15,0.2,45,False,0,"[3]",random,3,raw_upper_bound,9,6,success_prob,0.501220703125,0.977661736575006,0.9719230781780892,0.977649790235426,0.013734579086303711,3,11,"[1, 3, 0]"
fake_vigo,3,ghz,15,0.2,45,False,0,"[3]",random,3,raw_upper_bound,9,7,success_prob,0.495849609375,0.977661736575006,0.9719230781780892,0.977649790235426,0.013734579086303711,3,11,"[1, 3, 0]"
fake_vigo,3,ghz,15,0.2,45,False,0,"[3]",random,3,raw_upper_bound,9,8,success_prob,0.4913330078125,0.977661736575006,0.9719230781780892,0.977649790235426,0.013734579086303711,3,11,"[1, 3, 0]"
fake_vigo,3,ghz,15,0.2,45,False,0,"[3]",random,3,raw_upper_bound,9,9,success_prob,0.4967041015625,0.977661736575006,0.9719230781780892,0.977649790235426,0.013734579086303711,3,11,"[1, 3, 0]"
fake_vigo,3,ghz,15,0.2,45,False,0,"[3]",random,3,raw_upper_bound,9,10,success_prob,0.5052490234375,0.977661736575006,0.9719230781780892,0.977649790235426,0.013734579086303711,3,11,"[1, 3, 0]"
fake_vigo,3,ghz,15,0.2,45,False,0,"[3]",random,3,raw_upper_bound,9,11,success_prob,0.501953125,0.977661736575006,0.9719230781780892,0.977649790235426,0.013734579086303711,3,11,"[1, 3, 0]"
fake_vigo,3,ghz,15,0.2,45,False,0,"[3]",random,3,raw_upper_bound,9,12,success_prob,0.5018310546875,0.977661736575006,0.9719230781780892,0.977649790235426,0.013734579086303711,3,11,"[1, 3, 0]"
fake_vigo,3,ghz,15,0.2,45,False,0,"[3]",random,3,raw_upper_bound,9,13,success_prob,0.5013427734375,0.977661736575006,0.9719230781780892,0.977649790235426,0.013734579086303711,3,11,"[1, 3, 0]"
fake_vigo,3,ghz,15,0.2,45,False,0,"[3]",random,3,raw_upper_bound,9,14,success_prob,0.488037109375,0.977661736575006,0.9719230781780892,0.977649790235426,0.013734579086303711,3,11,"[1, 3, 0]"
fake_vigo,3,ghz,15,0.2,45,False,0,"[3]",random,3,raw_upper_bound,9,15,success_prob,0.4864501953125,0.977661736575006,0.9719230781780892,0.977649790235426,0.013734579086303711,3,11,"[1, 3, 0]"
fake_vigo,3,ghz,15,0.2,45,False,0,"[3]",random,3,raw_upper_bound,9,16,success_prob,0.4913330078125,0.977661736575006,0.9719230781780892,0.977649790235426,0.013734579086303711,3,11,"[1, 3, 0]"
fake_vigo,3,ghz,15,0.2,45,False,0,"[3]",random,3,raw_upper_bound,9,17,success_prob,0.4998779296875,0.977661736575006,0.9719230781780892,0.977649790235426,0.013734579086303711,3,11,"[1, 3, 0]"
fake_vigo,3,ghz,15,0.2,45,False,0,"[3]",random,3,raw_upper_bound,9,18,success_prob,0.5048828125,0.977661736575006,0.9719230781780892,0.977649790235426,0.013734579086303711,3,11,"[1, 3, 0]"
fake_vigo,3,ghz,15,0.2,45,False,0,"[3]",random,3,raw_upper_bound,9,19,success_prob,0.49609375,0.977661736575006,0.9719230781780892,0.977649790235426,0.013734579086303711,3,11,"[1, 3, 0]"
fake_vigo,3,ghz,15,0.2,45,False,0,"[3]",random,3,raw_upper_bound,10,0,success_prob,0.49267578125,0.9649083493962525,0.9592445505644435,0.9649029140133888,0.011373758316040039,5,6,"[3, 0, 1]"
fake_vigo,3,ghz,15,0.2,45,False,0,"[3]",random,3,raw_upper_bound,10,1,success_prob,0.499267578125,0.9649083493962525,0.9592445505644435,0.9649029140133888,0.011373758316040039,5,6,"[3, 0, 1]"
fake_vigo,3,ghz,15,0.2,45,False,0,"[3]",random,3,raw_upper_bound,10,2,success_prob,0.4921875,0.9649083493962525,0.9592445505644435,0.9649029140133888,0.011373758316040039,5,6,"[3, 0, 1]"
fake_vigo,3,ghz,15,0.2,45,False,0,"[3]",random,3,raw_upper_bound,10,3,success_prob,0.4873046875,0.9649083493962525,0.9592445505644435,0.9649029140133888,0.011373758316040039,5,6,"[3, 0, 1]"
fake_vigo,3,ghz,15,0.2,45,False,0,"[3]",random,3,raw_upper_bound,10,4,success_prob,0.49658203125,0.9649083493962525,0.9592445505644435,0.9649029140133888,0.011373758316040039,5,6,"[3, 0, 1]"
fake_vigo,3,ghz,15,0.2,45,False,0,"[3]",random,3,raw_upper_bound,10,5,success_prob,0.5030517578125,0.9649083493962525,0.9592445505644435,0.9649029140133888,0.011373758316040039,5,6,"[3, 0, 1]"
fake_vigo,3,ghz,15,0.2,45,False,0,"[3]",random,3,raw_upper_bound,10,6,success_prob,0.493896484375,0.9649083493962525,0.9592445505644435,0.9649029140133888,0.011373758316040039,5,6,"[3, 0, 1]"
fake_vigo,3,ghz,15,0.2,45,False,0,"[3]",random,3,raw_upper_bound,10,7,success_prob,0.4910888671875,0.9649083493962525,0.9592445505644435,0.9649029140133888,0.011373758316040039,5,6,"[3, 0, 1]"
fake_vigo,3,ghz,15,0.2,45,False,0,"[3]",random,3,raw_upper_bound,10,8,success_prob,0.4915771484375,0.9649083493962525,0.9592445505644435,0.9649029140133888,0.011373758316040039,5,6,"[3, 0, 1]"
fake_vigo,3,ghz,15,0.2,45,False,0,"[3]",random,3,raw_upper_bound,10,9,success_prob,0.49462890625,0.9649083493962525,0.9592445505644435,0.9649029140133888,0.011373758316040039,5,6,"[3, 0, 1]"
fake_vigo,3,ghz,15,0.2,45,False,0,"[3]",random,3,raw_upper_bound,10,10,success_prob,0.499267578125,0.9649083493962525,0.9592445505644435,0.9649029140133888,0.011373758316040039,5,6,"[3, 0, 1]"
fake_vigo,3,ghz,15,0.2,45,False,0,"[3]",random,3,raw_upper_bound,10,11,success_prob,0.4993896484375,0.9649083493962525,0.9592445505644435,0.9649029140133888,0.011373758316040039,5,6,"[3, 0, 1]"
fake_vigo,3,ghz,15,0.2,45,False,0,"[3]",random,3,raw_upper_bound,10,12,success_prob,0.4937744140625,0.9649083493962525,0.9592445505644435,0.9649029140133888,0.011373758316040039,5,6,"[3, 0, 1]"
fake_vigo,3,ghz,15,0.2,45,False,0,"[3]",random,3,raw_upper_bound,10,13,success_prob,0.493896484375,0.9649083493962525,0.9592445505644435,0.9649029140133888,0.011373758316040039,5,6,"[3, 0, 1]"
fake_vigo,3,ghz,15,0.2,45,False,0,"[3]",random,3,raw_upper_bound,10,14,success_prob,0.492431640625,0.9649083493962525,0.9592445505644435,0.9649029140133888,0.011373758316040039,5,6,"[3, 0, 1]"
fake_vigo,3,ghz,15,0.2,45,False,0,"[3]",random,3,raw_upper_bound,10,15,success_prob,0.495361328125,0.9649083493962525,0.9592445505644435,0.9649029140133888,0.011373758316040039,5,6,"[3, 0, 1]"
fake_vigo,3,ghz,15,0.2,45,False,0,"[3]",random,3,raw_upper_bound,10,16,success_prob,0.4976806640625,0.9649083493962525,0.9592445505644435,0.9649029140133888,0.011373758316040039,5,6,"[3, 0, 1]"
fake_vigo,3,ghz,15,0.2,45,False,0,"[3]",random,3,raw_upper_bound,10,17,success_prob,0.5013427734375,0.9649083493962525,0.9592445505644435,0.9649029140133888,0.011373758316040039,5,6,"[3, 0, 1]"
fake_vigo,3,ghz,15,0.2,45,False,0,"[3]",random,3,raw_upper_bound,10,18,success_prob,0.502685546875,0.9649083493962525,0.9592445505644435,0.9649029140133888,0.011373758316040039,5,6,"[3, 0, 1]"
fake_vigo,3,ghz,15,0.2,45,False,0,"[3]",random,3,raw_upper_bound,10,19,success_prob,0.494384765625,0.9649083493962525,0.9592445505644435,0.9649029140133888,0.011373758316040039,5,6,"[3, 0, 1]"
fake_vigo,3,ghz,15,0.2,45,False,0,"[3]",random,3,raw_upper_bound,11,0,success_prob,0.49267578125,0.9830335505790782,0.9772633608207631,0.9830280132527017,0.011566400527954102,2,6,"[3, 1, 0]"
fake_vigo,3,ghz,15,0.2,45,False,0,"[3]",random,3,raw_upper_bound,11,1,success_prob,0.499267578125,0.9830335505790782,0.9772633608207631,0.9830280132527017,0.011566400527954102,2,6,"[3, 1, 0]"
fake_vigo,3,ghz,15,0.2,45,False,0,"[3]",random,3,raw_upper_bound,11,2,success_prob,0.4921875,0.9830335505790782,0.9772633608207631,0.9830280132527017,0.011566400527954102,2,6,"[3, 1, 0]"
fake_vigo,3,ghz,15,0.2,45,False,0,"[3]",random,3,raw_upper_bound,11,3,success_prob,0.4873046875,0.9830335505790782,0.9772633608207631,0.9830280132527017,0.011566400527954102,2,6,"[3, 1, 0]"
fake_vigo,3,ghz,15,0.2,45,False,0,"[3]",random,3,raw_upper_bound,11,4,success_prob,0.49658203125,0.9830335505790782,0.9772633608207631,0.9830280132527017,0.011566400527954102,2,6,"[3, 1, 0]"
fake_vigo,3,ghz,15,0.2,45,False,0,"[3]",random,3,raw_upper_bound,11,5,success_prob,0.5030517578125,0.9830335505790782,0.9772633608207631,0.9830280132527017,0.011566400527954102,2,6,"[3, 1, 0]"
fake_vigo,3,ghz,15,0.2,45,False,0,"[3]",random,3,raw_upper_bound,11,6,success_prob,0.493896484375,0.9830335505790782,0.9772633608207631,0.9830280132527017,0.011566400527954102,2,6,"[3, 1, 0]"
fake_vigo,3,ghz,15,0.2,45,False,0,"[3]",random,3,raw_upper_bound,11,7,success_prob,0.4910888671875,0.9830335505790782,0.9772633608207631,0.9830280132527017,0.011566400527954102,2,6,"[3, 1, 0]"
fake_vigo,3,ghz,15,0.2,45,False,0,"[3]",random,3,raw_upper_bound,11,8,success_prob,0.4915771484375,0.9830335505790782,0.9772633608207631,0.9830280132527017,0.011566400527954102,2,6,"[3, 1, 0]"
fake_vigo,3,ghz,15,0.2,45,False,0,"[3]",random,3,raw_upper_bound,11,9,success_prob,0.49462890625,0.9830335505790782,0.9772633608207631,0.9830280132527017,0.011566400527954102,2,6,"[3, 1, 0]"
fake_vigo,3,ghz,15,0.2,45,False,0,"[3]",random,3,raw_upper_bound,11,10,success_prob,0.499267578125,0.9830335505790782,0.9772633608207631,0.9830280132527017,0.011566400527954102,2,6,"[3, 1, 0]"
fake_vigo,3,ghz,15,0.2,45,False,0,"[3]",random,3,raw_upper_bound,11,11,success_prob,0.4993896484375,0.9830335505790782,0.9772633608207631,0.9830280132527017,0.011566400527954102,2,6,"[3, 1, 0]"
fake_vigo,3,ghz,15,0.2,45,False,0,"[3]",random,3,raw_upper_bound,11,12,success_prob,0.4937744140625,0.9830335505790782,0.9772633608207631,0.9830280132527017,0.011566400527954102,2,6,"[3, 1, 0]"
fake_vigo,3,ghz,15,0.2,45,False,0,"[3]",random,3,raw_upper_bound,11,13,success_prob,0.493896484375,0.9830335505790782,0.9772633608207631,0.9830280132527017,0.011566400527954102,2,6,"[3, 1, 0]"
fake_vigo,3,ghz,15,0.2,45,False,0,"[3]",random,3,raw_upper_bound,11,14,success_prob,0.492431640625,0.9830335505790782,0.9772633608207631,0.9830280132527017,0.011566400527954102,2,6,"[3, 1, 0]"
fake_vigo,3,ghz,15,0.2,45,False,0,"[3]",random,3,raw_upper_bound,11,15,success_prob,0.495361328125,0.9830335505790782,0.9772633608207631,0.9830280132527017,0.011566400527954102,2,6,"[3, 1, 0]"
fake_vigo,3,ghz,15,0.2,45,False,0,"[3]",random,3,raw_upper_bound,11,16,success_prob,0.4976806640625,0.9830335505790782,0.9772633608207631,0.9830280132527017,0.011566400527954102,2,6,"[3, 1, 0]"
fake_vigo,3,ghz,15,0.2,45,False,0,"[3]",random,3,raw_upper_bound,11,17,success_prob,0.5013427734375,0.9830335505790782,0.9772633608207631,0.9830280132527017,0.011566400527954102,2,6,"[3, 1, 0]"
fake_vigo,3,ghz,15,0.2,45,False,0,"[3]",random,3,raw_upper_bound,11,18,success_prob,0.502685546875,0.9830335505790782,0.9772633608207631,0.9830280132527017,0.011566400527954102,2,6,"[3, 1, 0]"
fake_vigo,3,ghz,15,0.2,45,False,0,"[3]",random,3,raw_upper_bound,11,19,success_prob,0.494384765625,0.9830335505790782,0.9772633608207631,0.9830280132527017,0.011566400527954102,2,6,"[3, 1, 0]"
fake_vigo,3,ghz,15,0.2,45,False,0,"[3]",random,3,raw_upper_bound,12,0,success_prob,0.4945068359375,0.9617276718130898,0.9560824217283389,0.9617118844557951,0.017034292221069336,3,11,"[1, 2, 3]"
fake_vigo,3,ghz,15,0.2,45,False,0,"[3]",random,3,raw_upper_bound,12,1,success_prob,0.4989013671875,0.9617276718130898,0.9560824217283389,0.9617118844557951,0.017034292221069336,3,11,"[1, 2, 3]"
fake_vigo,3,ghz,15,0.2,45,False,0,"[3]",random,3,raw_upper_bound,12,2,success_prob,0.4891357421875,0.9617276718130898,0.9560824217283389,0.9617118844557951,0.017034292221069336,3,11,"[1, 2, 3]"
fake_vigo,3,ghz,15,0.2,45,False,0,"[3]",random,3,raw_upper_bound,12,3,success_prob,0.4893798828125,0.9617276718130898,0.9560824217283389,0.9617118844557951,0.017034292221069336,3,11,"[1, 2, 3]"
fake_vigo,3,ghz,15,0.2,45,False,0,"[3]",random,3,raw_upper_bound,12,4,success_prob,0.4925537109375,0.9617276718130898,0.9560824217283389,0.9617118844557951,0.017034292221069336,3,11,"[1, 2, 3]"
fake_vigo,3,ghz,15,0.2,45,False,0,"[3]",random,3,raw_upper_bound,12,5,success_prob,0.4962158203125,0.9617276718130898,0.9560824217283389,0.9617118844557951,0.017034292221069336,3,11,"[1, 2, 3]"
fake_vigo,3,ghz,15,0.2,45,False,0,"[3]",random,3,raw_upper_bound,12,6,success_prob,0.50048828125,0.9617276718130898,0.9560824217283389,0.9617118844557951,0.017034292221069336,3,11,"[1, 2, 3]"
fake_vigo,3,ghz,15,0.2,45,False,0,"[3]",random,3,raw_upper_bound,12,7,success_prob,0.49609375,0.9617276718130898,0.9560824217283389,0.9617118844557951,0.017034292221069336,3,11,"[1, 2, 3]"
fake_vigo,3,ghz,15,0.2,45,False,0,"[3]",random,3,raw_upper_bound,12,8,success_prob,0.4913330078125,0.9617276718130898,0.9560824217283389,0.9617118844557951,0.017034292221069336,3,11,"[1, 2, 3]"
fake_vigo,3,ghz,15,0.2,45,False,0,"[3]",random,3,raw_upper_bound,12,9,success_prob,0.497314453125,0.9617276718130898,0.9560824217283389,0.9617118844557951,0.017034292221069336,3,11,"[1, 2, 3]"
fake_vigo,3,ghz,15,0.2,45,False,0,"[3]",random,3,raw_upper_bound,12,10,success_prob,0.5052490234375,0.9617276718130898,0.9560824217283389,0.9617118844557951,0.017034292221069336,3,11,"[1, 2, 3]"
fake_vigo,3,ghz,15,0.2,45,False,0,"[3]",random,3,raw_upper_bound,12,11,success_prob,0.5023193359375,0.9617276718130898,0.9560824217283389,0.9617118844557951,0.017034292221069336,3,11,"[1, 2, 3]"
fake_vigo,3,ghz,15,0.2,45,False,0,"[3]",random,3,raw_upper_bound,12,12,success_prob,0.5029296875,0.9617276718130898,0.9560824217283389,0.9617118844557951,0.017034292221069336,3,11,"[1, 2, 3]"
fake_vigo,3,ghz,15,0.2,45,False,0,"[3]",random,3,raw_upper_bound,12,13,success_prob,0.5013427734375,0.9617276718130898,0.9560824217283389,0.9617118844557951,0.017034292221069336,3,11,"[1, 2, 3]"
fake_vigo,3,ghz,15,0.2,45,False,0,"[3]",random,3,raw_upper_bound,12,14,success_prob,0.488525390625,0.9617276718130898,0.9560824217283389,0.9617118844557951,0.017034292221069336,3,11,"[1, 2, 3]"
fake_vigo,3,ghz,15,0.2,45,False,0,"[3]",random,3,raw_upper_bound,12,15,success_prob,0.4862060546875,0.9617276718130898,0.9560824217283389,0.9617118844557951,0.017034292221069336,3,11,"[1, 2, 3]"
fake_vigo,3,ghz,15,0.2,45,False,0,"[3]",random,3,raw_upper_bound,12,16,success_prob,0.4920654296875,0.9617276718130898,0.9560824217283389,0.9617118844557951,0.017034292221069336,3,11,"[1, 2, 3]"
fake_vigo,3,ghz,15,0.2,45,False,0,"[3]",random,3,raw_upper_bound,12,17,success_prob,0.499755859375,0.9617276718130898,0.9560824217283389,0.9617118844557951,0.017034292221069336,3,11,"[1, 2, 3]"
fake_vigo,3,ghz,15,0.2,45,False,0,"[3]",random,3,raw_upper_bound,12,18,success_prob,0.5045166015625,0.9617276718130898,0.9560824217283389,0.9617118844557951,0.017034292221069336,3,11,"[1, 2, 3]"
fake_vigo,3,ghz,15,0.2,45,False,0,"[3]",random,3,raw_upper_bound,12,19,success_prob,0.4949951171875,0.9617276718130898,0.9560824217283389,0.9617118844557951,0.017034292221069336,3,11,"[1, 2, 3]"
fake_vigo,3,ghz,15,0.2,45,False,0,"[3]",random,3,raw_upper_bound,13,0,success_prob,0.4942626953125,0.972252490666702,0.9665454608949704,0.9722406100791446,0.01779651641845703,3,11,"[1, 3, 2]"
fake_vigo,3,ghz,15,0.2,45,False,0,"[3]",random,3,raw_upper_bound,13,1,success_prob,0.4984130859375,0.972252490666702,0.9665454608949704,0.9722406100791446,0.01779651641845703,3,11,"[1, 3, 2]"
fake_vigo,3,ghz,15,0.2,45,False,0,"[3]",random,3,raw_upper_bound,13,2,success_prob,0.48828125,0.972252490666702,0.9665454608949704,0.9722406100791446,0.01779651641845703,3,11,"[1, 3, 2]"
fake_vigo,3,ghz,15,0.2,45,False,0,"[3]",random,3,raw_upper_bound,13,3,success_prob,0.48974609375,0.972252490666702,0.9665454608949704,0.9722406100791446,0.01779651641845703,3,11,"[1, 3, 2]"
fake_vigo,3,ghz,15,0.2,45,False,0,"[3]",random,3,raw_upper_bound,13,4,success_prob,0.4931640625,0.972252490666702,0.9665454608949704,0.9722406100791446,0.01779651641845703,3,11,"[1, 3, 2]"
fake_vigo,3,ghz,15,0.2,45,False,0,"[3]",random,3,raw_upper_bound,13,5,success_prob,0.4967041015625,0.972252490666702,0.9665454608949704,0.9722406100791446,0.01779651641845703,3,11,"[1, 3, 2]"
fake_vigo,3,ghz,15,0.2,45,False,0,"[3]",random,3,raw_upper_bound,13,6,success_prob,0.5013427734375,0.972252490666702,0.9665454608949704,0.9722406100791446,0.01779651641845703,3,11,"[1, 3, 2]"
fake_vigo,3,ghz,15,0.2,45,False,0,"[3]",random,3,raw_upper_bound,13,7,success_prob,0.495849609375,0.972252490666702,0.9665454608949704,0.9722406100791446,0.01779651641845703,3,11,"[1, 3, 2]"
fake_vigo,3,ghz,15,0.2,45,False,0,"[3]",random,3,raw_upper_bound,13,8,success_prob,0.491455078125,0.972252490666702,0.9665454608949704,0.9722406100791446,0.01779651641845703,3,11,"[1, 3, 2]"
fake_vigo,3,ghz,15,0.2,45,False,0,"[3]",random,3,raw_upper_bound,13,9,success_prob,0.4967041015625,0.972252490666702,0.9665454608949704,0.9722406100791446,0.01779651641845703,3,11,"[1, 3, 2]"
fake_vigo,3,ghz,15,0.2,45,False,0,"[3]",random,3,raw_upper_bound,13,10,success_prob,0.5052490234375,0.972252490666702,0.9665454608949704,0.9722406100791446,0.01779651641845703,3,11,"[1, 3, 2]"
fake_vigo,3,ghz,15,0.2,45,False,0,"[3]",random,3,raw_upper_bound,13,11,success_prob,0.501953125,0.972252490666702,0.9665454608949704,0.9722406100791446,0.01779651641845703,3,11,"[1, 3, 2]"
fake_vigo,3,ghz,15,0.2,45,False,0,"[3]",random,3,raw_upper_bound,13,12,success_prob,0.5018310546875,0.972252490666702,0.9665454608949704,0.9722406100791446,0.01779651641845703,3,11,"[1, 3, 2]"
fake_vigo,3,ghz,15,0.2,45,False,0,"[3]",random,3,raw_upper_bound,13,13,success_prob,0.5013427734375,0.972252490666702,0.9665454608949704,0.9722406100791446,0.01779651641845703,3,11,"[1, 3, 2]"
fake_vigo,3,ghz,15,0.2,45,False,0,"[3]",random,3,raw_upper_bound,13,14,success_prob,0.488037109375,0.972252490666702,0.9665454608949704,0.9722406100791446,0.01779651641845703,3,11,"[1, 3, 2]"
fake_vigo,3,ghz,15,0.2,45,False,0,"[3]",random,3,raw_upper_bound,13,15,success_prob,0.4864501953125,0.972252490666702,0.9665454608949704,0.9722406100791446,0.01779651641845703,3,11,"[1, 3, 2]"
fake_vigo,3,ghz,15,0.2,45,False,0,"[3]",random,3,raw_upper_bound,13,16,success_prob,0.4913330078125,0.972252490666702,0.9665454608949704,0.9722406100791446,0.01779651641845703,3,11,"[1, 3, 2]"
fake_vigo,3,ghz,15,0.2,45,False,0,"[3]",random,3,raw_upper_bound,13,17,success_prob,0.4998779296875,0.972252490666702,0.9665454608949704,0.9722406100791446,0.01779651641845703,3,11,"[1, 3, 2]"
fake_vigo,3,ghz,15,0.2,45,False,0,"[3]",random,3,raw_upper_bound,13,18,success_prob,0.5048828125,0.972252490666702,0.9665454608949704,0.9722406100791446,0.01779651641845703,3,11,"[1, 3, 2]"
fake_vigo,3,ghz,15,0.2,45,False,0,"[3]",random,3,raw_upper_bound,13,19,success_prob,0.49609375,0.972252490666702,0.9665454608949704,0.9722406100791446,0.01779651641845703,3,11,"[1, 3, 2]"
fake_vigo,3,ghz,15,0.2,45,False,0,"[3]",random,3,raw_upper_bound,14,0,success_prob,0.4921875,0.9715895343662251,0.9658863960850069,0.971573585418137,0.012284278869628906,2,6,"[2, 1, 3]"
fake_vigo,3,ghz,15,0.2,45,False,0,"[3]",random,3,raw_upper_bound,14,1,success_prob,0.4990234375,0.9715895343662251,0.9658863960850069,0.971573585418137,0.012284278869628906,2,6,"[2, 1, 3]"
fake_vigo,3,ghz,15,0.2,45,False,0,"[3]",random,3,raw_upper_bound,14,2,success_prob,0.4925537109375,0.9715895343662251,0.9658863960850069,0.971573585418137,0.012284278869628906,2,6,"[2, 1, 3]"
fake_vigo,3,ghz,15,0.2,45,False,0,"[3]",random,3,raw_upper_bound,14,3,success_prob,0.4869384765625,0.9715895343662251,0.9658863960850069,0.971573585418137,0.012284278869628906,2,6,"[2, 1, 3]"
fake_vigo,3,ghz,15,0.2,45,False,0,"[3]",random,3,raw_upper_bound,14,4,success_prob,0.4959716796875,0.9715895343662251,0.9658863960850069,0.971573585418137,0.012284278869628906,2,6,"[2, 1, 3]"
fake_vigo,3,ghz,15,0.2,45,False,0,"[3]",random,3,raw_upper_bound,14,5,success_prob,0.503173828125,0.9715895343662251,0.9658863960850069,0.971573585418137,0.012284278869628906,2,6,"[2, 1, 3]"
fake_vigo,3,ghz,15,0.2,45,False,0,"[3]",random,3,raw_upper_bound,14,6,success_prob,0.4949951171875,0.9715895343662251,0.9658863960850069,0.971573585418137,0.012284278869628906,2,6,"[2, 1, 3]"
fake_vigo,3,ghz,15,0.2,45,False,0,"[3]",random,3,raw_upper_bound,14,7,success_prob,0.4913330078125,0.9715895343662251,0.9658863960850069,0.971573585418137,0.012284278869628906,2,6,"[2, 1, 3]"
fake_vigo,3,ghz,15,0.2,45,False,0,"[3]",random,3,raw_upper_bound,14,8,success_prob,0.491455078125,0.9715895343662251,0.9658863960850069,0.971573585418137,0.012284278869628906,2,6,"[2, 1, 3]"
fake_vigo,3,ghz,15,0.2,45,False,0,"[3]",random,3,raw_upper_bound,14,9,success_prob,0.4947509765625,0.9715895343662251,0.9658863960850069,0.971573585418137,0.012284278869628906,2,6,"[2, 1, 3]"
fake_vigo,3,ghz,15,0.2,45,False,0,"[3]",random,3,raw_upper_bound,14,10,success_prob,0.5,0.9715895343662251,0.9658863960850069,0.971573585418137,0.012284278869628906,2,6,"[2, 1, 3]"
fake_vigo,3,ghz,15,0.2,45,False,0,"[3]",random,3,raw_upper_bound,14,11,success_prob,0.498779296875,0.9715895343662251,0.9658863960850069,0.971573585418137,0.012284278869628906,2,6,"[2, 1, 3]"
fake_vigo,3,ghz,15,0.2,45,False,0,"[3]",random,3,raw_upper_bound,14,12,success_prob,0.4932861328125,0.9715895343662251,0.9658863960850069,0.971573585418137,0.012284278869628906,2,6,"[2, 1, 3]"
fake_vigo,3,ghz,15,0.2,45,False,0,"[3]",random,3,raw_upper_bound,14,13,success_prob,0.493408203125,0.9715895343662251,0.9658863960850069,0.971573585418137,0.012284278869628906,2,6,"[2, 1, 3]"
fake_vigo,3,ghz,15,0.2,45,False,0,"[3]",random,3,raw_upper_bound,14,14,success_prob,0.492431640625,0.9715895343662251,0.9658863960850069,0.971573585418137,0.012284278869628906,2,6,"[2, 1, 3]"
fake_vigo,3,ghz,15,0.2,45,False,0,"[3]",random,3,raw_upper_bound,14,15,success_prob,0.495849609375,0.9715895343662251,0.9658863960850069,0.971573585418137,0.012284278869628906,2,6,"[2, 1, 3]"
fake_vigo,3,ghz,15,0.2,45,False,0,"[3]",random,3,raw_upper_bound,14,16,success_prob,0.49755859375,0.9715895343662251,0.9658863960850069,0.971573585418137,0.012284278869628906,2,6,"[2, 1, 3]"
fake_vigo,3,ghz,15,0.2,45,False,0,"[3]",random,3,raw_upper_bound,14,17,success_prob,0.5013427734375,0.9715895343662251,0.9658863960850069,0.971573585418137,0.012284278869628906,2,6,"[2, 1, 3]"
fake_vigo,3,ghz,15,0.2,45,False,0,"[3]",random,3,raw_upper_bound,14,18,success_prob,0.5028076171875,0.9715895343662251,0.9658863960850069,0.971573585418137,0.012284278869628906,2,6,"[2, 1, 3]"
fake_vigo,3,ghz,15,0.2,45,False,0,"[3]",random,3,raw_upper_bound,14,19,success_prob,0.4957275390625,0.9715895343662251,0.9658863960850069,0.971573585418137,0.012284278869628906,2,6,"[2, 1, 3]"
fake_vigo,3,ghz,15,0.2,45,False,0,"[3]",random,3,raw_upper_bound,15,0,success_prob,0.4921875,0.9417749658495687,0.9362468362536348,0.9417240209729261,0.01085352897644043,5,6,"[2, 3, 1]"
fake_vigo,3,ghz,15,0.2,45,False,0,"[3]",random,3,raw_upper_bound,15,1,success_prob,0.4990234375,0.9417749658495687,0.9362468362536348,0.9417240209729261,0.01085352897644043,5,6,"[2, 3, 1]"
fake_vigo,3,ghz,15,0.2,45,False,0,"[3]",random,3,raw_upper_bound,15,2,success_prob,0.4925537109375,0.9417749658495687,0.9362468362536348,0.9417240209729261,0.01085352897644043,5,6,"[2, 3, 1]"
fake_vigo,3,ghz,15,0.2,45,False,0,"[3]",random,3,raw_upper_bound,15,3,success_prob,0.4869384765625,0.9417749658495687,0.9362468362536348,0.9417240209729261,0.01085352897644043,5,6,"[2, 3, 1]"
fake_vigo,3,ghz,15,0.2,45,False,0,"[3]",random,3,raw_upper_bound,15,4,success_prob,0.4959716796875,0.9417749658495687,0.9362468362536348,0.9417240209729261,0.01085352897644043,5,6,"[2, 3, 1]"
fake_vigo,3,ghz,15,0.2,45,False,0,"[3]",random,3,raw_upper_bound,15,5,success_prob,0.503173828125,0.9417749658495687,0.9362468362536348,0.9417240209729261,0.01085352897644043,5,6,"[2, 3, 1]"
fake_vigo,3,ghz,15,0.2,45,False,0,"[3]",random,3,raw_upper_bound,15,6,success_prob,0.4949951171875,0.9417749658495687,0.9362468362536348,0.9417240209729261,0.01085352897644043,5,6,"[2, 3, 1]"
fake_vigo,3,ghz,15,0.2,45,False,0,"[3]",random,3,raw_upper_bound,15,7,success_prob,0.4913330078125,0.9417749658495687,0.9362468362536348,0.9417240209729261,0.01085352897644043,5,6,"[2, 3, 1]"
fake_vigo,3,ghz,15,0.2,45,False,0,"[3]",random,3,raw_upper_bound,15,8,success_prob,0.491455078125,0.9417749658495687,0.9362468362536348,0.9417240209729261,0.01085352897644043,5,6,"[2, 3, 1]"
fake_vigo,3,ghz,15,0.2,45,False,0,"[3]",random,3,raw_upper_bound,15,9,success_prob,0.4947509765625,0.9417749658495687,0.9362468362536348,0.9417240209729261,0.01085352897644043,5,6,"[2, 3, 1]"
fake_vigo,3,ghz,15,0.2,45,False,0,"[3]",random,3,raw_upper_bound,15,10,success_prob,0.5,0.9417749658495687,0.9362468362536348,0.9417240209729261,0.01085352897644043,5,6,"[2, 3, 1]"
fake_vigo,3,ghz,15,0.2,45,False,0,"[3]",random,3,raw_upper_bound,15,11,success_prob,0.498779296875,0.9417749658495687,0.9362468362536348,0.9417240209729261,0.01085352897644043,5,6,"[2, 3, 1]"
fake_vigo,3,ghz,15,0.2,45,False,0,"[3]",random,3,raw_upper_bound,15,12,success_prob,0.4932861328125,0.9417749658495687,0.9362468362536348,0.9417240209729261,0.01085352897644043,5,6,"[2, 3, 1]"
fake_vigo,3,ghz,15,0.2,45,False,0,"[3]",random,3,raw_upper_bound,15,13,success_prob,0.493408203125,0.9417749658495687,0.9362468362536348,0.9417240209729261,0.01085352897644043,5,6,"[2, 3, 1]"
fake_vigo,3,ghz,15,0.2,45,False,0,"[3]",random,3,raw_upper_bound,15,14,success_prob,0.492431640625,0.9417749658495687,0.9362468362536348,0.9417240209729261,0.01085352897644043,5,6,"[2, 3, 1]"
fake_vigo,3,ghz,15,0.2,45,False,0,"[3]",random,3,raw_upper_bound,15,15,success_prob,0.495849609375,0.9417749658495687,0.9362468362536348,0.9417240209729261,0.01085352897644043,5,6,"[2, 3, 1]"
fake_vigo,3,ghz,15,0.2,45,False,0,"[3]",random,3,raw_upper_bound,15,16,success_prob,0.49755859375,0.9417749658495687,0.9362468362536348,0.9417240209729261,0.01085352897644043,5,6,"[2, 3, 1]"
fake_vigo,3,ghz,15,0.2,45,False,0,"[3]",random,3,raw_upper_bound,15,17,success_prob,0.5013427734375,0.9417749658495687,0.9362468362536348,0.9417240209729261,0.01085352897644043,5,6,"[2, 3, 1]"
fake_vigo,3,ghz,15,0.2,45,False,0,"[3]",random,3,raw_upper_bound,15,18,success_prob,0.5028076171875,0.9417749658495687,0.9362468362536348,0.9417240209729261,0.01085352897644043,5,6,"[2, 3, 1]"
fake_vigo,3,ghz,15,0.2,45,False,0,"[3]",random,3,raw_upper_bound,15,19,success_prob,0.4957275390625,0.9417749658495687,0.9362468362536348,0.9417240209729261,0.01085352897644043,5,6,"[2, 3, 1]"
fake_vigo,3,ghz,15,0.2,45,False,0,"[3]",random,3,raw_upper_bound,16,0,success_prob,0.49267578125,0.9772375811666801,0.9715012893872177,0.9772320761414658,0.00960850715637207,2,6,"[3, 1, 2]"
fake_vigo,3,ghz,15,0.2,45,False,0,"[3]",random,3,raw_upper_bound,16,1,success_prob,0.499267578125,0.9772375811666801,0.9715012893872177,0.9772320761414658,0.00960850715637207,2,6,"[3, 1, 2]"
fake_vigo,3,ghz,15,0.2,45,False,0,"[3]",random,3,raw_upper_bound,16,2,success_prob,0.4921875,0.9772375811666801,0.9715012893872177,0.9772320761414658,0.00960850715637207,2,6,"[3, 1, 2]"
fake_vigo,3,ghz,15,0.2,45,False,0,"[3]",random,3,raw_upper_bound,16,3,success_prob,0.4873046875,0.9772375811666801,0.9715012893872177,0.9772320761414658,0.00960850715637207,2,6,"[3, 1, 2]"
fake_vigo,3,ghz,15,0.2,45,False,0,"[3]",random,3,raw_upper_bound,16,4,success_prob,0.49658203125,0.9772375811666801,0.9715012893872177,0.9772320761414658,0.00960850715637207,2,6,"[3, 1, 2]"
fake_vigo,3,ghz,15,0.2,45,False,0,"[3]",random,3,raw_upper_bound,16,5,success_prob,0.5030517578125,0.9772375811666801,0.9715012893872177,0.9772320761414658,0.00960850715637207,2,6,"[3, 1, 2]"
fake_vigo,3,ghz,15,0.2,45,False,0,"[3]",random,3,raw_upper_bound,16,6,success_prob,0.493896484375,0.9772375811666801,0.9715012893872177,0.9772320761414658,0.00960850715637207,2,6,"[3, 1, 2]"
fake_vigo,3,ghz,15,0.2,45,False,0,"[3]",random,3,raw_upper_bound,16,7,success_prob,0.4910888671875,0.9772375811666801,0.9715012893872177,0.9772320761414658,0.00960850715637207,2,6,"[3, 1, 2]"
fake_vigo,3,ghz,15,0.2,45,False,0,"[3]",random,3,raw_upper_bound,16,8,success_prob,0.4915771484375,0.9772375811666801,0.9715012893872177,0.9772320761414658,0.00960850715637207,2,6,"[3, 1, 2]"
fake_vigo,3,ghz,15,0.2,45,False,0,"[3]",random,3,raw_upper_bound,16,9,success_prob,0.4947509765625,0.9772375811666801,0.9715012893872177,0.9772320761414658,0.00960850715637207,2,6,"[3, 1, 2]"
fake_vigo,3,ghz,15,0.2,45,False,0,"[3]",random,3,raw_upper_bound,16,10,success_prob,0.499267578125,0.9772375811666801,0.9715012893872177,0.9772320761414658,0.00960850715637207,2,6,"[3, 1, 2]"
fake_vigo,3,ghz,15,0.2,45,False,0,"[3]",random,3,raw_upper_bound,16,11,success_prob,0.4993896484375,0.9772375811666801,0.9715012893872177,0.9772320761414658,0.00960850715637207,2,6,"[3, 1, 2]"
fake_vigo,3,ghz,15,0.2,45,False,0,"[3]",random,3,raw_upper_bound,16,12,success_prob,0.4937744140625,0.9772375811666801,0.9715012893872177,0.9772320761414658,0.00960850715637207,2,6,"[3, 1, 2]"
fake_vigo,3,ghz,15,0.2,45,False,0,"[3]",random,3,raw_upper_bound,16,13,success_prob,0.493896484375,0.9772375811666801,0.9715012893872177,0.9772320761414658,0.00960850715637207,2,6,"[3, 1, 2]"
fake_vigo,3,ghz,15,0.2,45,False,0,"[3]",random,3,raw_upper_bound,16,14,success_prob,0.492431640625,0.9772375811666801,0.9715012893872177,0.9772320761414658,0.00960850715637207,2,6,"[3, 1, 2]"
fake_vigo,3,ghz,15,0.2,45,False,0,"[3]",random,3,raw_upper_bound,16,15,success_prob,0.495361328125,0.9772375811666801,0.9715012893872177,0.9772320761414658,0.00960850715637207,2,6,"[3, 1, 2]"
fake_vigo,3,ghz,15,0.2,45,False,0,"[3]",random,3,raw_upper_bound,16,16,success_prob,0.4976806640625,0.9772375811666801,0.9715012893872177,0.9772320761414658,0.00960850715637207,2,6,"[3, 1, 2]"
fake_vigo,3,ghz,15,0.2,45,False,0,"[3]",random,3,raw_upper_bound,16,17,success_prob,0.50146484375,0.9772375811666801,0.9715012893872177,0.9772320761414658,0.00960850715637207,2,6,"[3, 1, 2]"
fake_vigo,3,ghz,15,0.2,45,False,0,"[3]",random,3,raw_upper_bound,16,18,success_prob,0.502685546875,0.9772375811666801,0.9715012893872177,0.9772320761414658,0.00960850715637207,2,6,"[3, 1, 2]"
fake_vigo,3,ghz,15,0.2,45,False,0,"[3]",random,3,raw_upper_bound,16,19,success_prob,0.494384765625,0.9772375811666801,0.9715012893872177,0.9772320761414658,0.00960850715637207,2,6,"[3, 1, 2]"
fake_vigo,3,ghz,15,0.2,45,False,0,"[3]",random,3,raw_upper_bound,17,0,success_prob,0.49267578125,0.9439156413118782,0.9383749461543106,0.9439103230210412,0.011815071105957031,5,6,"[3, 2, 1]"
fake_vigo,3,ghz,15,0.2,45,False,0,"[3]",random,3,raw_upper_bound,17,1,success_prob,0.499267578125,0.9439156413118782,0.9383749461543106,0.9439103230210412,0.011815071105957031,5,6,"[3, 2, 1]"
fake_vigo,3,ghz,15,0.2,45,False,0,"[3]",random,3,raw_upper_bound,17,2,success_prob,0.4921875,0.9439156413118782,0.9383749461543106,0.9439103230210412,0.011815071105957031,5,6,"[3, 2, 1]"
fake_vigo,3,ghz,15,0.2,45,False,0,"[3]",random,3,raw_upper_bound,17,3,success_prob,0.4873046875,0.9439156413118782,0.9383749461543106,0.9439103230210412,0.011815071105957031,5,6,"[3, 2, 1]"
fake_vigo,3,ghz,15,0.2,45,False,0,"[3]",random,3,raw_upper_bound,17,4,success_prob,0.49658203125,0.9439156413118782,0.9383749461543106,0.9439103230210412,0.011815071105957031,5,6,"[3, 2, 1]"
fake_vigo,3,ghz,15,0.2,45,False,0,"[3]",random,3,raw_upper_bound,17,5,success_prob,0.5030517578125,0.9439156413118782,0.9383749461543106,0.9439103230210412,0.011815071105957031,5,6,"[3, 2, 1]"
fake_vigo,3,ghz,15,0.2,45,False,0,"[3]",random,3,raw_upper_bound,17,6,success_prob,0.493896484375,0.9439156413118782,0.9383749461543106,0.9439103230210412,0.011815071105957031,5,6,"[3, 2, 1]"
fake_vigo,3,ghz,15,0.2,45,False,0,"[3]",random,3,raw_upper_bound,17,7,success_prob,0.4910888671875,0.9439156413118782,0.9383749461543106,0.9439103230210412,0.011815071105957031,5,6,"[3, 2, 1]"
fake_vigo,3,ghz,15,0.2,45,False,0,"[3]",random,3,raw_upper_bound,17,8,success_prob,0.4915771484375,0.9439156413118782,0.9383749461543106,0.9439103230210412,0.011815071105957031,5,6,"[3, 2, 1]"
fake_vigo,3,ghz,15,0.2,45,False,0,"[3]",random,3,raw_upper_bound,17,9,success_prob,0.4947509765625,0.9439156413118782,0.9383749461543106,0.9439103230210412,0.011815071105957031,5,6,"[3, 2, 1]"
fake_vigo,3,ghz,15,0.2,45,False,0,"[3]",random,3,raw_upper_bound,17,10,success_prob,0.499267578125,0.9439156413118782,0.9383749461543106,0.9439103230210412,0.011815071105957031,5,6,"[3, 2, 1]"
fake_vigo,3,ghz,15,0.2,45,False,0,"[3]",random,3,raw_upper_bound,17,11,success_prob,0.4993896484375,0.9439156413118782,0.9383749461543106,0.9439103230210412,0.011815071105957031,5,6,"[3, 2, 1]"
fake_vigo,3,ghz,15,0.2,45,False,0,"[3]",random,3,raw_upper_bound,17,12,success_prob,0.4937744140625,0.9439156413118782,0.9383749461543106,0.9439103230210412,0.011815071105957031,5,6,"[3, 2, 1]"
fake_vigo,3,ghz,15,0.2,45,False,0,"[3]",random,3,raw_upper_bound,17,13,success_prob,0.493896484375,0.9439156413118782,0.9383749461543106,0.9439103230210412,0.011815071105957031,5,6,"[3, 2, 1]"
fake_vigo,3,ghz,15,0.2,45,False,0,"[3]",random,3,raw_upper_bound,17,14,success_prob,0.492431640625,0.9439156413118782,0.9383749461543106,0.9439103230210412,0.011815071105957031,5,6,"[3, 2, 1]"
fake_vigo,3,ghz,15,0.2,45,False,0,"[3]",random,3,raw_upper_bound,17,15,success_prob,0.495361328125,0.9439156413118782,0.9383749461543106,0.9439103230210412,0.011815071105957031,5,6,"[3, 2, 1]"
fake_vigo,3,ghz,15,0.2,45,False,0,"[3]",random,3,raw_upper_bound,17,16,success_prob,0.4976806640625,0.9439156413118782,0.9383749461543106,0.9439103230210412,0.011815071105957031,5,6,"[3, 2, 1]"
fake_vigo,3,ghz,15,0.2,45,False,0,"[3]",random,3,raw_upper_bound,17,17,success_prob,0.50146484375,0.9439156413118782,0.9383749461543106,0.9439103230210412,0.011815071105957031,5,6,"[3, 2, 1]"
fake_vigo,3,ghz,15,0.2,45,False,0,"[3]",random,3,raw_upper_bound,17,18,success_prob,0.502685546875,0.9439156413118782,0.9383749461543106,0.9439103230210412,0.011815071105957031,5,6,"[3, 2, 1]"
fake_vigo,3,ghz,15,0.2,45,False,0,"[3]",random,3,raw_upper_bound,17,19,success_prob,0.494384765625,0.9439156413118782,0.9383749461543106,0.9439103230210412,0.011815071105957031,5,6,"[3, 2, 1]"
fake_vigo,3,ghz,15,0.2,45,False,0,"[3]",random,3,raw_upper_bound,18,0,success_prob,0.4932861328125,0.9804371441399493,0.9746821422054331,0.9804187487283189,0.011806249618530273,2,6,"[1, 3, 4]"
fake_vigo,3,ghz,15,0.2,45,False,0,"[3]",random,3,raw_upper_bound,18,1,success_prob,0.50048828125,0.9804371441399493,0.9746821422054331,0.9804187487283189,0.011806249618530273,2,6,"[1, 3, 4]"
fake_vigo,3,ghz,15,0.2,45,False,0,"[3]",random,3,raw_upper_bound,18,2,success_prob,0.4937744140625,0.9804371441399493,0.9746821422054331,0.9804187487283189,0.011806249618530273,2,6,"[1, 3, 4]"
fake_vigo,3,ghz,15,0.2,45,False,0,"[3]",random,3,raw_upper_bound,18,3,success_prob,0.488037109375,0.9804371441399493,0.9746821422054331,0.9804187487283189,0.011806249618530273,2,6,"[1, 3, 4]"
fake_vigo,3,ghz,15,0.2,45,False,0,"[3]",random,3,raw_upper_bound,18,4,success_prob,0.4964599609375,0.9804371441399493,0.9746821422054331,0.9804187487283189,0.011806249618530273,2,6,"[1, 3, 4]"
fake_vigo,3,ghz,15,0.2,45,False,0,"[3]",random,3,raw_upper_bound,18,5,success_prob,0.5040283203125,0.9804371441399493,0.9746821422054331,0.9804187487283189,0.011806249618530273,2,6,"[1, 3, 4]"
fake_vigo,3,ghz,15,0.2,45,False,0,"[3]",random,3,raw_upper_bound,18,6,success_prob,0.4949951171875,0.9804371441399493,0.9746821422054331,0.9804187487283189,0.011806249618530273,2,6,"[1, 3, 4]"
fake_vigo,3,ghz,15,0.2,45,False,0,"[3]",random,3,raw_upper_bound,18,7,success_prob,0.4925537109375,0.9804371441399493,0.9746821422054331,0.9804187487283189,0.011806249618530273,2,6,"[1, 3, 4]"
fake_vigo,3,ghz,15,0.2,45,False,0,"[3]",random,3,raw_upper_bound,18,8,success_prob,0.492919921875,0.9804371441399493,0.9746821422054331,0.9804187487283189,0.011806249618530273,2,6,"[1, 3, 4]"
fake_vigo,3,ghz,15,0.2,45,False,0,"[3]",random,3,raw_upper_bound,18,9,success_prob,0.4952392578125,0.9804371441399493,0.9746821422054331,0.9804187487283189,0.011806249618530273,2,6,"[1, 3, 4]"
fake_vigo,3,ghz,15,0.2,45,False,0,"[3]",random,3,raw_upper_bound,18,10,success_prob,0.500244140625,0.9804371441399493,0.9746821422054331,0.9804187487283189,0.011806249618530273,2,6,"[1, 3, 4]"
fake_vigo,3,ghz,15,0.2,45,False,0,"[3]",random,3,raw_upper_bound,18,11,success_prob,0.4996337890625,0.9804371441399493,0.9746821422054331,0.9804187487283189,0.011806249618530273,2,6,"[1, 3, 4]"
fake_vigo,3,ghz,15,0.2,45,False,0,"[3]",random,3,raw_upper_bound,18,12,success_prob,0.4949951171875,0.9804371441399493,0.9746821422054331,0.9804187487283189,0.011806249618530273,2,6,"[1, 3, 4]"
fake_vigo,3,ghz,15,0.2,45,False,0,"[3]",random,3,raw_upper_bound,18,13,success_prob,0.4942626953125,0.9804371441399493,0.9746821422054331,0.9804187487283189,0.011806249618530273,2,6,"[1, 3, 4]"
fake_vigo,3,ghz,15,0.2,45,False,0,"[3]",random,3,raw_upper_bound,18,14,success_prob,0.492919921875,0.9804371441399493,0.9746821422054331,0.9804187487283189,0.011806249618530273,2,6,"[1, 3, 4]"
fake_vigo,3,ghz,15,0.2,45,False,0,"[3]",random,3,raw_upper_bound,18,15,success_prob,0.49658203125,0.9804371441399493,0.9746821422054331,0.9804187487283189,0.011806249618530273,2,6,"[1, 3, 4]"
fake_vigo,3,ghz,15,0.2,45,False,0,"[3]",random,3,raw_upper_bound,18,16,success_prob,0.4979248046875,0.9804371441399493,0.9746821422054331,0.9804187487283189,0.011806249618530273,2,6,"[1, 3, 4]"
fake_vigo,3,ghz,15,0.2,45,False,0,"[3]",random,3,raw_upper_bound,18,17,success_prob,0.501708984375,0.9804371441399493,0.9746821422054331,0.9804187487283189,0.011806249618530273,2,6,"[1, 3, 4]"
fake_vigo,3,ghz,15,0.2,45,False,0,"[3]",random,3,raw_upper_bound,18,18,success_prob,0.50390625,0.9804371441399493,0.9746821422054331,0.9804187487283189,0.011806249618530273,2,6,"[1, 3, 4]"
fake_vigo,3,ghz,15,0.2,45,False,0,"[3]",random,3,raw_upper_bound,18,19,success_prob,0.4959716796875,0.9804371441399493,0.9746821422054331,0.9804187487283189,0.011806249618530273,2,6,"[1, 3, 4]"
fake_vigo,3,ghz,15,0.2,45,False,0,"[3]",random,3,raw_upper_bound,19,0,success_prob,0.4932861328125,0.9625644931659469,0.9569144007011965,0.9625294572537885,0.010840177536010742,5,6,"[1, 4, 3]"
fake_vigo,3,ghz,15,0.2,45,False,0,"[3]",random,3,raw_upper_bound,19,1,success_prob,0.50048828125,0.9625644931659469,0.9569144007011965,0.9625294572537885,0.010840177536010742,5,6,"[1, 4, 3]"
fake_vigo,3,ghz,15,0.2,45,False,0,"[3]",random,3,raw_upper_bound,19,2,success_prob,0.4937744140625,0.9625644931659469,0.9569144007011965,0.9625294572537885,0.010840177536010742,5,6,"[1, 4, 3]"
fake_vigo,3,ghz,15,0.2,45,False,0,"[3]",random,3,raw_upper_bound,19,3,success_prob,0.488037109375,0.9625644931659469,0.9569144007011965,0.9625294572537885,0.010840177536010742,5,6,"[1, 4, 3]"
fake_vigo,3,ghz,15,0.2,45,False,0,"[3]",random,3,raw_upper_bound,19,4,success_prob,0.4964599609375,0.9625644931659469,0.9569144007011965,0.9625294572537885,0.010840177536010742,5,6,"[1, 4, 3]"
fake_vigo,3,ghz,15,0.2,45,False,0,"[3]",random,3,raw_upper_bound,19,5,success_prob,0.5040283203125,0.9625644931659469,0.9569144007011965,0.9625294572537885,0.010840177536010742,5,6,"[1, 4, 3]"
fake_vigo,3,ghz,15,0.2,45,False,0,"[3]",random,3,raw_upper_bound,19,6,success_prob,0.4949951171875,0.9625644931659469,0.9569144007011965,0.9625294572537885,0.010840177536010742,5,6,"[1, 4, 3]"
fake_vigo,3,ghz,15,0.2,45,False,0,"[3]",random,3,raw_upper_bound,19,7,success_prob,0.4925537109375,0.9625644931659469,0.9569144007011965,0.9625294572537885,0.010840177536010742,5,6,"[1, 4, 3]"
fake_vigo,3,ghz,15,0.2,45,False,0,"[3]",random,3,raw_upper_bound,19,8,success_prob,0.492919921875,0.9625644931659469,0.9569144007011965,0.9625294572537885,0.010840177536010742,5,6,"[1, 4, 3]"
fake_vigo,3,ghz,15,0.2,45,False,0,"[3]",random,3,raw_upper_bound,19,9,success_prob,0.4952392578125,0.9625644931659469,0.9569144007011965,0.9625294572537885,0.010840177536010742,5,6,"[1, 4, 3]"
fake_vigo,3,ghz,15,0.2,45,False,0,"[3]",random,3,raw_upper_bound,19,10,success_prob,0.500244140625,0.9625644931659469,0.9569144007011965,0.9625294572537885,0.010840177536010742,5,6,"[1, 4, 3]"
fake_vigo,3,ghz,15,0.2,45,False,0,"[3]",random,3,raw_upper_bound,19,11,success_prob,0.4996337890625,0.9625644931659469,0.9569144007011965,0.9625294572537885,0.010840177536010742,5,6,"[1, 4, 3]"
fake_vigo,3,ghz,15,0.2,45,False,0,"[3]",random,3,raw_upper_bound,19,12,success_prob,0.4949951171875,0.9625644931659469,0.9569144007011965,0.9625294572537885,0.010840177536010742,5,6,"[1, 4, 3]"
fake_vigo,3,ghz,15,0.2,45,False,0,"[3]",random,3,raw_upper_bound,19,13,success_prob,0.4942626953125,0.9625644931659469,0.9569144007011965,0.9625294572537885,0.010840177536010742,5,6,"[1, 4, 3]"
fake_vigo,3,ghz,15,0.2,45,False,0,"[3]",random,3,raw_upper_bound,19,14,success_prob,0.492919921875,0.9625644931659469,0.9569144007011965,0.9625294572537885,0.010840177536010742,5,6,"[1, 4, 3]"
fake_vigo,3,ghz,15,0.2,45,False,0,"[3]",random,3,raw_upper_bound,19,15,success_prob,0.49658203125,0.9625644931659469,0.9569144007011965,0.9625294572537885,0.010840177536010742,5,6,"[1, 4, 3]"
fake_vigo,3,ghz,15,0.2,45,False,0,"[3]",random,3,raw_upper_bound,19,16,success_prob,0.4979248046875,0.9625644931659469,0.9569144007011965,0.9625294572537885,0.010840177536010742,5,6,"[1, 4, 3]"
fake_vigo,3,ghz,15,0.2,45,False,0,"[3]",random,3,raw_upper_bound,19,17,success_prob,0.501708984375,0.9625644931659469,0.9569144007011965,0.9625294572537885,0.010840177536010742,5,6,"[1, 4, 3]"
fake_vigo,3,ghz,15,0.2,45,False,0,"[3]",random,3,raw_upper_bound,19,18,success_prob,0.50390625,0.9625644931659469,0.9569144007011965,0.9625294572537885,0.010840177536010742,5,6,"[1, 4, 3]"
fake_vigo,3,ghz,15,0.2,45,False,0,"[3]",random,3,raw_upper_bound,19,19,success_prob,0.4959716796875,0.9625644931659469,0.9569144007011965,0.9625294572537885,0.010840177536010742,5,6,"[1, 4, 3]"
fake_vigo,3,ghz,15,0.2,45,False,0,"[3]",random,3,raw_upper_bound,20,0,success_prob,0.495361328125,0.9799289849254782,0.9741769658004973,0.9799147106141308,0.011524677276611328,3,10,"[3, 1, 4]"
fake_vigo,3,ghz,15,0.2,45,False,0,"[3]",random,3,raw_upper_bound,20,1,success_prob,0.5,0.9799289849254782,0.9741769658004973,0.9799147106141308,0.011524677276611328,3,10,"[3, 1, 4]"
fake_vigo,3,ghz,15,0.2,45,False,0,"[3]",random,3,raw_upper_bound,20,2,success_prob,0.489990234375,0.9799289849254782,0.9741769658004973,0.9799147106141308,0.011524677276611328,3,10,"[3, 1, 4]"
fake_vigo,3,ghz,15,0.2,45,False,0,"[3]",random,3,raw_upper_bound,20,3,success_prob,0.4906005859375,0.9799289849254782,0.9741769658004973,0.9799147106141308,0.011524677276611328,3,10,"[3, 1, 4]"
fake_vigo,3,ghz,15,0.2,45,False,0,"[3]",random,3,raw_upper_bound,20,4,success_prob,0.493408203125,0.9799289849254782,0.9741769658004973,0.9799147106141308,0.011524677276611328,3,10,"[3, 1, 4]"
fake_vigo,3,ghz,15,0.2,45,False,0,"[3]",random,3,raw_upper_bound,20,5,success_prob,0.4967041015625,0.9799289849254782,0.9741769658004973,0.9799147106141308,0.011524677276611328,3,10,"[3, 1, 4]"
fake_vigo,3,ghz,15,0.2,45,False,0,"[3]",random,3,raw_upper_bound,20,6,success_prob,0.501220703125,0.9799289849254782,0.9741769658004973,0.9799147106141308,0.011524677276611328,3,10,"[3, 1, 4]"
fake_vigo,3,ghz,15,0.2,45,False,0,"[3]",random,3,raw_upper_bound,20,7,success_prob,0.4981689453125,0.9799289849254782,0.9741769658004973,0.9799147106141308,0.011524677276611328,3,10,"[3, 1, 4]"
fake_vigo,3,ghz,15,0.2,45,False,0,"[3]",random,3,raw_upper_bound,20,8,success_prob,0.491943359375,0.9799289849254782,0.9741769658004973,0.9799147106141308,0.011524677276611328,3,10,"[3, 1, 4]"
fake_vigo,3,ghz,15,0.2,45,False,0,"[3]",random,3,raw_upper_bound,20,9,success_prob,0.497314453125,0.9799289849254782,0.9741769658004973,0.9799147106141308,0.011524677276611328,3,10,"[3, 1, 4]"
fake_vigo,3,ghz,15,0.2,45,False,0,"[3]",random,3,raw_upper_bound,20,10,success_prob,0.505859375,0.9799289849254782,0.9741769658004973,0.9799147106141308,0.011524677276611328,3,10,"[3, 1, 4]"
fake_vigo,3,ghz,15,0.2,45,False,0,"[3]",random,3,raw_upper_bound,20,11,success_prob,0.50341796875,0.9799289849254782,0.9741769658004973,0.9799147106141308,0.011524677276611328,3,10,"[3, 1, 4]"
fake_vigo,3,ghz,15,0.2,45,False,0,"[3]",random,3,raw_upper_bound,20,12,success_prob,0.5042724609375,0.9799289849254782,0.9741769658004973,0.9799147106141308,0.011524677276611328,3,10,"[3, 1, 4]"
fake_vigo,3,ghz,15,0.2,45,False,0,"[3]",random,3,raw_upper_bound,20,13,success_prob,0.502685546875,0.9799289849254782,0.9741769658004973,0.9799147106141308,0.011524677276611328,3,10,"[3, 1, 4]"
fake_vigo,3,ghz,15,0.2,45,False,0,"[3]",random,3,raw_upper_bound,20,14,success_prob,0.48876953125,0.9799289849254782,0.9741769658004973,0.9799147106141308,0.011524677276611328,3,10,"[3, 1, 4]"
fake_vigo,3,ghz,15,0.2,45,False,0,"[3]",random,3,raw_upper_bound,20,15,success_prob,0.4873046875,0.9799289849254782,0.9741769658004973,0.9799147106141308,0.011524677276611328,3,10,"[3, 1, 4]"
fake_vigo,3,ghz,15,0.2,45,False,0,"[3]",random,3,raw_upper_bound,20,16,success_prob,0.4935302734375,0.9799289849254782,0.9741769658004973,0.9799147106141308,0.011524677276611328,3,10,"[3, 1, 4]"
fake_vigo,3,ghz,15,0.2,45,False,0,"[3]",random,3,raw_upper_bound,20,17,success_prob,0.50048828125,0.9799289849254782,0.9741769658004973,0.9799147106141308,0.011524677276611328,3,10,"[3, 1, 4]"
fake_vigo,3,ghz,15,0.2,45,False,0,"[3]",random,3,raw_upper_bound,20,18,success_prob,0.5050048828125,0.9799289849254782,0.9741769658004973,0.9799147106141308,0.011524677276611328,3,10,"[3, 1, 4]"
fake_vigo,3,ghz,15,0.2,45,False,0,"[3]",random,3,raw_upper_bound,20,19,success_prob,0.4959716796875,0.9799289849254782,0.9741769658004973,0.9799147106141308,0.011524677276611328,3,10,"[3, 1, 4]"
fake_vigo,3,ghz,15,0.2,45,False,0,"[3]",random,3,raw_upper_bound,21,0,success_prob,0.495361328125,0.9822857963248718,0.97651994311145,0.9822739460503589,0.011075019836425781,3,10,"[3, 4, 1]"
fake_vigo,3,ghz,15,0.2,45,False,0,"[3]",random,3,raw_upper_bound,21,1,success_prob,0.4996337890625,0.9822857963248718,0.97651994311145,0.9822739460503589,0.011075019836425781,3,10,"[3, 4, 1]"
fake_vigo,3,ghz,15,0.2,45,False,0,"[3]",random,3,raw_upper_bound,21,2,success_prob,0.4888916015625,0.9822857963248718,0.97651994311145,0.9822739460503589,0.011075019836425781,3,10,"[3, 4, 1]"
fake_vigo,3,ghz,15,0.2,45,False,0,"[3]",random,3,raw_upper_bound,21,3,success_prob,0.49072265625,0.9822857963248718,0.97651994311145,0.9822739460503589,0.011075019836425781,3,10,"[3, 4, 1]"
fake_vigo,3,ghz,15,0.2,45,False,0,"[3]",random,3,raw_upper_bound,21,4,success_prob,0.49365234375,0.9822857963248718,0.97651994311145,0.9822739460503589,0.011075019836425781,3,10,"[3, 4, 1]"
fake_vigo,3,ghz,15,0.2,45,False,0,"[3]",random,3,raw_upper_bound,21,5,success_prob,0.4969482421875,0.9822857963248718,0.97651994311145,0.9822739460503589,0.011075019836425781,3,10,"[3, 4, 1]"
fake_vigo,3,ghz,15,0.2,45,False,0,"[3]",random,3,raw_upper_bound,21,6,success_prob,0.501953125,0.9822857963248718,0.97651994311145,0.9822739460503589,0.011075019836425781,3,10,"[3, 4, 1]"
fake_vigo,3,ghz,15,0.2,45,False,0,"[3]",random,3,raw_upper_bound,21,7,success_prob,0.4984130859375,0.9822857963248718,0.97651994311145,0.9822739460503589,0.011075019836425781,3,10,"[3, 4, 1]"
fake_vigo,3,ghz,15,0.2,45,False,0,"[3]",random,3,raw_upper_bound,21,8,success_prob,0.4918212890625,0.9822857963248718,0.97651994311145,0.9822739460503589,0.011075019836425781,3,10,"[3, 4, 1]"
fake_vigo,3,ghz,15,0.2,45,False,0,"[3]",random,3,raw_upper_bound,21,9,success_prob,0.49609375,0.9822857963248718,0.97651994311145,0.9822739460503589,0.011075019836425781,3,10,"[3, 4, 1]"
fake_vigo,3,ghz,15,0.2,45,False,0,"[3]",random,3,raw_upper_bound,21,10,success_prob,0.505859375,0.9822857963248718,0.97651994311145,0.9822739460503589,0.011075019836425781,3,10,"[3, 4, 1]"
fake_vigo,3,ghz,15,0.2,45,False,0,"[3]",random,3,raw_upper_bound,21,11,success_prob,0.5030517578125,0.9822857963248718,0.97651994311145,0.9822739460503589,0.011075019836425781,3,10,"[3, 4, 1]"
fake_vigo,3,ghz,15,0.2,45,False,0,"[3]",random,3,raw_upper_bound,21,12,success_prob,0.5035400390625,0.9822857963248718,0.97651994311145,0.9822739460503589,0.011075019836425781,3,10,"[3, 4, 1]"
fake_vigo,3,ghz,15,0.2,45,False,0,"[3]",random,3,raw_upper_bound,21,13,success_prob,0.5029296875,0.9822857963248718,0.97651994311145,0.9822739460503589,0.011075019836425781,3,10,"[3, 4, 1]"
fake_vigo,3,ghz,15,0.2,45,False,0,"[3]",random,3,raw_upper_bound,21,14,success_prob,0.48828125,0.9822857963248718,0.97651994311145,0.9822739460503589,0.011075019836425781,3,10,"[3, 4, 1]"
fake_vigo,3,ghz,15,0.2,45,False,0,"[3]",random,3,raw_upper_bound,21,15,success_prob,0.487548828125,0.9822857963248718,0.97651994311145,0.9822739460503589,0.011075019836425781,3,10,"[3, 4, 1]"
fake_vigo,3,ghz,15,0.2,45,False,0,"[3]",random,3,raw_upper_bound,21,16,success_prob,0.4927978515625,0.9822857963248718,0.97651994311145,0.9822739460503589,0.011075019836425781,3,10,"[3, 4, 1]"
fake_vigo,3,ghz,15,0.2,45,False,0,"[3]",random,3,raw_upper_bound,21,17,success_prob,0.5003662109375,0.9822857963248718,0.97651994311145,0.9822739460503589,0.011075019836425781,3,10,"[3, 4, 1]"
fake_vigo,3,ghz,15,0.2,45,False,0,"[3]",random,3,raw_upper_bound,21,18,success_prob,0.505615234375,0.9822857963248718,0.97651994311145,0.9822739460503589,0.011075019836425781,3,10,"[3, 4, 1]"
fake_vigo,3,ghz,15,0.2,45,False,0,"[3]",random,3,raw_upper_bound,21,19,success_prob,0.4967041015625,0.9822857963248718,0.97651994311145,0.9822739460503589,0.011075019836425781,3,10,"[3, 4, 1]"
fake_vigo,3,ghz,15,0.2,45,False,0,"[3]",random,3,raw_upper_bound,22,0,success_prob,0.494140625,0.954931339306132,0.9493260521769323,0.9548894116755059,0.01282191276550293,5,6,"[4, 1, 3]"
fake_vigo,3,ghz,15,0.2,45,False,0,"[3]",random,3,raw_upper_bound,22,1,success_prob,0.500732421875,0.954931339306132,0.9493260521769323,0.9548894116755059,0.01282191276550293,5,6,"[4, 1, 3]"
fake_vigo,3,ghz,15,0.2,45,False,0,"[3]",random,3,raw_upper_bound,22,2,success_prob,0.49365234375,0.954931339306132,0.9493260521769323,0.9548894116755059,0.01282191276550293,5,6,"[4, 1, 3]"
fake_vigo,3,ghz,15,0.2,45,False,0,"[3]",random,3,raw_upper_bound,22,3,success_prob,0.4884033203125,0.954931339306132,0.9493260521769323,0.9548894116755059,0.01282191276550293,5,6,"[4, 1, 3]"
fake_vigo,3,ghz,15,0.2,45,False,0,"[3]",random,3,raw_upper_bound,22,4,success_prob,0.496826171875,0.954931339306132,0.9493260521769323,0.9548894116755059,0.01282191276550293,5,6,"[4, 1, 3]"
fake_vigo,3,ghz,15,0.2,45,False,0,"[3]",random,3,raw_upper_bound,22,5,success_prob,0.50390625,0.954931339306132,0.9493260521769323,0.9548894116755059,0.01282191276550293,5,6,"[4, 1, 3]"
fake_vigo,3,ghz,15,0.2,45,False,0,"[3]",random,3,raw_upper_bound,22,6,success_prob,0.4947509765625,0.954931339306132,0.9493260521769323,0.9548894116755059,0.01282191276550293,5,6,"[4, 1, 3]"
fake_vigo,3,ghz,15,0.2,45,False,0,"[3]",random,3,raw_upper_bound,22,7,success_prob,0.4923095703125,0.954931339306132,0.9493260521769323,0.9548894116755059,0.01282191276550293,5,6,"[4, 1, 3]"
fake_vigo,3,ghz,15,0.2,45,False,0,"[3]",random,3,raw_upper_bound,22,8,success_prob,0.4935302734375,0.954931339306132,0.9493260521769323,0.9548894116755059,0.01282191276550293,5,6,"[4, 1, 3]"
fake_vigo,3,ghz,15,0.2,45,False,0,"[3]",random,3,raw_upper_bound,22,9,success_prob,0.4954833984375,0.954931339306132,0.9493260521769323,0.9548894116755059,0.01282191276550293,5,6,"[4, 1, 3]"
fake_vigo,3,ghz,15,0.2,45,False,0,"[3]",random,3,raw_upper_bound,22,10,success_prob,0.4996337890625,0.954931339306132,0.9493260521769323,0.9548894116755059,0.01282191276550293,5,6,"[4, 1, 3]"
fake_vigo,3,ghz,15,0.2,45,False,0,"[3]",random,3,raw_upper_bound,22,11,success_prob,0.50048828125,0.954931339306132,0.9493260521769323,0.9548894116755059,0.01282191276550293,5,6,"[4, 1, 3]"
fake_vigo,3,ghz,15,0.2,45,False,0,"[3]",random,3,raw_upper_bound,22,12,success_prob,0.4952392578125,0.954931339306132,0.9493260521769323,0.9548894116755059,0.01282191276550293,5,6,"[4, 1, 3]"
fake_vigo,3,ghz,15,0.2,45,False,0,"[3]",random,3,raw_upper_bound,22,13,success_prob,0.4945068359375,0.954931339306132,0.9493260521769323,0.9548894116755059,0.01282191276550293,5,6,"[4, 1, 3]"
fake_vigo,3,ghz,15,0.2,45,False,0,"[3]",random,3,raw_upper_bound,22,14,success_prob,0.492919921875,0.954931339306132,0.9493260521769323,0.9548894116755059,0.01282191276550293,5,6,"[4, 1, 3]"
fake_vigo,3,ghz,15,0.2,45,False,0,"[3]",random,3,raw_upper_bound,22,15,success_prob,0.4962158203125,0.954931339306132,0.9493260521769323,0.9548894116755059,0.01282191276550293,5,6,"[4, 1, 3]"
fake_vigo,3,ghz,15,0.2,45,False,0,"[3]",random,3,raw_upper_bound,22,16,success_prob,0.4986572265625,0.954931339306132,0.9493260521769323,0.9548894116755059,0.01282191276550293,5,6,"[4, 1, 3]"
fake_vigo,3,ghz,15,0.2,45,False,0,"[3]",random,3,raw_upper_bound,22,17,success_prob,0.5013427734375,0.954931339306132,0.9493260521769323,0.9548894116755059,0.01282191276550293,5,6,"[4, 1, 3]"
fake_vigo,3,ghz,15,0.2,45,False,0,"[3]",random,3,raw_upper_bound,22,18,success_prob,0.503662109375,0.954931339306132,0.9493260521769323,0.9548894116755059,0.01282191276550293,5,6,"[4, 1, 3]"
fake_vigo,3,ghz,15,0.2,45,False,0,"[3]",random,3,raw_upper_bound,22,19,success_prob,0.4951171875,0.954931339306132,0.9493260521769323,0.9548894116755059,0.01282191276550293,5,6,"[4, 1, 3]"
fake_vigo,3,ghz,15,0.2,45,False,0,"[3]",random,3,raw_upper_bound,23,0,success_prob,0.494140625,0.9776629327798415,0.9719242150016729,0.9776455385167885,0.009497880935668945,2,6,"[4, 3, 1]"
fake_vigo,3,ghz,15,0.2,45,False,0,"[3]",random,3,raw_upper_bound,23,1,success_prob,0.500732421875,0.9776629327798415,0.9719242150016729,0.9776455385167885,0.009497880935668945,2,6,"[4, 3, 1]"
fake_vigo,3,ghz,15,0.2,45,False,0,"[3]",random,3,raw_upper_bound,23,2,success_prob,0.49365234375,0.9776629327798415,0.9719242150016729,0.9776455385167885,0.009497880935668945,2,6,"[4, 3, 1]"
fake_vigo,3,ghz,15,0.2,45,False,0,"[3]",random,3,raw_upper_bound,23,3,success_prob,0.4884033203125,0.9776629327798415,0.9719242150016729,0.9776455385167885,0.009497880935668945,2,6,"[4, 3, 1]"
fake_vigo,3,ghz,15,0.2,45,False,0,"[3]",random,3,raw_upper_bound,23,4,success_prob,0.496826171875,0.9776629327798415,0.9719242150016729,0.9776455385167885,0.009497880935668945,2,6,"[4, 3, 1]"
fake_vigo,3,ghz,15,0.2,45,False,0,"[3]",random,3,raw_upper_bound,23,5,success_prob,0.50390625,0.9776629327798415,0.9719242150016729,0.9776455385167885,0.009497880935668945,2,6,"[4, 3, 1]"
fake_vigo,3,ghz,15,0.2,45,False,0,"[3]",random,3,raw_upper_bound,23,6,success_prob,0.4947509765625,0.9776629327798415,0.9719242150016729,0.9776455385167885,0.009497880935668945,2,6,"[4, 3, 1]"
fake_vigo,3,ghz,15,0.2,45,False,0,"[3]",random,3,raw_upper_bound,23,7,success_prob,0.4923095703125,0.9776629327798415,0.9719242150016729,0.9776455385167885,0.009497880935668945,2,6,"[4, 3, 1]"
fake_vigo,3,ghz,15,0.2,45,False,0,"[3]",random,3,raw_upper_bound,23,8,success_prob,0.4935302734375,0.9776629327798415,0.9719242150016729,0.9776455385167885,0.009497880935668945,2,6,"[4, 3, 1]"
fake_vigo,3,ghz,15,0.2,45,False,0,"[3]",random,3,raw_upper_bound,23,9,success_prob,0.4954833984375,0.9776629327798415,0.9719242150016729,0.9776455385167885,0.009497880935668945,2,6,"[4, 3, 1]"
fake_vigo,3,ghz,15,0.2,45,False,0,"[3]",random,3,raw_upper_bound,23,10,success_prob,0.4996337890625,0.9776629327798415,0.9719242150016729,0.9776455385167885,0.009497880935668945,2,6,"[4, 3, 1]"
fake_vigo,3,ghz,15,0.2,45,False,0,"[3]",random,3,raw_upper_bound,23,11,success_prob,0.50048828125,0.9776629327798415,0.9719242150016729,0.9776455385167885,0.009497880935668945,2,6,"[4, 3, 1]"
fake_vigo,3,ghz,15,0.2,45,False,0,"[3]",random,3,raw_upper_bound,23,12,success_prob,0.4952392578125,0.9776629327798415,0.9719242150016729,0.9776455385167885,0.009497880935668945,2,6,"[4, 3, 1]"
fake_vigo,3,ghz,15,0.2,45,False,0,"[3]",random,3,raw_upper_bound,23,13,success_prob,0.4945068359375,0.9776629327798415,0.9719242150016729,0.9776455385167885,0.009497880935668945,2,6,"[4, 3, 1]"
fake_vigo,3,ghz,15,0.2,45,False,0,"[3]",random,3,raw_upper_bound,23,14,success_prob,0.492919921875,0.9776629327798415,0.9719242150016729,0.9776455385167885,0.009497880935668945,2,6,"[4, 3, 1]"
fake_vigo,3,ghz,15,0.2,45,False,0,"[3]",random,3,raw_upper_bound,23,15,success_prob,0.4962158203125,0.9776629327798415,0.9719242150016729,0.9776455385167885,0.009497880935668945,2,6,"[4, 3, 1]"
fake_vigo,3,ghz,15,0.2,45,False,0,"[3]",random,3,raw_upper_bound,23,16,success_prob,0.4986572265625,0.9776629327798415,0.9719242150016729,0.9776455385167885,0.009497880935668945,2,6,"[4, 3, 1]"
fake_vigo,3,ghz,15,0.2,45,False,0,"[3]",random,3,raw_upper_bound,23,17,success_prob,0.5013427734375,0.9776629327798415,0.9719242150016729,0.9776455385167885,0.009497880935668945,2,6,"[4, 3, 1]"
fake_vigo,3,ghz,15,0.2,45,False,0,"[3]",random,3,raw_upper_bound,23,18,success_prob,0.503662109375,0.9776629327798415,0.9719242150016729,0.9776455385167885,0.009497880935668945,2,6,"[4, 3, 1]"
fake_vigo,3,ghz,15,0.2,45,False,0,"[3]",random,3,raw_upper_bound,23,19,success_prob,0.4951171875,0.9776629327798415,0.9719242150016729,0.9776455385167885,0.009497880935668945,2,6,"[4, 3, 1]"
fake_vigo,3,ghz,15,0.2,45,False,0,"[3]",esp_thermal,3,raw_upper_bound,0,0,success_prob,0.49267578125,0.9830335505790782,0.9772633608207631,0.9830280132527017,0.31215500831604004,2,6,"[3, 1, 0]"
fake_vigo,3,ghz,15,0.2,45,False,0,"[3]",esp_thermal,3,raw_upper_bound,0,1,success_prob,0.499267578125,0.9830335505790782,0.9772633608207631,0.9830280132527017,0.31215500831604004,2,6,"[3, 1, 0]"
fake_vigo,3,ghz,15,0.2,45,False,0,"[3]",esp_thermal,3,raw_upper_bound,0,2,success_prob,0.4921875,0.9830335505790782,0.9772633608207631,0.9830280132527017,0.31215500831604004,2,6,"[3, 1, 0]"
fake_vigo,3,ghz,15,0.2,45,False,0,"[3]",esp_thermal,3,raw_upper_bound,0,3,success_prob,0.4873046875,0.9830335505790782,0.9772633608207631,0.9830280132527017,0.31215500831604004,2,6,"[3, 1, 0]"
fake_vigo,3,ghz,15,0.2,45,False,0,"[3]",esp_thermal,3,raw_upper_bound,0,4,success_prob,0.49658203125,0.9830335505790782,0.9772633608207631,0.9830280132527017,0.31215500831604004,2,6,"[3, 1, 0]"
fake_vigo,3,ghz,15,0.2,45,False,0,"[3]",esp_thermal,3,raw_upper_bound,0,5,success_prob,0.5030517578125,0.9830335505790782,0.9772633608207631,0.9830280132527017,0.31215500831604004,2,6,"[3, 1, 0]"
fake_vigo,3,ghz,15,0.2,45,False,0,"[3]",esp_thermal,3,raw_upper_bound,0,6,success_prob,0.493896484375,0.9830335505790782,0.9772633608207631,0.9830280132527017,0.31215500831604004,2,6,"[3, 1, 0]"
fake_vigo,3,ghz,15,0.2,45,False,0,"[3]",esp_thermal,3,raw_upper_bound,0,7,success_prob,0.4910888671875,0.9830335505790782,0.9772633608207631,0.9830280132527017,0.31215500831604004,2,6,"[3, 1, 0]"
fake_vigo,3,ghz,15,0.2,45,False,0,"[3]",esp_thermal,3,raw_upper_bound,0,8,success_prob,0.4915771484375,0.9830335505790782,0.9772633608207631,0.9830280132527017,0.31215500831604004,2,6,"[3, 1, 0]"
fake_vigo,3,ghz,15,0.2,45,False,0,"[3]",esp_thermal,3,raw_upper_bound,0,9,success_prob,0.49462890625,0.9830335505790782,0.9772633608207631,0.9830280132527017,0.31215500831604004,2,6,"[3, 1, 0]"
fake_vigo,3,ghz,15,0.2,45,False,0,"[3]",esp_thermal,3,raw_upper_bound,0,10,success_prob,0.499267578125,0.9830335505790782,0.9772633608207631,0.9830280132527017,0.31215500831604004,2,6,"[3, 1, 0]"
fake_vigo,3,ghz,15,0.2,45,False,0,"[3]",esp_thermal,3,raw_upper_bound,0,11,success_prob,0.4993896484375,0.9830335505790782,0.9772633608207631,0.9830280132527017,0.31215500831604004,2,6,"[3, 1, 0]"
fake_vigo,3,ghz,15,0.2,45,False,0,"[3]",esp_thermal,3,raw_upper_bound,0,12,success_prob,0.4937744140625,0.9830335505790782,0.9772633608207631,0.9830280132527017,0.31215500831604004,2,6,"[3, 1, 0]"
fake_vigo,3,ghz,15,0.2,45,False,0,"[3]",esp_thermal,3,raw_upper_bound,0,13,success_prob,0.493896484375,0.9830335505790782,0.9772633608207631,0.9830280132527017,0.31215500831604004,2,6,"[3, 1, 0]"
fake_vigo,3,ghz,15,0.2,45,False,0,"[3]",esp_thermal,3,raw_upper_bound,0,14,success_prob,0.492431640625,0.9830335505790782,0.9772633608207631,0.9830280132527017,0.31215500831604004,2,6,"[3, 1, 0]"
fake_vigo,3,ghz,15,0.2,45,False,0,"[3]",esp_thermal,3,raw_upper_bound,0,15,success_prob,0.495361328125,0.9830335505790782,0.9772633608207631,0.9830280132527017,0.31215500831604004,2,6,"[3, 1, 0]"
fake_vigo,3,ghz,15,0.2,45,False,0,"[3]",esp_thermal,3,raw_upper_bound,0,16,success_prob,0.4976806640625,0.9830335505790782,0.9772633608207631,0.9830280132527017,0.31215500831604004,2,6,"[3, 1, 0]"
fake_vigo,3,ghz,15,0.2,45,False,0,"[3]",esp_thermal,3,raw_upper_bound,0,17,success_prob,0.5013427734375,0.9830335505790782,0.9772633608207631,0.9830280132527017,0.31215500831604004,2,6,"[3, 1, 0]"
fake_vigo,3,ghz,15,0.2,45,False,0,"[3]",esp_thermal,3,raw_upper_bound,0,18,success_prob,0.502685546875,0.9830335505790782,0.9772633608207631,0.9830280132527017,0.31215500831604004,2,6,"[3, 1, 0]"
fake_vigo,3,ghz,15,0.2,45,False,0,"[3]",esp_thermal,3,raw_upper_bound,0,19,success_prob,0.494384765625,0.9830335505790782,0.9772633608207631,0.9830280132527017,0.31215500831604004,2,6,"[3, 1, 0]"
fake_vigo,3,bv,15,0.0,45,False,0,"[]",qiskit_L0,0,raw_upper_bound,0,0,success_prob,0.994140625,0.9468372072678727,0.9468369342582039,0.9468372058789399,0.002027750015258789,5,13,"[0, 1, 2]"
fake_vigo,3,bv,15,0.0,45,False,0,"[]",qiskit_L0,0,raw_upper_bound,0,1,success_prob,0.9937744140625,0.9468372072678727,0.9468369342582039,0.9468372058789399,0.002027750015258789,5,13,"[0, 1, 2]"
fake_vigo,3,bv,15,0.0,45,False,0,"[]",qiskit_L0,0,raw_upper_bound,0,2,success_prob,0.9940185546875,0.9468372072678727,0.9468369342582039,0.9468372058789399,0.002027750015258789,5,13,"[0, 1, 2]"
fake_vigo,3,bv,15,0.0,45,False,0,"[]",qiskit_L0,0,raw_upper_bound,0,3,success_prob,0.9957275390625,0.9468372072678727,0.9468369342582039,0.9468372058789399,0.002027750015258789,5,13,"[0, 1, 2]"
fake_vigo,3,bv,15,0.0,45,False,0,"[]",qiskit_L0,0,raw_upper_bound,0,4,success_prob,0.994140625,0.9468372072678727,0.9468369342582039,0.9468372058789399,0.002027750015258789,5,13,"[0, 1, 2]"
fake_vigo,3,bv,15,0.0,45,False,0,"[]",qiskit_L0,0,raw_upper_bound,0,5,success_prob,0.995361328125,0.9468372072678727,0.9468369342582039,0.9468372058789399,0.002027750015258789,5,13,"[0, 1, 2]"
fake_vigo,3,bv,15,0.0,45,False,0,"[]",qiskit_L0,0,raw_upper_bound,0,6,success_prob,0.9935302734375,0.9468372072678727,0.9468369342582039,0.9468372058789399,0.002027750015258789,5,13,"[0, 1, 2]"
fake_vigo,3,bv,15,0.0,45,False,0,"[]",qiskit_L0,0,raw_upper_bound,0,7,success_prob,0.993896484375,0.9468372072678727,0.9468369342582039,0.9468372058789399,0.002027750015258789,5,13,"[0, 1, 2]"
fake_vigo,3,bv,15,0.0,45,False,0,"[]",qiskit_L0,0,raw_upper_bound,0,8,success_prob,0.995361328125,0.9468372072678727,0.9468369342582039,0.9468372058789399,0.002027750015258789,5,13,"[0, 1, 2]"
fake_vigo,3,bv,15,0.0,45,False,0,"[]",qiskit_L0,0,raw_upper_bound,0,9,success_prob,0.9959716796875,0.9468372072678727,0.9468369342582039,0.9468372058789399,0.002027750015258789,5,13,"[0, 1, 2]"
fake_vigo,3,bv,15,0.0,45,False,0,"[]",qiskit_L0,0,raw_upper_bound,0,10,success_prob,0.9931640625,0.9468372072678727,0.9468369342582039,0.9468372058789399,0.002027750015258789,5,13,"[0, 1, 2]"
fake_vigo,3,bv,15,0.0,45,False,0,"[]",qiskit_L0,0,raw_upper_bound,0,11,success_prob,0.9935302734375,0.9468372072678727,0.9468369342582039,0.9468372058789399,0.002027750015258789,5,13,"[0, 1, 2]"
fake_vigo,3,bv,15,0.0,45,False,0,"[]",qiskit_L0,0,raw_upper_bound,0,12,success_prob,0.9949951171875,0.9468372072678727,0.9468369342582039,0.9468372058789399,0.002027750015258789,5,13,"[0, 1, 2]"
fake_vigo,3,bv,15,0.0,45,False,0,"[]",qiskit_L0,0,raw_upper_bound,0,13,success_prob,0.9942626953125,0.9468372072678727,0.9468369342582039,0.9468372058789399,0.002027750015258789,5,13,"[0, 1, 2]"
fake_vigo,3,bv,15,0.0,45,False,0,"[]",qiskit_L0,0,raw_upper_bound,0,14,success_prob,0.992431640625,0.9468372072678727,0.9468369342582039,0.9468372058789399,0.002027750015258789,5,13,"[0, 1, 2]"
fake_vigo,3,bv,15,0.0,45,False,0,"[]",qiskit_L0,0,raw_upper_bound,0,15,success_prob,0.9947509765625,0.9468372072678727,0.9468369342582039,0.9468372058789399,0.002027750015258789,5,13,"[0, 1, 2]"
fake_vigo,3,bv,15,0.0,45,False,0,"[]",qiskit_L0,0,raw_upper_bound,0,16,success_prob,0.993896484375,0.9468372072678727,0.9468369342582039,0.9468372058789399,0.002027750015258789,5,13,"[0, 1, 2]"
fake_vigo,3,bv,15,0.0,45,False,0,"[]",qiskit_L0,0,raw_upper_bound,0,17,success_prob,0.9942626953125,0.9468372072678727,0.9468369342582039,0.9468372058789399,0.002027750015258789,5,13,"[0, 1, 2]"
fake_vigo,3,bv,15,0.0,45,False,0,"[]",qiskit_L0,0,raw_upper_bound,0,18,success_prob,0.9940185546875,0.9468372072678727,0.9468369342582039,0.9468372058789399,0.002027750015258789,5,13,"[0, 1, 2]"
fake_vigo,3,bv,15,0.0,45,False,0,"[]",qiskit_L0,0,raw_upper_bound,0,19,success_prob,0.9937744140625,0.9468372072678727,0.9468369342582039,0.9468372058789399,0.002027750015258789,5,13,"[0, 1, 2]"
fake_vigo,3,bv,15,0.0,45,False,0,"[]",qiskit_L1,1,raw_upper_bound,0,0,success_prob,0.9964599609375,0.9829891978057419,0.98298904471087,0.9829891976166008,0.002241849899291992,2,9,"[3, 0, 1]"
fake_vigo,3,bv,15,0.0,45,False,0,"[]",qiskit_L1,1,raw_upper_bound,0,1,success_prob,0.9971923828125,0.9829891978057419,0.98298904471087,0.9829891976166008,0.002241849899291992,2,9,"[3, 0, 1]"
fake_vigo,3,bv,15,0.0,45,False,0,"[]",qiskit_L1,1,raw_upper_bound,0,2,success_prob,0.9962158203125,0.9829891978057419,0.98298904471087,0.9829891976166008,0.002241849899291992,2,9,"[3, 0, 1]"
fake_vigo,3,bv,15,0.0,45,False,0,"[]",qiskit_L1,1,raw_upper_bound,0,3,success_prob,0.9974365234375,0.9829891978057419,0.98298904471087,0.9829891976166008,0.002241849899291992,2,9,"[3, 0, 1]"
fake_vigo,3,bv,15,0.0,45,False,0,"[]",qiskit_L1,1,raw_upper_bound,0,4,success_prob,0.9969482421875,0.9829891978057419,0.98298904471087,0.9829891976166008,0.002241849899291992,2,9,"[3, 0, 1]"
fake_vigo,3,bv,15,0.0,45,False,0,"[]",qiskit_L1,1,raw_upper_bound,0,5,success_prob,0.99658203125,0.9829891978057419,0.98298904471087,0.9829891976166008,0.002241849899291992,2,9,"[3, 0, 1]"
fake_vigo,3,bv,15,0.0,45,False,0,"[]",qiskit_L1,1,raw_upper_bound,0,6,success_prob,0.9962158203125,0.9829891978057419,0.98298904471087,0.9829891976166008,0.002241849899291992,2,9,"[3, 0, 1]"
fake_vigo,3,bv,15,0.0,45,False,0,"[]",qiskit_L1,1,raw_upper_bound,0,7,success_prob,0.99609375,0.9829891978057419,0.98298904471087,0.9829891976166008,0.002241849899291992,2,9,"[3, 0, 1]"
fake_vigo,3,bv,15,0.0,45,False,0,"[]",qiskit_L1,1,raw_upper_bound,0,8,success_prob,0.9970703125,0.9829891978057419,0.98298904471087,0.9829891976166008,0.002241849899291992,2,9,"[3, 0, 1]"
fake_vigo,3,bv,15,0.0,45,False,0,"[]",qiskit_L1,1,raw_upper_bound,0,9,success_prob,0.997802734375,0.9829891978057419,0.98298904471087,0.9829891976166008,0.002241849899291992,2,9,"[3, 0, 1]"
fake_vigo,3,bv,15,0.0,45,False,0,"[]",qiskit_L1,1,raw_upper_bound,0,10,success_prob,0.9967041015625,0.9829891978057419,0.98298904471087,0.9829891976166008,0.002241849899291992,2,9,"[3, 0, 1]"
fake_vigo,3,bv,15,0.0,45,False,0,"[]",qiskit_L1,1,raw_upper_bound,0,11,success_prob,0.99658203125,0.9829891978057419,0.98298904471087,0.9829891976166008,0.002241849899291992,2,9,"[3, 0, 1]"
fake_vigo,3,bv,15,0.0,45,False,0,"[]",qiskit_L1,1,raw_upper_bound,0,12,success_prob,0.9971923828125,0.9829891978057419,0.98298904471087,0.9829891976166008,0.002241849899291992,2,9,"[3, 0, 1]"
fake_vigo,3,bv,15,0.0,45,False,0,"[]",qiskit_L1,1,raw_upper_bound,0,13,success_prob,0.9970703125,0.9829891978057419,0.98298904471087,0.9829891976166008,0.002241849899291992,2,9,"[3, 0, 1]"
fake_vigo,3,bv,15,0.0,45,False,0,"[]",qiskit_L1,1,raw_upper_bound,0,14,success_prob,0.9954833984375,0.9829891978057419,0.98298904471087,0.9829891976166008,0.002241849899291992,2,9,"[3, 0, 1]"
fake_vigo,3,bv,15,0.0,45,False,0,"[]",qiskit_L1,1,raw_upper_bound,0,15,success_prob,0.9976806640625,0.9829891978057419,0.98298904471087,0.9829891976166008,0.002241849899291992,2,9,"[3, 0, 1]"
fake_vigo,3,bv,15,0.0,45,False,0,"[]",qiskit_L1,1,raw_upper_bound,0,16,success_prob,0.9970703125,0.9829891978057419,0.98298904471087,0.9829891976166008,0.002241849899291992,2,9,"[3, 0, 1]"
fake_vigo,3,bv,15,0.0,45,False,0,"[]",qiskit_L1,1,raw_upper_bound,0,17,success_prob,0.9967041015625,0.9829891978057419,0.98298904471087,0.9829891976166008,0.002241849899291992,2,9,"[3, 0, 1]"
fake_vigo,3,bv,15,0.0,45,False,0,"[]",qiskit_L1,1,raw_upper_bound,0,18,success_prob,0.9970703125,0.9829891978057419,0.98298904471087,0.9829891976166008,0.002241849899291992,2,9,"[3, 0, 1]"
fake_vigo,3,bv,15,0.0,45,False,0,"[]",qiskit_L1,1,raw_upper_bound,0,19,success_prob,0.9964599609375,0.9829891978057419,0.98298904471087,0.9829891976166008,0.002241849899291992,2,9,"[3, 0, 1]"
fake_vigo,3,bv,15,0.0,45,False,0,"[]",qiskit_L3,3,raw_upper_bound,0,0,success_prob,0.9964599609375,0.9829891978057419,0.98298904471087,0.9829891976166008,0.0035316944122314453,2,9,"[3, 0, 1]"
fake_vigo,3,bv,15,0.0,45,False,0,"[]",qiskit_L3,3,raw_upper_bound,0,1,success_prob,0.9971923828125,0.9829891978057419,0.98298904471087,0.9829891976166008,0.0035316944122314453,2,9,"[3, 0, 1]"
fake_vigo,3,bv,15,0.0,45,False,0,"[]",qiskit_L3,3,raw_upper_bound,0,2,success_prob,0.9962158203125,0.9829891978057419,0.98298904471087,0.9829891976166008,0.0035316944122314453,2,9,"[3, 0, 1]"
fake_vigo,3,bv,15,0.0,45,False,0,"[]",qiskit_L3,3,raw_upper_bound,0,3,success_prob,0.9974365234375,0.9829891978057419,0.98298904471087,0.9829891976166008,0.0035316944122314453,2,9,"[3, 0, 1]"
fake_vigo,3,bv,15,0.0,45,False,0,"[]",qiskit_L3,3,raw_upper_bound,0,4,success_prob,0.9969482421875,0.9829891978057419,0.98298904471087,0.9829891976166008,0.0035316944122314453,2,9,"[3, 0, 1]"
fake_vigo,3,bv,15,0.0,45,False,0,"[]",qiskit_L3,3,raw_upper_bound,0,5,success_prob,0.99658203125,0.9829891978057419,0.98298904471087,0.9829891976166008,0.0035316944122314453,2,9,"[3, 0, 1]"
fake_vigo,3,bv,15,0.0,45,False,0,"[]",qiskit_L3,3,raw_upper_bound,0,6,success_prob,0.9962158203125,0.9829891978057419,0.98298904471087,0.9829891976166008,0.0035316944122314453,2,9,"[3, 0, 1]"
fake_vigo,3,bv,15,0.0,45,False,0,"[]",qiskit_L3,3,raw_upper_bound,0,7,success_prob,0.99609375,0.9829891978057419,0.98298904471087,0.9829891976166008,0.0035316944122314453,2,9,"[3, 0, 1]"
fake_vigo,3,bv,15,0.0,45,False,0,"[]",qiskit_L3,3,raw_upper_bound,0,8,success_prob,0.9970703125,0.9829891978057419,0.98298904471087,0.9829891976166008,0.0035316944122314453,2,9,"[3, 0, 1]"
fake_vigo,3,bv,15,0.0,45,False,0,"[]",qiskit_L3,3,raw_upper_bound,0,9,success_prob,0.997802734375,0.9829891978057419,0.98298904471087,0.9829891976166008,0.0035316944122314453,2,9,"[3, 0, 1]"
fake_vigo,3,bv,15,0.0,45,False,0,"[]",qiskit_L3,3,raw_upper_bound,0,10,success_prob,0.9967041015625,0.9829891978057419,0.98298904471087,0.9829891976166008,0.0035316944122314453,2,9,"[3, 0, 1]"
fake_vigo,3,bv,15,0.0,45,False,0,"[]",qiskit_L3,3,raw_upper_bound,0,11,success_prob,0.99658203125,0.9829891978057419,0.98298904471087,0.9829891976166008,0.0035316944122314453,2,9,"[3, 0, 1]"
fake_vigo,3,bv,15,0.0,45,False,0,"[]",qiskit_L3,3,raw_upper_bound,0,12,success_prob,0.9971923828125,0.9829891978057419,0.98298904471087,0.9829891976166008,0.0035316944122314453,2,9,"[3, 0, 1]"
fake_vigo,3,bv,15,0.0,45,False,0,"[]",qiskit_L3,3,raw_upper_bound,0,13,success_prob,0.9970703125,0.9829891978057419,0.98298904471087,0.9829891976166008,0.0035316944122314453,2,9,"[3, 0, 1]"
fake_vigo,3,bv,15,0.0,45,False,0,"[]",qiskit_L3,3,raw_upper_bound,0,14,success_prob,0.9954833984375,0.9829891978057419,0.98298904471087,0.9829891976166008,0.0035316944122314453,2,9,"[3, 0, 1]"
fake_vigo,3,bv,15,0.0,45,False,0,"[]",qiskit_L3,3,raw_upper_bound,0,15,success_prob,0.9976806640625,0.9829891978057419,0.98298904471087,0.9829891976166008,0.0035316944122314453,2,9,"[3, 0, 1]"
fake_vigo,3,bv,15,0.0,45,False,0,"[]",qiskit_L3,3,raw_upper_bound,0,16,success_prob,0.9970703125,0.9829891978057419,0.98298904471087,0.9829891976166008,0.0035316944122314453,2,9,"[3, 0, 1]"
fake_vigo,3,bv,15,0.0,45,False,0,"[]",qiskit_L3,3,raw_upper_bound,0,17,success_prob,0.9967041015625,0.9829891978057419,0.98298904471087,0.9829891976166008,0.0035316944122314453,2,9,"[3, 0, 1]"
fake_vigo,3,bv,15,0.0,45,False,0,"[]",qiskit_L3,3,raw_upper_bound,0,18,success_prob,0.9970703125,0.9829891978057419,0.98298904471087,0.9829891976166008,0.0035316944122314453,2,9,"[3, 0, 1]"
fake_vigo,3,bv,15,0.0,45,False,0,"[]",qiskit_L3,3,raw_upper_bound,0,19,success_prob,0.9964599609375,0.9829891978057419,0.98298904471087,0.9829891976166008,0.0035316944122314453,2,9,"[3, 0, 1]"
fake_vigo,3,bv,15,0.0,45,False,0,"[]",qiskit_L3_best3,3,raw_upper_bound,0,0,success_prob,0.9964599609375,0.9829891978057419,0.98298904471087,0.9829891976166008,0.010025739669799805,2,9,"[3, 0, 1]"
fake_vigo,3,bv,15,0.0,45,False,0,"[]",qiskit_L3_best3,3,raw_upper_bound,0,1,success_prob,0.9971923828125,0.9829891978057419,0.98298904471087,0.9829891976166008,0.010025739669799805,2,9,"[3, 0, 1]"
fake_vigo,3,bv,15,0.0,45,False,0,"[]",qiskit_L3_best3,3,raw_upper_bound,0,2,success_prob,0.9962158203125,0.9829891978057419,0.98298904471087,0.9829891976166008,0.010025739669799805,2,9,"[3, 0, 1]"
fake_vigo,3,bv,15,0.0,45,False,0,"[]",qiskit_L3_best3,3,raw_upper_bound,0,3,success_prob,0.9974365234375,0.9829891978057419,0.98298904471087,0.9829891976166008,0.010025739669799805,2,9,"[3, 0, 1]"
fake_vigo,3,bv,15,0.0,45,False,0,"[]",qiskit_L3_best3,3,raw_upper_bound,0,4,success_prob,0.9969482421875,0.9829891978057419,0.98298904471087,0.9829891976166008,0.010025739669799805,2,9,"[3, 0, 1]"
fake_vigo,3,bv,15,0.0,45,False,0,"[]",qiskit_L3_best3,3,raw_upper_bound,0,5,success_prob,0.99658203125,0.9829891978057419,0.98298904471087,0.9829891976166008,0.010025739669799805,2,9,"[3, 0, 1]"
fake_vigo,3,bv,15,0.0,45,False,0,"[]",qiskit_L3_best3,3,raw_upper_bound,0,6,success_prob,0.9962158203125,0.9829891978057419,0.98298904471087,0.9829891976166008,0.010025739669799805,2,9,"[3, 0, 1]"
fake_vigo,3,bv,15,0.0,45,False,0,"[]",qiskit_L3_best3,3,raw_upper_bound,0,7,success_prob,0.99609375,0.9829891978057419,0.98298904471087,0.9829891976166008,0.010025739669799805,2,9,"[3, 0, 1]"
fake_vigo,3,bv,15,0.0,45,False,0,"[]",qiskit_L3_best3,3,raw_upper_bound,0,8,success_prob,0.9970703125,0.9829891978057419,0.98298904471087,0.9829891976166008,0.010025739669799805,2,9,"[3, 0, 1]"
fake_vigo,3,bv,15,0.0,45,False,0,"[]",qiskit_L3_best3,3,raw_upper_bound,0,9,success_prob,0.997802734375,0.9829891978057419,0.98298904471087,0.9829891976166008,0.010025739669799805,2,9,"[3, 0, 1]"
fake_vigo,3,bv,15,0.0,45,False,0,"[]",qiskit_L3_best3,3,raw_upper_bound,0,10,success_prob,0.9967041015625,0.9829891978057419,0.98298904471087,0.9829891976166008,0.010025739669799805,2,9,"[3, 0, 1]"
fake_vigo,3,bv,15,0.0,45,False,0,"[]",qiskit_L3_best3,3,raw_upper_bound,0,11,success_prob,0.99658203125,0.9829891978057419,0.98298904471087,0.9829891976166008,0.010025739669799805,2,9,"[3, 0, 1]"
fake_vigo,3,bv,15,0.0,45,False,0,"[]",qiskit_L3_best3,3,raw_upper_bound,0,12,success_prob,0.9971923828125,0.9829891978057419,0.98298904471087,0.9829891976166008,0.010025739669799805,2,9,"[3, 0, 1]"
fake_vigo,3,bv,15,0.0,45,False,0,"[]",qiskit_L3_best3,3,raw_upper_bound,0,13,success_prob,0.9970703125,0.9829891978057419,0.98298904471087,0.9829891976166008,0.010025739669799805,2,9,"[3, 0, 1]"
fake_vigo,3,bv,15,0.0,45,False,0,"[]",qiskit_L3_best3,3,raw_upper_bound,0,14,success_prob,0.9954833984375,0.9829891978057419,0.98298904471087,0.9829891976166008,0.010025739669799805,2,9,"[3, 0, 1]"
fake_vigo,3,bv,15,0.0,45,False,0,"[]",qiskit_L3_best3,3,raw_upper_bound,0,15,success_prob,0.9976806640625,0.9829891978057419,0.98298904471087,0.9829891976166008,0.010025739669799805,2,9,"[3, 0, 1]"
fake_vigo,3,bv,15,0.0,45,False,0,"[]",qiskit_L3_best3,3,raw_upper_bound,0,16,success_prob,0.9970703125,0.9829891978057419,0.98298904471087,0.9829891976166008,0.010025739669799805,2,9,"[3, 0, 1]"
fake_vigo,3,bv,15,0.0,45,False,0,"[]",qiskit_L3_best3,3,raw_upper_bound,0,17,success_prob,0.9967041015625,0.9829891978057419,0.98298904471087,0.9829891976166008,0.010025739669799805,2,9,"[3, 0, 1]"
fake_vigo,3,bv,15,0.0,45,False,0,"[]",qiskit_L3_best3,3,raw_upper_bound,0,18,success_prob,0.9970703125,0.9829891978057419,0.98298904471087,0.9829891976166008,0.010025739669799805,2,9,"[3, 0, 1]"
fake_vigo,3,bv,15,0.0,45,False,0,"[]",qiskit_L3_best3,3,raw_upper_bound,0,19,success_prob,0.9964599609375,0.9829891978057419,0.98298904471087,0.9829891976166008,0.010025739669799805,2,9,"[3, 0, 1]"
fake_vigo,3,bv,15,0.0,45,False,0,"[]",esp_no_thermal,3,raw_upper_bound,0,0,success_prob,0.99755859375,0.9829891978057419,0.98298904471087,0.9829891976166008,0.2612481117248535,2,9,"[0, 3, 1]"
fake_vigo,3,bv,15,0.0,45,False,0,"[]",esp_no_thermal,3,raw_upper_bound,0,1,success_prob,0.9957275390625,0.9829891978057419,0.98298904471087,0.9829891976166008,0.2612481117248535,2,9,"[0, 3, 1]"
fake_vigo,3,bv,15,0.0,45,False,0,"[]",esp_no_thermal,3,raw_upper_bound,0,2,success_prob,0.997314453125,0.9829891978057419,0.98298904471087,0.9829891976166008,0.2612481117248535,2,9,"[0, 3, 1]"
fake_vigo,3,bv,15,0.0,45,False,0,"[]",esp_no_thermal,3,raw_upper_bound,0,3,success_prob,0.997802734375,0.9829891978057419,0.98298904471087,0.9829891976166008,0.2612481117248535,2,9,"[0, 3, 1]"
fake_vigo,3,bv,15,0.0,45,False,0,"[]",esp_no_thermal,3,raw_upper_bound,0,4,success_prob,0.9967041015625,0.9829891978057419,0.98298904471087,0.9829891976166008,0.2612481117248535,2,9,"[0, 3, 1]"
fake_vigo,3,bv,15,0.0,45,False,0,"[]",esp_no_thermal,3,raw_upper_bound,0,5,success_prob,0.99853515625,0.9829891978057419,0.98298904471087,0.9829891976166008,0.2612481117248535,2,9,"[0, 3, 1]"
fake_vigo,3,bv,15,0.0,45,False,0,"[]",esp_no_thermal,3,raw_upper_bound,0,6,success_prob,0.9971923828125,0.9829891978057419,0.98298904471087,0.9829891976166008,0.2612481117248535,2,9,"[0, 3, 1]"
fake_vigo,3,bv,15,0.0,45,False,0,"[]",esp_no_thermal,3,raw_upper_bound,0,7,success_prob,0.997314453125,0.9829891978057419,0.98298904471087,0.9829891976166008,0.2612481117248535,2,9,"[0, 3, 1]"
fake_vigo,3,bv,15,0.0,45,False,0,"[]",esp_no_thermal,3,raw_upper_bound,0,8,success_prob,0.997802734375,0.9829891978057419,0.98298904471087,0.9829891976166008,0.2612481117248535,2,9,"[0, 3, 1]"
fake_vigo,3,bv,15,0.0,45,False,0,"[]",esp_no_thermal,3,raw_upper_bound,0,9,success_prob,0.9976806640625,0.9829891978057419,0.98298904471087,0.9829891976166008,0.2612481117248535,2,9,"[0, 3, 1]"
fake_vigo,3,bv,15,0.0,45,False,0,"[]",esp_no_thermal,3,raw_upper_bound,0,10,success_prob,0.995849609375,0.9829891978057419,0.98298904471087,0.9829891976166008,0.2612481117248535,2,9,"[0, 3, 1]"
fake_vigo,3,bv,15,0.0,45,False,0,"[]",esp_no_thermal,3,raw_upper_bound,0,11,success_prob,0.9967041015625,0.9829891978057419,0.98298904471087,0.9829891976166008,0.2612481117248535,2,9,"[0, 3, 1]"
fake_vigo,3,bv,15,0.0,45,False,0,"[]",esp_no_thermal,3,raw_upper_bound,0,12,success_prob,0.997314453125,0.9829891978057419,0.98298904471087,0.9829891976166008,0.2612481117248535,2,9,"[0, 3, 1]"
fake_vigo,3,bv,15,0.0,45,False,0,"[]",esp_no_thermal,3,raw_upper_bound,0,13,success_prob,0.9967041015625,0.9829891978057419,0.98298904471087,0.9829891976166008,0.2612481117248535,2,9,"[0, 3, 1]"
fake_vigo,3,bv,15,0.0,45,False,0,"[]",esp_no_thermal,3,raw_upper_bound,0,14,success_prob,0.99658203125,0.9829891978057419,0.98298904471087,0.9829891976166008,0.2612481117248535,2,9,"[0, 3, 1]"
fake_vigo,3,bv,15,0.0,45,False,0,"[]",esp_no_thermal,3,raw_upper_bound,0,15,success_prob,0.996826171875,0.9829891978057419,0.98298904471087,0.9829891976166008,0.2612481117248535,2,9,"[0, 3, 1]"
fake_vigo,3,bv,15,0.0,45,False,0,"[]",esp_no_thermal,3,raw_upper_bound,0,16,success_prob,0.9964599609375,0.9829891978057419,0.98298904471087,0.9829891976166008,0.2612481117248535,2,9,"[0, 3, 1]"
fake_vigo,3,bv,15,0.0,45,False,0,"[]",esp_no_thermal,3,raw_upper_bound,0,17,success_prob,0.997314453125,0.9829891978057419,0.98298904471087,0.9829891976166008,0.2612481117248535,2,9,"[0, 3, 1]"
fake_vigo,3,bv,15,0.0,45,False,0,"[]",esp_no_thermal,3,raw_upper_bound,0,18,success_prob,0.9964599609375,0.9829891978057419,0.98298904471087,0.9829891976166008,0.2612481117248535,2,9,"[0, 3, 1]"
fake_vigo,3,bv,15,0.0,45,False,0,"[]",esp_no_thermal,3,raw_upper_bound,0,19,success_prob,0.9971923828125,0.9829891978057419,0.98298904471087,0.9829891976166008,0.2612481117248535,2,9,"[0, 3, 1]"
fake_vigo,3,bv,15,0.0,45,False,0,"[]",esp_ablation,1,raw_upper_bound,0,0,success_prob,0.99755859375,0.9829891978057419,0.98298904471087,0.9829891976166008,0.1466660499572754,2,9,"[0, 3, 1]"
fake_vigo,3,bv,15,0.0,45,False,0,"[]",esp_ablation,1,raw_upper_bound,0,1,success_prob,0.9957275390625,0.9829891978057419,0.98298904471087,0.9829891976166008,0.1466660499572754,2,9,"[0, 3, 1]"
fake_vigo,3,bv,15,0.0,45,False,0,"[]",esp_ablation,1,raw_upper_bound,0,2,success_prob,0.997314453125,0.9829891978057419,0.98298904471087,0.9829891976166008,0.1466660499572754,2,9,"[0, 3, 1]"
fake_vigo,3,bv,15,0.0,45,False,0,"[]",esp_ablation,1,raw_upper_bound,0,3,success_prob,0.997802734375,0.9829891978057419,0.98298904471087,0.9829891976166008,0.1466660499572754,2,9,"[0, 3, 1]"
fake_vigo,3,bv,15,0.0,45,False,0,"[]",esp_ablation,1,raw_upper_bound,0,4,success_prob,0.9967041015625,0.9829891978057419,0.98298904471087,0.9829891976166008,0.1466660499572754,2,9,"[0, 3, 1]"
fake_vigo,3,bv,15,0.0,45,False,0,"[]",esp_ablation,1,raw_upper_bound,0,5,success_prob,0.99853515625,0.9829891978057419,0.98298904471087,0.9829891976166008,0.1466660499572754,2,9,"[0, 3, 1]"
fake_vigo,3,bv,15,0.0,45,False,0,"[]",esp_ablation,1,raw_upper_bound,0,6,success_prob,0.9971923828125,0.9829891978057419,0.98298904471087,0.9829891976166008,0.1466660499572754,2,9,"[0, 3, 1]"
fake_vigo,3,bv,15,0.0,45,False,0,"[]",esp_ablation,1,raw_upper_bound,0,7,success_prob,0.997314453125,0.9829891978057419,0.98298904471087,0.9829891976166008,0.1466660499572754,2,9,"[0, 3, 1]"
fake_vigo,3,bv,15,0.0,45,False,0,"[]",esp_ablation,1,raw_upper_bound,0,8,success_prob,0.997802734375,0.9829891978057419,0.98298904471087,0.9829891976166008,0.1466660499572754,2,9,"[0, 3, 1]"
fake_vigo,3,bv,15,0.0,45,False,0,"[]",esp_ablation,1,raw_upper_bound,0,9,success_prob,0.9976806640625,0.9829891978057419,0.98298904471087,0.9829891976166008,0.1466660499572754,2,9,"[0, 3, 1]"
fake_vigo,3,bv,15,0.0,45,False,0,"[]",esp_ablation,1,raw_upper_bound,0,10,success_prob,0.995849609375,0.9829891978057419,0.98298904471087,0.9829891976166008,0.1466660499572754,2,9,"[0, 3, 1]"
fake_vigo,3,bv,15,0.0,45,False,0,"[]",esp_ablation,1,raw_upper_bound,0,11,success_prob,0.9967041015625,0.9829891978057419,0.98298904471087,0.9829891976166008,0.1466660499572754,2,9,"[0, 3, 1]"
fake_vigo,3,bv,15,0.0,45,False,0,"[]",esp_ablation,1,raw_upper_bound,0,12,success_prob,0.997314453125,0.9829891978057419,0.98298904471087,0.9829891976166008,0.1466660499572754,2,9,"[0, 3, 1]"
fake_vigo,3,bv,15,0.0,45,False,0,"[]",esp_ablation,1,raw_upper_bound,0,13,success_prob,0.9967041015625,0.9829891978057419,0.98298904471087,0.9829891976166008,0.1466660499572754,2,9,"[0, 3, 1]"
fake_vigo,3,bv,15,0.0,45,False,0,"[]",esp_ablation,1,raw_upper_bound,0,14,success_prob,0.99658203125,0.9829891978057419,0.98298904471087,0.9829891976166008,0.1466660499572754,2,9,"[0, 3, 1]"
fake_vigo,3,bv,15,0.0,45,False,0,"[]",esp_ablation,1,raw_upper_bound,0,15,success_prob,0.996826171875,0.9829891978057419,0.98298904471087,0.9829891976166008,0.1466660499572754,2,9,"[0, 3, 1]"
fake_vigo,3,bv,15,0.0,45,False,0,"[]",esp_ablation,1,raw_upper_bound,0,16,success_prob,0.9964599609375,0.9829891978057419,0.98298904471087,0.9829891976166008,0.1466660499572754,2,9,"[0, 3, 1]"
fake_vigo,3,bv,15,0.0,45,False,0,"[]",esp_ablation,1,raw_upper_bound,0,17,success_prob,0.997314453125,0.9829891978057419,0.98298904471087,0.9829891976166008,0.1466660499572754,2,9,"[0, 3, 1]"
fake_vigo,3,bv,15,0.0,45,False,0,"[]",esp_ablation,1,raw_upper_bound,0,18,success_prob,0.9964599609375,0.9829891978057419,0.98298904471087,0.9829891976166008,0.1466660499572754,2,9,"[0, 3, 1]"
fake_vigo,3,bv,15,0.0,45,False,0,"[]",esp_ablation,1,raw_upper_bound,0,19,success_prob,0.9971923828125,0.9829891978057419,0.98298904471087,0.9829891976166008,0.1466660499572754,2,9,"[0, 3, 1]"
fake_vigo,3,bv,15,0.0,45,False,0,"[]",random,3,raw_upper_bound,0,0,success_prob,0.994140625,0.9463579948337832,0.94635772196229,0.9463579934718643,0.01520395278930664,5,12,"[0, 1, 2]"
fake_vigo,3,bv,15,0.0,45,False,0,"[]",random,3,raw_upper_bound,0,1,success_prob,0.9937744140625,0.9463579948337832,0.94635772196229,0.9463579934718643,0.01520395278930664,5,12,"[0, 1, 2]"
fake_vigo,3,bv,15,0.0,45,False,0,"[]",random,3,raw_upper_bound,0,2,success_prob,0.9940185546875,0.9463579948337832,0.94635772196229,0.9463579934718643,0.01520395278930664,5,12,"[0, 1, 2]"
fake_vigo,3,bv,15,0.0,45,False,0,"[]",random,3,raw_upper_bound,0,3,success_prob,0.9957275390625,0.9463579948337832,0.94635772196229,0.9463579934718643,0.01520395278930664,5,12,"[0, 1, 2]"
fake_vigo,3,bv,15,0.0,45,False,0,"[]",random,3,raw_upper_bound,0,4,success_prob,0.994140625,0.9463579948337832,0.94635772196229,0.9463579934718643,0.01520395278930664,5,12,"[0, 1, 2]"
fake_vigo,3,bv,15,0.0,45,False,0,"[]",random,3,raw_upper_bound,0,5,success_prob,0.995361328125,0.9463579948337832,0.94635772196229,0.9463579934718643,0.01520395278930664,5,12,"[0, 1, 2]"
fake_vigo,3,bv,15,0.0,45,False,0,"[]",random,3,raw_upper_bound,0,6,success_prob,0.9935302734375,0.9463579948337832,0.94635772196229,0.9463579934718643,0.01520395278930664,5,12,"[0, 1, 2]"
fake_vigo,3,bv,15,0.0,45,False,0,"[]",random,3,raw_upper_bound,0,7,success_prob,0.993896484375,0.9463579948337832,0.94635772196229,0.9463579934718643,0.01520395278930664,5,12,"[0, 1, 2]"
fake_vigo,3,bv,15,0.0,45,False,0,"[]",random,3,raw_upper_bound,0,8,success_prob,0.995361328125,0.9463579948337832,0.94635772196229,0.9463579934718643,0.01520395278930664,5,12,"[0, 1, 2]"
fake_vigo,3,bv,15,0.0,45,False,0,"[]",random,3,raw_upper_bound,0,9,success_prob,0.9959716796875,0.9463579948337832,0.94635772196229,0.9463579934718643,0.01520395278930664,5,12,"[0, 1, 2]"
fake_vigo,3,bv,15,0.0,45,False,0,"[]",random,3,raw_upper_bound,0,10,success_prob,0.9931640625,0.9463579948337832,0.94635772196229,0.9463579934718643,0.01520395278930664,5,12,"[0, 1, 2]"
fake_vigo,3,bv,15,0.0,45,False,0,"[]",random,3,raw_upper_bound,0,11,success_prob,0.9935302734375,0.9463579948337832,0.94635772196229,0.9463579934718643,0.01520395278930664,5,12,"[0, 1, 2]"
fake_vigo,3,bv,15,0.0,45,False,0,"[]",random,3,raw_upper_bound,0,12,success_prob,0.9949951171875,0.9463579948337832,0.94635772196229,0.9463579934718643,0.01520395278930664,5,12,"[0, 1, 2]"
fake_vigo,3,bv,15,0.0,45,False,0,"[]",random,3,raw_upper_bound,0,13,success_prob,0.9942626953125,0.9463579948337832,0.94635772196229,0.9463579934718643,0.01520395278930664,5,12,"[0, 1, 2]"
fake_vigo,3,bv,15,0.0,45,False,0,"[]",random,3,raw_upper_bound,0,14,success_prob,0.992431640625,0.9463579948337832,0.94635772196229,0.9463579934718643,0.01520395278930664,5,12,"[0, 1, 2]"
fake_vigo,3,bv,15,0.0,45,False,0,"[]",random,3,raw_upper_bound,0,15,success_prob,0.9947509765625,0.9463579948337832,0.94635772196229,0.9463579934718643,0.01520395278930664,5,12,"[0, 1, 2]"
fake_vigo,3,bv,15,0.0,45,False,0,"[]",random,3,raw_upper_bound,0,16,success_prob,0.993896484375,0.9463579948337832,0.94635772196229,0.9463579934718643,0.01520395278930664,5,12,"[0, 1, 2]"
fake_vigo,3,bv,15,0.0,45,False,0,"[]",random,3,raw_upper_bound,0,17,success_prob,0.9942626953125,0.9463579948337832,0.94635772196229,0.9463579934718643,0.01520395278930664,5,12,"[0, 1, 2]"
fake_vigo,3,bv,15,0.0,45,False,0,"[]",random,3,raw_upper_bound,0,18,success_prob,0.9940185546875,0.9463579948337832,0.94635772196229,0.9463579934718643,0.01520395278930664,5,12,"[0, 1, 2]"
fake_vigo,3,bv,15,0.0,45,False,0,"[]",random,3,raw_upper_bound,0,19,success_prob,0.9937744140625,0.9463579948337832,0.94635772196229,0.9463579934718643,0.01520395278930664,5,12,"[0, 1, 2]"
fake_vigo,3,bv,15,0.0,45,False,0,"[]",random,3,raw_upper_bound,1,0,success_prob,0.994140625,0.977309421739418,0.9773091399434352,0.9773094213440038,0.011890172958374023,2,9,"[0, 2, 1]"
fake_vigo,3,bv,15,0.0,45,False,0,"[]",random,3,raw_upper_bound,1,1,success_prob,0.9937744140625,0.977309421739418,0.9773091399434352,0.9773094213440038,0.011890172958374023,2,9,"[0, 2, 1]"
fake_vigo,3,bv,15,0.0,45,False,0,"[]",random,3,raw_upper_bound,1,2,success_prob,0.9940185546875,0.977309421739418,0.9773091399434352,0.9773094213440038,0.011890172958374023,2,9,"[0, 2, 1]"
fake_vigo,3,bv,15,0.0,45,False,0,"[]",random,3,raw_upper_bound,1,3,success_prob,0.9957275390625,0.977309421739418,0.9773091399434352,0.9773094213440038,0.011890172958374023,2,9,"[0, 2, 1]"
fake_vigo,3,bv,15,0.0,45,False,0,"[]",random,3,raw_upper_bound,1,4,success_prob,0.994140625,0.977309421739418,0.9773091399434352,0.9773094213440038,0.011890172958374023,2,9,"[0, 2, 1]"
fake_vigo,3,bv,15,0.0,45,False,0,"[]",random,3,raw_upper_bound,1,5,success_prob,0.995361328125,0.977309421739418,0.9773091399434352,0.9773094213440038,0.011890172958374023,2,9,"[0, 2, 1]"
fake_vigo,3,bv,15,0.0,45,False,0,"[]",random,3,raw_upper_bound,1,6,success_prob,0.9935302734375,0.977309421739418,0.9773091399434352,0.9773094213440038,0.011890172958374023,2,9,"[0, 2, 1]"
fake_vigo,3,bv,15,0.0,45,False,0,"[]",random,3,raw_upper_bound,1,7,success_prob,0.993896484375,0.977309421739418,0.9773091399434352,0.9773094213440038,0.011890172958374023,2,9,"[0, 2, 1]"
fake_vigo,3,bv,15,0.0,45,False,0,"[]",random,3,raw_upper_bound,1,8,success_prob,0.995361328125,0.977309421739418,0.9773091399434352,0.9773094213440038,0.011890172958374023,2,9,"[0, 2, 1]"
fake_vigo,3,bv,15,0.0,45,False,0,"[]",random,3,raw_upper_bound,1,9,success_prob,0.9959716796875,0.977309421739418,0.9773091399434352,0.9773094213440038,0.011890172958374023,2,9,"[0, 2, 1]"
fake_vigo,3,bv,15,0.0,45,False,0,"[]",random,3,raw_upper_bound,1,10,success_prob,0.9931640625,0.977309421739418,0.9773091399434352,0.9773094213440038,0.011890172958374023,2,9,"[0, 2, 1]"
fake_vigo,3,bv,15,0.0,45,False,0,"[]",random,3,raw_upper_bound,1,11,success_prob,0.9935302734375,0.977309421739418,0.9773091399434352,0.9773094213440038,0.011890172958374023,2,9,"[0, 2, 1]"
fake_vigo,3,bv,15,0.0,45,False,0,"[]",random,3,raw_upper_bound,1,12,success_prob,0.9949951171875,0.977309421739418,0.9773091399434352,0.9773094213440038,0.011890172958374023,2,9,"[0, 2, 1]"
fake_vigo,3,bv,15,0.0,45,False,0,"[]",random,3,raw_upper_bound,1,13,success_prob,0.9942626953125,0.977309421739418,0.9773091399434352,0.9773094213440038,0.011890172958374023,2,9,"[0, 2, 1]"
fake_vigo,3,bv,15,0.0,45,False,0,"[]",random,3,raw_upper_bound,1,14,success_prob,0.992431640625,0.977309421739418,0.9773091399434352,0.9773094213440038,0.011890172958374023,2,9,"[0, 2, 1]"
fake_vigo,3,bv,15,0.0,45,False,0,"[]",random,3,raw_upper_bound,1,15,success_prob,0.9947509765625,0.977309421739418,0.9773091399434352,0.9773094213440038,0.011890172958374023,2,9,"[0, 2, 1]"
fake_vigo,3,bv,15,0.0,45,False,0,"[]",random,3,raw_upper_bound,1,16,success_prob,0.993896484375,0.977309421739418,0.9773091399434352,0.9773094213440038,0.011890172958374023,2,9,"[0, 2, 1]"
fake_vigo,3,bv,15,0.0,45,False,0,"[]",random,3,raw_upper_bound,1,17,success_prob,0.9942626953125,0.977309421739418,0.9773091399434352,0.9773094213440038,0.011890172958374023,2,9,"[0, 2, 1]"
fake_vigo,3,bv,15,0.0,45,False,0,"[]",random,3,raw_upper_bound,1,18,success_prob,0.9940185546875,0.977309421739418,0.9773091399434352,0.9773094213440038,0.011890172958374023,2,9,"[0, 2, 1]"
fake_vigo,3,bv,15,0.0,45,False,0,"[]",random,3,raw_upper_bound,1,19,success_prob,0.9937744140625,0.977309421739418,0.9773091399434352,0.9773094213440038,0.011890172958374023,2,9,"[0, 2, 1]"
fake_vigo,3,bv,15,0.0,45,False,0,"[]",random,3,raw_upper_bound,2,0,success_prob,0.993896484375,0.9675231282567783,0.9675228492825612,0.967523127536104,0.012089729309082031,3,17,"[1, 0, 2]"
fake_vigo,3,bv,15,0.0,45,False,0,"[]",random,3,raw_upper_bound,2,1,success_prob,0.9947509765625,0.9675231282567783,0.9675228492825612,0.967523127536104,0.012089729309082031,3,17,"[1, 0, 2]"
fake_vigo,3,bv,15,0.0,45,False,0,"[]",random,3,raw_upper_bound,2,2,success_prob,0.993408203125,0.9675231282567783,0.9675228492825612,0.967523127536104,0.012089729309082031,3,17,"[1, 0, 2]"
fake_vigo,3,bv,15,0.0,45,False,0,"[]",random,3,raw_upper_bound,2,3,success_prob,0.9937744140625,0.9675231282567783,0.9675228492825612,0.967523127536104,0.012089729309082031,3,17,"[1, 0, 2]"
fake_vigo,3,bv,15,0.0,45,False,0,"[]",random,3,raw_upper_bound,2,4,success_prob,0.993896484375,0.9675231282567783,0.9675228492825612,0.967523127536104,0.012089729309082031,3,17,"[1, 0, 2]"
fake_vigo,3,bv,15,0.0,45,False,0,"[]",random,3,raw_upper_bound,2,5,success_prob,0.995361328125,0.9675231282567783,0.9675228492825612,0.967523127536104,0.012089729309082031,3,17,"[1, 0, 2]"
fake_vigo,3,bv,15,0.0,45,False,0,"[]",random,3,raw_upper_bound,2,6,success_prob,0.994384765625,0.9675231282567783,0.9675228492825612,0.967523127536104,0.012089729309082031,3,17,"[1, 0, 2]"
fake_vigo,3,bv,15,0.0,45,False,0,"[]",random,3,raw_upper_bound,2,7,success_prob,0.99462890625,0.9675231282567783,0.9675228492825612,0.967523127536104,0.012089729309082031,3,17,"[1, 0, 2]"
fake_vigo,3,bv,15,0.0,45,False,0,"[]",random,3,raw_upper_bound,2,8,success_prob,0.9945068359375,0.9675231282567783,0.9675228492825612,0.967523127536104,0.012089729309082031,3,17,"[1, 0, 2]"
fake_vigo,3,bv,15,0.0,45,False,0,"[]",random,3,raw_upper_bound,2,9,success_prob,0.9949951171875,0.9675231282567783,0.9675228492825612,0.967523127536104,0.012089729309082031,3,17,"[1, 0, 2]"
fake_vigo,3,bv,15,0.0,45,False,0,"[]",random,3,raw_upper_bound,2,10,success_prob,0.99462890625,0.9675231282567783,0.9675228492825612,0.967523127536104,0.012089729309082031,3,17,"[1, 0, 2]"
fake_vigo,3,bv,15,0.0,45,False,0,"[]",random,3,raw_upper_bound,2,11,success_prob,0.9942626953125,0.9675231282567783,0.9675228492825612,0.967523127536104,0.012089729309082031,3,17,"[1, 0, 2]"
fake_vigo,3,bv,15,0.0,45,False,0,"[]",random,3,raw_upper_bound,2,12,success_prob,0.994873046875,0.9675231282567783,0.9675228492825612,0.967523127536104,0.012089729309082031,3,17,"[1, 0, 2]"
fake_vigo,3,bv,15,0.0,45,False,0,"[]",random,3,raw_upper_bound,2,13,success_prob,0.994384765625,0.9675231282567783,0.9675228492825612,0.967523127536104,0.012089729309082031,3,17,"[1, 0, 2]"
fake_vigo,3,bv,15,0.0,45,False,0,"[]",random,3,raw_upper_bound,2,14,success_prob,0.9923095703125,0.9675231282567783,0.9675228492825612,0.967523127536104,0.012089729309082031,3,17,"[1, 0, 2]"
fake_vigo,3,bv,15,0.0,45,False,0,"[]",random,3,raw_upper_bound,2,15,success_prob,0.9945068359375,0.9675231282567783,0.9675228492825612,0.967523127536104,0.012089729309082031,3,17,"[1, 0, 2]"
fake_vigo,3,bv,15,0.0,45,False,0,"[]",random,3,raw_upper_bound,2,16,success_prob,0.9942626953125,0.9675231282567783,0.9675228492825612,0.967523127536104,0.012089729309082031,3,17,"[1, 0, 2]"
fake_vigo,3,bv,15,0.0,45,False,0,"[]",random,3,raw_upper_bound,2,17,success_prob,0.994384765625,0.9675231282567783,0.9675228492825612,0.967523127536104,0.012089729309082031,3,17,"[1, 0, 2]"
fake_vigo,3,bv,15,0.0,45,False,0,"[]",random,3,raw_upper_bound,2,18,success_prob,0.99365234375,0.9675231282567783,0.9675228492825612,0.967523127536104,0.012089729309082031,3,17,"[1, 0, 2]"
fake_vigo,3,bv,15,0.0,45,False,0,"[]",random,3,raw_upper_bound,2,19,success_prob,0.9947509765625,0.9675231282567783,0.9675228492825612,0.967523127536104,0.012089729309082031,3,17,"[1, 0, 2]"
fake_vigo,3,bv,15,0.0,45,False,0,"[]",random,3,raw_upper_bound,3,0,success_prob,0.993896484375,0.9695094245172379,0.9695091449702948,0.9695094241008937,0.013739824295043945,3,16,"[1, 2, 0]"
fake_vigo,3,bv,15,0.0,45,False,0,"[]",random,3,raw_upper_bound,3,1,success_prob,0.9947509765625,0.9695094245172379,0.9695091449702948,0.9695094241008937,0.013739824295043945,3,16,"[1, 2, 0]"
fake_vigo,3,bv,15,0.0,45,False,0,"[]",random,3,raw_upper_bound,3,2,success_prob,0.993408203125,0.9695094245172379,0.9695091449702948,0.9695094241008937,0.013739824295043945,3,16,"[1, 2, 0]"
fake_vigo,3,bv,15,0.0,45,False,0,"[]",random,3,raw_upper_bound,3,3,success_prob,0.99365234375,0.9695094245172379,0.9695091449702948,0.9695094241008937,0.013739824295043945,3,16,"[1, 2, 0]"
fake_vigo,3,bv,15,0.0,45,False,0,"[]",random,3,raw_upper_bound,3,4,success_prob,0.993896484375,0.9695094245172379,0.9695091449702948,0.9695094241008937,0.013739824295043945,3,16,"[1, 2, 0]"
fake_vigo,3,bv,15,0.0,45,False,0,"[]",random,3,raw_upper_bound,3,5,success_prob,0.995361328125,0.9695094245172379,0.9695091449702948,0.9695094241008937,0.013739824295043945,3,16,"[1, 2, 0]"
fake_vigo,3,bv,15,0.0,45,False,0,"[]",random,3,raw_upper_bound,3,6,success_prob,0.9942626953125,0.9695094245172379,0.9695091449702948,0.9695094241008937,0.013739824295043945,3,16,"[1, 2, 0]"
fake_vigo,3,bv,15,0.0,45,False,0,"[]",random,3,raw_upper_bound,3,7,success_prob,0.99462890625,0.9695094245172379,0.9695091449702948,0.9695094241008937,0.013739824295043945,3,16,"[1, 2, 0]"
fake_vigo,3,bv,15,0.0,45,False,0,"[]",random,3,raw_upper_bound,3,8,success_prob,0.994384765625,0.9695094245172379,0.9695091449702948,0.9695094241008937,0.013739824295043945,3,16,"[1, 2, 0]"
fake_vigo,3,bv,15,0.0,45,False,0,"[]",random,3,raw_upper_bound,3,9,success_prob,0.9951171875,0.9695094245172379,0.9695091449702948,0.9695094241008937,0.013739824295043945,3,16,"[1, 2, 0]"
fake_vigo,3,bv,15,0.0,45,False,0,"[]",random,3,raw_upper_bound,3,10,success_prob,0.99462890625,0.9695094245172379,0.9695091449702948,0.9695094241008937,0.013739824295043945,3,16,"[1, 2, 0]"
fake_vigo,3,bv,15,0.0,45,False,0,"[]",random,3,raw_upper_bound,3,11,success_prob,0.9942626953125,0.9695094245172379,0.9695091449702948,0.9695094241008937,0.013739824295043945,3,16,"[1, 2, 0]"
fake_vigo,3,bv,15,0.0,45,False,0,"[]",random,3,raw_upper_bound,3,12,success_prob,0.9951171875,0.9695094245172379,0.9695091449702948,0.9695094241008937,0.013739824295043945,3,16,"[1, 2, 0]"
fake_vigo,3,bv,15,0.0,45,False,0,"[]",random,3,raw_upper_bound,3,13,success_prob,0.9942626953125,0.9695094245172379,0.9695091449702948,0.9695094241008937,0.013739824295043945,3,16,"[1, 2, 0]"
fake_vigo,3,bv,15,0.0,45,False,0,"[]",random,3,raw_upper_bound,3,14,success_prob,0.9923095703125,0.9695094245172379,0.9695091449702948,0.9695094241008937,0.013739824295043945,3,16,"[1, 2, 0]"
fake_vigo,3,bv,15,0.0,45,False,0,"[]",random,3,raw_upper_bound,3,15,success_prob,0.99462890625,0.9695094245172379,0.9695091449702948,0.9695094241008937,0.013739824295043945,3,16,"[1, 2, 0]"
fake_vigo,3,bv,15,0.0,45,False,0,"[]",random,3,raw_upper_bound,3,16,success_prob,0.994140625,0.9695094245172379,0.9695091449702948,0.9695094241008937,0.013739824295043945,3,16,"[1, 2, 0]"
fake_vigo,3,bv,15,0.0,45,False,0,"[]",random,3,raw_upper_bound,3,17,success_prob,0.994384765625,0.9695094245172379,0.9695091449702948,0.9695094241008937,0.013739824295043945,3,16,"[1, 2, 0]"
fake_vigo,3,bv,15,0.0,45,False,0,"[]",random,3,raw_upper_bound,3,18,success_prob,0.99365234375,0.9695094245172379,0.9695091449702948,0.9695094241008937,0.013739824295043945,3,16,"[1, 2, 0]"
fake_vigo,3,bv,15,0.0,45,False,0,"[]",random,3,raw_upper_bound,3,19,success_prob,0.9947509765625,0.9695094245172379,0.9695091449702948,0.9695094241008937,0.013739824295043945,3,16,"[1, 2, 0]"
fake_vigo,3,bv,15,0.0,45,False,0,"[]",random,3,raw_upper_bound,4,0,success_prob,0.9942626953125,0.977309421739418,0.9773091399434352,0.9773094213440038,0.010484933853149414,2,9,"[2, 0, 1]"
fake_vigo,3,bv,15,0.0,45,False,0,"[]",random,3,raw_upper_bound,4,1,success_prob,0.99365234375,0.977309421739418,0.9773091399434352,0.9773094213440038,0.010484933853149414,2,9,"[2, 0, 1]"
fake_vigo,3,bv,15,0.0,45,False,0,"[]",random,3,raw_upper_bound,4,2,success_prob,0.9940185546875,0.977309421739418,0.9773091399434352,0.9773094213440038,0.010484933853149414,2,9,"[2, 0, 1]"
fake_vigo,3,bv,15,0.0,45,False,0,"[]",random,3,raw_upper_bound,4,3,success_prob,0.9957275390625,0.977309421739418,0.9773091399434352,0.9773094213440038,0.010484933853149414,2,9,"[2, 0, 1]"
fake_vigo,3,bv,15,0.0,45,False,0,"[]",random,3,raw_upper_bound,4,4,success_prob,0.994140625,0.977309421739418,0.9773091399434352,0.9773094213440038,0.010484933853149414,2,9,"[2, 0, 1]"
fake_vigo,3,bv,15,0.0,45,False,0,"[]",random,3,raw_upper_bound,4,5,success_prob,0.995361328125,0.977309421739418,0.9773091399434352,0.9773094213440038,0.010484933853149414,2,9,"[2, 0, 1]"
fake_vigo,3,bv,15,0.0,45,False,0,"[]",random,3,raw_upper_bound,4,6,success_prob,0.99365234375,0.977309421739418,0.9773091399434352,0.9773094213440038,0.010484933853149414,2,9,"[2, 0, 1]"
fake_vigo,3,bv,15,0.0,45,False,0,"[]",random,3,raw_upper_bound,4,7,success_prob,0.993896484375,0.977309421739418,0.9773091399434352,0.9773094213440038,0.010484933853149414,2,9,"[2, 0, 1]"
fake_vigo,3,bv,15,0.0,45,False,0,"[]",random,3,raw_upper_bound,4,8,success_prob,0.995361328125,0.977309421739418,0.9773091399434352,0.9773094213440038,0.010484933853149414,2,9,"[2, 0, 1]"
fake_vigo,3,bv,15,0.0,45,False,0,"[]",random,3,raw_upper_bound,4,9,success_prob,0.9957275390625,0.977309421739418,0.9773091399434352,0.9773094213440038,0.010484933853149414,2,9,"[2, 0, 1]"
fake_vigo,3,bv,15,0.0,45,False,0,"[]",random,3,raw_upper_bound,4,10,success_prob,0.9931640625,0.977309421739418,0.9773091399434352,0.9773094213440038,0.010484933853149414,2,9,"[2, 0, 1]"
fake_vigo,3,bv,15,0.0,45,False,0,"[]",random,3,raw_upper_bound,4,11,success_prob,0.99365234375,0.977309421739418,0.9773091399434352,0.9773094213440038,0.010484933853149414,2,9,"[2, 0, 1]"
fake_vigo,3,bv,15,0.0,45,False,0,"[]",random,3,raw_upper_bound,4,12,success_prob,0.994873046875,0.977309421739418,0.9773091399434352,0.9773094213440038,0.010484933853149414,2,9,"[2, 0, 1]"
fake_vigo,3,bv,15,0.0,45,False,0,"[]",random,3,raw_upper_bound,4,13,success_prob,0.994140625,0.977309421739418,0.9773091399434352,0.9773094213440038,0.010484933853149414,2,9,"[2, 0, 1]"
fake_vigo,3,bv,15,0.0,45,False,0,"[]",random,3,raw_upper_bound,4,14,success_prob,0.992431640625,0.977309421739418,0.9773091399434352,0.9773094213440038,0.010484933853149414,2,9,"[2, 0, 1]"
fake_vigo,3,bv,15,0.0,45,False,0,"[]",random,3,raw_upper_bound,4,15,success_prob,0.99462890625,0.977309421739418,0.9773091399434352,0.9773094213440038,0.010484933853149414,2,9,"[2, 0, 1]"
fake_vigo,3,bv,15,0.0,45,False,0,"[]",random,3,raw_upper_bound,4,16,success_prob,0.994140625,0.977309421739418,0.9773091399434352,0.9773094213440038,0.010484933853149414,2,9,"[2, 0, 1]"
fake_vigo,3,bv,15,0.0,45,False,0,"[]",random,3,raw_upper_bound,4,17,success_prob,0.994384765625,0.977309421739418,0.9773091399434352,0.9773094213440038,0.010484933853149414,2,9,"[2, 0, 1]"
fake_vigo,3,bv,15,0.0,45,False,0,"[]",random,3,raw_upper_bound,4,18,success_prob,0.9940185546875,0.977309421739418,0.9773091399434352,0.9773094213440038,0.010484933853149414,2,9,"[2, 0, 1]"
fake_vigo,3,bv,15,0.0,45,False,0,"[]",random,3,raw_upper_bound,4,19,success_prob,0.9937744140625,0.977309421739418,0.9773091399434352,0.9773094213440038,0.010484933853149414,2,9,"[2, 0, 1]"
fake_vigo,3,bv,15,0.0,45,False,0,"[]",random,3,raw_upper_bound,5,0,success_prob,0.9942626953125,0.9607740322318297,0.9607737552036371,0.9607740316898922,0.010745048522949219,5,12,"[2, 1, 0]"
fake_vigo,3,bv,15,0.0,45,False,0,"[]",random,3,raw_upper_bound,5,1,success_prob,0.99365234375,0.9607740322318297,0.9607737552036371,0.9607740316898922,0.010745048522949219,5,12,"[2, 1, 0]"
fake_vigo,3,bv,15,0.0,45,False,0,"[]",random,3,raw_upper_bound,5,2,success_prob,0.9940185546875,0.9607740322318297,0.9607737552036371,0.9607740316898922,0.010745048522949219,5,12,"[2, 1, 0]"
fake_vigo,3,bv,15,0.0,45,False,0,"[]",random,3,raw_upper_bound,5,3,success_prob,0.9957275390625,0.9607740322318297,0.9607737552036371,0.9607740316898922,0.010745048522949219,5,12,"[2, 1, 0]"
fake_vigo,3,bv,15,0.0,45,False,0,"[]",random,3,raw_upper_bound,5,4,success_prob,0.994140625,0.9607740322318297,0.9607737552036371,0.9607740316898922,0.010745048522949219,5,12,"[2, 1, 0]"
fake_vigo,3,bv,15,0.0,45,False,0,"[]",random,3,raw_upper_bound,5,5,success_prob,0.995361328125,0.9607740322318297,0.9607737552036371,0.9607740316898922,0.010745048522949219,5,12,"[2, 1, 0]"
fake_vigo,3,bv,15,0.0,45,False,0,"[]",random,3,raw_upper_bound,5,6,success_prob,0.99365234375,0.9607740322318297,0.9607737552036371,0.9607740316898922,0.010745048522949219,5,12,"[2, 1, 0]"
fake_vigo,3,bv,15,0.0,45,False,0,"[]",random,3,raw_upper_bound,5,7,success_prob,0.993896484375,0.9607740322318297,0.9607737552036371,0.9607740316898922,0.010745048522949219,5,12,"[2, 1, 0]"
fake_vigo,3,bv,15,0.0,45,False,0,"[]",random,3,raw_upper_bound,5,8,success_prob,0.995361328125,0.9607740322318297,0.9607737552036371,0.9607740316898922,0.010745048522949219,5,12,"[2, 1, 0]"
fake_vigo,3,bv,15,0.0,45,False,0,"[]",random,3,raw_upper_bound,5,9,success_prob,0.9957275390625,0.9607740322318297,0.9607737552036371,0.9607740316898922,0.010745048522949219,5,12,"[2, 1, 0]"
fake_vigo,3,bv,15,0.0,45,False,0,"[]",random,3,raw_upper_bound,5,10,success_prob,0.9931640625,0.9607740322318297,0.9607737552036371,0.9607740316898922,0.010745048522949219,5,12,"[2, 1, 0]"
fake_vigo,3,bv,15,0.0,45,False,0,"[]",random,3,raw_upper_bound,5,11,success_prob,0.99365234375,0.9607740322318297,0.9607737552036371,0.9607740316898922,0.010745048522949219,5,12,"[2, 1, 0]"
fake_vigo,3,bv,15,0.0,45,False,0,"[]",random,3,raw_upper_bound,5,12,success_prob,0.994873046875,0.9607740322318297,0.9607737552036371,0.9607740316898922,0.010745048522949219,5,12,"[2, 1, 0]"
fake_vigo,3,bv,15,0.0,45,False,0,"[]",random,3,raw_upper_bound,5,13,success_prob,0.994140625,0.9607740322318297,0.9607737552036371,0.9607740316898922,0.010745048522949219,5,12,"[2, 1, 0]"
fake_vigo,3,bv,15,0.0,45,False,0,"[]",random,3,raw_upper_bound,5,14,success_prob,0.992431640625,0.9607740322318297,0.9607737552036371,0.9607740316898922,0.010745048522949219,5,12,"[2, 1, 0]"
fake_vigo,3,bv,15,0.0,45,False,0,"[]",random,3,raw_upper_bound,5,15,success_prob,0.99462890625,0.9607740322318297,0.9607737552036371,0.9607740316898922,0.010745048522949219,5,12,"[2, 1, 0]"
fake_vigo,3,bv,15,0.0,45,False,0,"[]",random,3,raw_upper_bound,5,16,success_prob,0.994140625,0.9607740322318297,0.9607737552036371,0.9607740316898922,0.010745048522949219,5,12,"[2, 1, 0]"
fake_vigo,3,bv,15,0.0,45,False,0,"[]",random,3,raw_upper_bound,5,17,success_prob,0.994384765625,0.9607740322318297,0.9607737552036371,0.9607740316898922,0.010745048522949219,5,12,"[2, 1, 0]"
fake_vigo,3,bv,15,0.0,45,False,0,"[]",random,3,raw_upper_bound,5,18,success_prob,0.9940185546875,0.9607740322318297,0.9607737552036371,0.9607740316898922,0.010745048522949219,5,12,"[2, 1, 0]"
fake_vigo,3,bv,15,0.0,45,False,0,"[]",random,3,raw_upper_bound,5,19,success_prob,0.9937744140625,0.9607740322318297,0.9607737552036371,0.9607740316898922,0.010745048522949219,5,12,"[2, 1, 0]"
fake_vigo,3,bv,15,0.0,45,False,0,"[]",random,3,raw_upper_bound,6,0,success_prob,0.99755859375,0.9505009613440646,0.9505008133090473,0.9505009606022823,0.01182699203491211,5,12,"[0, 1, 3]"
fake_vigo,3,bv,15,0.0,45,False,0,"[]",random,3,raw_upper_bound,6,1,success_prob,0.9957275390625,0.9505009613440646,0.9505008133090473,0.9505009606022823,0.01182699203491211,5,12,"[0, 1, 3]"
fake_vigo,3,bv,15,0.0,45,False,0,"[]",random,3,raw_upper_bound,6,2,success_prob,0.997314453125,0.9505009613440646,0.9505008133090473,0.9505009606022823,0.01182699203491211,5,12,"[0, 1, 3]"
fake_vigo,3,bv,15,0.0,45,False,0,"[]",random,3,raw_upper_bound,6,3,success_prob,0.997802734375,0.9505009613440646,0.9505008133090473,0.9505009606022823,0.01182699203491211,5,12,"[0, 1, 3]"
fake_vigo,3,bv,15,0.0,45,False,0,"[]",random,3,raw_upper_bound,6,4,success_prob,0.9967041015625,0.9505009613440646,0.9505008133090473,0.9505009606022823,0.01182699203491211,5,12,"[0, 1, 3]"
fake_vigo,3,bv,15,0.0,45,False,0,"[]",random,3,raw_upper_bound,6,5,success_prob,0.99853515625,0.9505009613440646,0.9505008133090473,0.9505009606022823,0.01182699203491211,5,12,"[0, 1, 3]"
fake_vigo,3,bv,15,0.0,45,False,0,"[]",random,3,raw_upper_bound,6,6,success_prob,0.9971923828125,0.9505009613440646,0.9505008133090473,0.9505009606022823,0.01182699203491211,5,12,"[0, 1, 3]"
fake_vigo,3,bv,15,0.0,45,False,0,"[]",random,3,raw_upper_bound,6,7,success_prob,0.997314453125,0.9505009613440646,0.9505008133090473,0.9505009606022823,0.01182699203491211,5,12,"[0, 1, 3]"
fake_vigo,3,bv,15,0.0,45,False,0,"[]",random,3,raw_upper_bound,6,8,success_prob,0.997802734375,0.9505009613440646,0.9505008133090473,0.9505009606022823,0.01182699203491211,5,12,"[0, 1, 3]"
fake_vigo,3,bv,15,0.0,45,False,0,"[]",random,3,raw_upper_bound,6,9,success_prob,0.9976806640625,0.9505009613440646,0.9505008133090473,0.9505009606022823,0.01182699203491211,5,12,"[0, 1, 3]"
fake_vigo,3,bv,15,0.0,45,False,0,"[]",random,3,raw_upper_bound,6,10,success_prob,0.995849609375,0.9505009613440646,0.9505008133090473,0.9505009606022823,0.01182699203491211,5,12,"[0, 1, 3]"
fake_vigo,3,bv,15,0.0,45,False,0,"[]",random,3,raw_upper_bound,6,11,success_prob,0.9967041015625,0.9505009613440646,0.9505008133090473,0.9505009606022823,0.01182699203491211,5,12,"[0, 1, 3]"
fake_vigo,3,bv,15,0.0,45,False,0,"[]",random,3,raw_upper_bound,6,12,success_prob,0.997314453125,0.9505009613440646,0.9505008133090473,0.9505009606022823,0.01182699203491211,5,12,"[0, 1, 3]"
fake_vigo,3,bv,15,0.0,45,False,0,"[]",random,3,raw_upper_bound,6,13,success_prob,0.9967041015625,0.9505009613440646,0.9505008133090473,0.9505009606022823,0.01182699203491211,5,12,"[0, 1, 3]"
fake_vigo,3,bv,15,0.0,45,False,0,"[]",random,3,raw_upper_bound,6,14,success_prob,0.99658203125,0.9505009613440646,0.9505008133090473,0.9505009606022823,0.01182699203491211,5,12,"[0, 1, 3]"
fake_vigo,3,bv,15,0.0,45,False,0,"[]",random,3,raw_upper_bound,6,15,success_prob,0.996826171875,0.9505009613440646,0.9505008133090473,0.9505009606022823,0.01182699203491211,5,12,"[0, 1, 3]"
fake_vigo,3,bv,15,0.0,45,False,0,"[]",random,3,raw_upper_bound,6,16,success_prob,0.9964599609375,0.9505009613440646,0.9505008133090473,0.9505009606022823,0.01182699203491211,5,12,"[0, 1, 3]"
fake_vigo,3,bv,15,0.0,45,False,0,"[]",random,3,raw_upper_bound,6,17,success_prob,0.997314453125,0.9505009613440646,0.9505008133090473,0.9505009606022823,0.01182699203491211,5,12,"[0, 1, 3]"
fake_vigo,3,bv,15,0.0,45,False,0,"[]",random,3,raw_upper_bound,6,18,success_prob,0.9964599609375,0.9505009613440646,0.9505008133090473,0.9505009606022823,0.01182699203491211,5,12,"[0, 1, 3]"
fake_vigo,3,bv,15,0.0,45,False,0,"[]",random,3,raw_upper_bound,6,19,success_prob,0.9971923828125,0.9505009613440646,0.9505008133090473,0.9505009606022823,0.01182699203491211,5,12,"[0, 1, 3]"
fake_vigo,3,bv,15,0.0,45,False,0,"[]",random,3,raw_upper_bound,7,0,success_prob,0.99755859375,0.9829891978057419,0.98298904471087,0.9829891976166008,0.009489059448242188,2,9,"[0, 3, 1]"
fake_vigo,3,bv,15,0.0,45,False,0,"[]",random,3,raw_upper_bound,7,1,success_prob,0.9957275390625,0.9829891978057419,0.98298904471087,0.9829891976166008,0.009489059448242188,2,9,"[0, 3, 1]"
fake_vigo,3,bv,15,0.0,45,False,0,"[]",random,3,raw_upper_bound,7,2,success_prob,0.997314453125,0.9829891978057419,0.98298904471087,0.9829891976166008,0.009489059448242188,2,9,"[0, 3, 1]"
fake_vigo,3,bv,15,0.0,45,False,0,"[]",random,3,raw_upper_bound,7,3,success_prob,0.997802734375,0.9829891978057419,0.98298904471087,0.9829891976166008,0.009489059448242188,2,9,"[0, 3, 1]"
fake_vigo,3,bv,15,0.0,45,False,0,"[]",random,3,raw_upper_bound,7,4,success_prob,0.9967041015625,0.9829891978057419,0.98298904471087,0.9829891976166008,0.009489059448242188,2,9,"[0, 3, 1]"
fake_vigo,3,bv,15,0.0,45,False,0,"[]",random,3,raw_upper_bound,7,5,success_prob,0.99853515625,0.9829891978057419,0.98298904471087,0.9829891976166008,0.009489059448242188,2,9,"[0, 3, 1]"
fake_vigo,3,bv,15,0.0,45,False,0,"[]",random,3,raw_upper_bound,7,6,success_prob,0.9971923828125,0.9829891978057419,0.98298904471087,0.9829891976166008,0.009489059448242188,2,9,"[0, 3, 1]"
fake_vigo,3,bv,15,0.0,45,False,0,"[]",random,3,raw_upper_bound,7,7,success_prob,0.997314453125,0.9829891978057419,0.98298904471087,0.9829891976166008,0.009489059448242188,2,9,"[0, 3, 1]"
fake_vigo,3,bv,15,0.0,45,False,0,"[]",random,3,raw_upper_bound,7,8,success_prob,0.997802734375,0.9829891978057419,0.98298904471087,0.9829891976166008,0.009489059448242188,2,9,"[0, 3, 1]"
fake_vigo,3,bv,15,0.0,45,False,0,"[]",random,3,raw_upper_bound,7,9,success_prob,0.9976806640625,0.9829891978057419,0.98298904471087,0.9829891976166008,0.009489059448242188,2,9,"[0, 3, 1]"
fake_vigo,3,bv,15,0.0,45,False,0,"[]",random,3,raw_upper_bound,7,10,success_prob,0.995849609375,0.9829891978057419,0.98298904471087,0.9829891976166008,0.009489059448242188,2,9,"[0, 3, 1]"
fake_vigo,3,bv,15,0.0,45,False,0,"[]",random,3,raw_upper_bound,7,11,success_prob,0.9967041015625,0.9829891978057419,0.98298904471087,0.9829891976166008,0.009489059448242188,2,9,"[0, 3, 1]"
fake_vigo,3,bv,15,0.0,45,False,0,"[]",random,3,raw_upper_bound,7,12,success_prob,0.997314453125,0.9829891978057419,0.98298904471087,0.9829891976166008,0.009489059448242188,2,9,"[0, 3, 1]"
fake_vigo,3,bv,15,0.0,45,False,0,"[]",random,3,raw_upper_bound,7,13,success_prob,0.9967041015625,0.9829891978057419,0.98298904471087,0.9829891976166008,0.009489059448242188,2,9,"[0, 3, 1]"
fake_vigo,3,bv,15,0.0,45,False,0,"[]",random,3,raw_upper_bound,7,14,success_prob,0.99658203125,0.9829891978057419,0.98298904471087,0.9829891976166008,0.009489059448242188,2,9,"[0, 3, 1]"
fake_vigo,3,bv,15,0.0,45,False,0,"[]",random,3,raw_upper_bound,7,15,success_prob,0.996826171875,0.9829891978057419,0.98298904471087,0.9829891976166008,0.009489059448242188,2,9,"[0, 3, 1]"
fake_vigo,3,bv,15,0.0,45,False,0,"[]",random,3,raw_upper_bound,7,16,success_prob,0.9964599609375,0.9829891978057419,0.98298904471087,0.9829891976166008,0.009489059448242188,2,9,"[0, 3, 1]"
fake_vigo,3,bv,15,0.0,45,False,0,"[]",random,3,raw_upper_bound,7,17,success_prob,0.997314453125,0.9829891978057419,0.98298904471087,0.9829891976166008,0.009489059448242188,2,9,"[0, 3, 1]"
fake_vigo,3,bv,15,0.0,45,False,0,"[]",random,3,raw_upper_bound,7,18,success_prob,0.9964599609375,0.9829891978057419,0.98298904471087,0.9829891976166008,0.009489059448242188,2,9,"[0, 3, 1]"
fake_vigo,3,bv,15,0.0,45,False,0,"[]",random,3,raw_upper_bound,7,19,success_prob,0.9971923828125,0.9829891978057419,0.98298904471087,0.9829891976166008,0.009489059448242188,2,9,"[0, 3, 1]"
fake_vigo,3,bv,15,0.0,45,False,0,"[]",random,3,raw_upper_bound,8,0,success_prob,0.996337890625,0.9769343147777773,0.9769341626259184,0.9769343144837076,0.014956235885620117,3,17,"[1, 0, 3]"
fake_vigo,3,bv,15,0.0,45,False,0,"[]",random,3,raw_upper_bound,8,1,success_prob,0.9976806640625,0.9769343147777773,0.9769341626259184,0.9769343144837076,0.014956235885620117,3,17,"[1, 0, 3]"
fake_vigo,3,bv,15,0.0,45,False,0,"[]",random,3,raw_upper_bound,8,2,success_prob,0.9964599609375,0.9769343147777773,0.9769341626259184,0.9769343144837076,0.014956235885620117,3,17,"[1, 0, 3]"
fake_vigo,3,bv,15,0.0,45,False,0,"[]",random,3,raw_upper_bound,8,3,success_prob,0.99658203125,0.9769343147777773,0.9769341626259184,0.9769343144837076,0.014956235885620117,3,17,"[1, 0, 3]"
fake_vigo,3,bv,15,0.0,45,False,0,"[]",random,3,raw_upper_bound,8,4,success_prob,0.99658203125,0.9769343147777773,0.9769341626259184,0.9769343144837076,0.014956235885620117,3,17,"[1, 0, 3]"
fake_vigo,3,bv,15,0.0,45,False,0,"[]",random,3,raw_upper_bound,8,5,success_prob,0.9967041015625,0.9769343147777773,0.9769341626259184,0.9769343144837076,0.014956235885620117,3,17,"[1, 0, 3]"
fake_vigo,3,bv,15,0.0,45,False,0,"[]",random,3,raw_upper_bound,8,6,success_prob,0.996826171875,0.9769343147777773,0.9769341626259184,0.9769343144837076,0.014956235885620117,3,17,"[1, 0, 3]"
fake_vigo,3,bv,15,0.0,45,False,0,"[]",random,3,raw_upper_bound,8,7,success_prob,0.9967041015625,0.9769343147777773,0.9769341626259184,0.9769343144837076,0.014956235885620117,3,17,"[1, 0, 3]"
fake_vigo,3,bv,15,0.0,45,False,0,"[]",random,3,raw_upper_bound,8,8,success_prob,0.996826171875,0.9769343147777773,0.9769341626259184,0.9769343144837076,0.014956235885620117,3,17,"[1, 0, 3]"
fake_vigo,3,bv,15,0.0,45,False,0,"[]",random,3,raw_upper_bound,8,9,success_prob,0.9974365234375,0.9769343147777773,0.9769341626259184,0.9769343144837076,0.014956235885620117,3,17,"[1, 0, 3]"
fake_vigo,3,bv,15,0.0,45,False,0,"[]",random,3,raw_upper_bound,8,10,success_prob,0.9970703125,0.9769343147777773,0.9769341626259184,0.9769343144837076,0.014956235885620117,3,17,"[1, 0, 3]"
fake_vigo,3,bv,15,0.0,45,False,0,"[]",random,3,raw_upper_bound,8,11,success_prob,0.996337890625,0.9769343147777773,0.9769341626259184,0.9769343144837076,0.014956235885620117,3,17,"[1, 0, 3]"
fake_vigo,3,bv,15,0.0,45,False,0,"[]",random,3,raw_upper_bound,8,12,success_prob,0.9971923828125,0.9769343147777773,0.9769341626259184,0.9769343144837076,0.014956235885620117,3,17,"[1, 0, 3]"
fake_vigo,3,bv,15,0.0,45,False,0,"[]",random,3,raw_upper_bound,8,13,success_prob,0.9970703125,0.9769343147777773,0.9769341626259184,0.9769343144837076,0.014956235885620117,3,17,"[1, 0, 3]"
fake_vigo,3,bv,15,0.0,45,False,0,"[]",random,3,raw_upper_bound,8,14,success_prob,0.994873046875,0.9769343147777773,0.9769341626259184,0.9769343144837076,0.014956235885620117,3,17,"[1, 0, 3]"
fake_vigo,3,bv,15,0.0,45,False,0,"[]",random,3,raw_upper_bound,8,15,success_prob,0.99755859375,0.9769343147777773,0.9769341626259184,0.9769343144837076,0.014956235885620117,3,17,"[1, 0, 3]"
fake_vigo,3,bv,15,0.0,45,False,0,"[]",random,3,raw_upper_bound,8,16,success_prob,0.997314453125,0.9769343147777773,0.9769341626259184,0.9769343144837076,0.014956235885620117,3,17,"[1, 0, 3]"
fake_vigo,3,bv,15,0.0,45,False,0,"[]",random,3,raw_upper_bound,8,17,success_prob,0.996826171875,0.9769343147777773,0.9769341626259184,0.9769343144837076,0.014956235885620117,3,17,"[1, 0, 3]"
fake_vigo,3,bv,15,0.0,45,False,0,"[]",random,3,raw_upper_bound,8,18,success_prob,0.9962158203125,0.9769343147777773,0.9769341626259184,0.9769343144837076,0.014956235885620117,3,17,"[1, 0, 3]"
fake_vigo,3,bv,15,0.0,45,False,0,"[]",random,3,raw_upper_bound,8,19,success_prob,0.9964599609375,0.9769343147777773,0.9769341626259184,0.9769343144837076,0.014956235885620117,3,17,"[1, 0, 3]"
fake_vigo,3,bv,15,0.0,45,False,0,"[]",random,3,raw_upper_bound,9,0,success_prob,0.9974365234375,0.9748135198694312,0.9748133680478738,0.9748135196576455,0.014624595642089844,3,16,"[1, 3, 0]"
fake_vigo,3,bv,15,0.0,45,False,0,"[]",random,3,raw_upper_bound,9,1,success_prob,0.996337890625,0.9748135198694312,0.9748133680478738,0.9748135196576455,0.014624595642089844,3,16,"[1, 3, 0]"
fake_vigo,3,bv,15,0.0,45,False,0,"[]",random,3,raw_upper_bound,9,2,success_prob,0.9962158203125,0.9748135198694312,0.9748133680478738,0.9748135196576455,0.014624595642089844,3,16,"[1, 3, 0]"
fake_vigo,3,bv,15,0.0,45,False,0,"[]",random,3,raw_upper_bound,9,3,success_prob,0.9964599609375,0.9748135198694312,0.9748133680478738,0.9748135196576455,0.014624595642089844,3,16,"[1, 3, 0]"
fake_vigo,3,bv,15,0.0,45,False,0,"[]",random,3,raw_upper_bound,9,4,success_prob,0.9967041015625,0.9748135198694312,0.9748133680478738,0.9748135196576455,0.014624595642089844,3,16,"[1, 3, 0]"
fake_vigo,3,bv,15,0.0,45,False,0,"[]",random,3,raw_upper_bound,9,5,success_prob,0.998291015625,0.9748135198694312,0.9748133680478738,0.9748135196576455,0.014624595642089844,3,16,"[1, 3, 0]"
fake_vigo,3,bv,15,0.0,45,False,0,"[]",random,3,raw_upper_bound,9,6,success_prob,0.9971923828125,0.9748135198694312,0.9748133680478738,0.9748135196576455,0.014624595642089844,3,16,"[1, 3, 0]"
fake_vigo,3,bv,15,0.0,45,False,0,"[]",random,3,raw_upper_bound,9,7,success_prob,0.9974365234375,0.9748135198694312,0.9748133680478738,0.9748135196576455,0.014624595642089844,3,16,"[1, 3, 0]"
fake_vigo,3,bv,15,0.0,45,False,0,"[]",random,3,raw_upper_bound,9,8,success_prob,0.997314453125,0.9748135198694312,0.9748133680478738,0.9748135196576455,0.014624595642089844,3,16,"[1, 3, 0]"
fake_vigo,3,bv,15,0.0,45,False,0,"[]",random,3,raw_upper_bound,9,9,success_prob,0.997314453125,0.9748135198694312,0.9748133680478738,0.9748135196576455,0.014624595642089844,3,16,"[1, 3, 0]"
fake_vigo,3,bv,15,0.0,45,False,0,"[]",random,3,raw_upper_bound,9,10,success_prob,0.99658203125,0.9748135198694312,0.9748133680478738,0.9748135196576455,0.014624595642089844,3,16,"[1, 3, 0]"
fake_vigo,3,bv,15,0.0,45,False,0,"[]",random,3,raw_upper_bound,9,11,success_prob,0.997802734375,0.9748135198694312,0.9748133680478738,0.9748135196576455,0.014624595642089844,3,16,"[1, 3, 0]"
fake_vigo,3,bv,15,0.0,45,False,0,"[]",random,3,raw_upper_bound,9,12,success_prob,0.99755859375,0.9748135198694312,0.9748133680478738,0.9748135196576455,0.014624595642089844,3,16,"[1, 3, 0]"
fake_vigo,3,bv,15,0.0,45,False,0,"[]",random,3,raw_upper_bound,9,13,success_prob,0.996826171875,0.9748135198694312,0.9748133680478738,0.9748135196576455,0.014624595642089844,3,16,"[1, 3, 0]"
fake_vigo,3,bv,15,0.0,45,False,0,"[]",random,3,raw_upper_bound,9,14,success_prob,0.9969482421875,0.9748135198694312,0.9748133680478738,0.9748135196576455,0.014624595642089844,3,16,"[1, 3, 0]"
fake_vigo,3,bv,15,0.0,45,False,0,"[]",random,3,raw_upper_bound,9,15,success_prob,0.99658203125,0.9748135198694312,0.9748133680478738,0.9748135196576455,0.014624595642089844,3,16,"[1, 3, 0]"
fake_vigo,3,bv,15,0.0,45,False,0,"[]",random,3,raw_upper_bound,9,16,success_prob,0.99658203125,0.9748135198694312,0.9748133680478738,0.9748135196576455,0.014624595642089844,3,16,"[1, 3, 0]"
fake_vigo,3,bv,15,0.0,45,False,0,"[]",random,3,raw_upper_bound,9,17,success_prob,0.997314453125,0.9748135198694312,0.9748133680478738,0.9748135196576455,0.014624595642089844,3,16,"[1, 3, 0]"
fake_vigo,3,bv,15,0.0,45,False,0,"[]",random,3,raw_upper_bound,9,18,success_prob,0.996826171875,0.9748135198694312,0.9748133680478738,0.9748135196576455,0.014624595642089844,3,16,"[1, 3, 0]"
fake_vigo,3,bv,15,0.0,45,False,0,"[]",random,3,raw_upper_bound,9,19,success_prob,0.998046875,0.9748135198694312,0.9748133680478738,0.9748135196576455,0.014624595642089844,3,16,"[1, 3, 0]"
fake_vigo,3,bv,15,0.0,45,False,0,"[]",random,3,raw_upper_bound,10,0,success_prob,0.9964599609375,0.9829891978057419,0.98298904471087,0.9829891976166008,0.010956764221191406,2,9,"[3, 0, 1]"
fake_vigo,3,bv,15,0.0,45,False,0,"[]",random,3,raw_upper_bound,10,1,success_prob,0.9971923828125,0.9829891978057419,0.98298904471087,0.9829891976166008,0.010956764221191406,2,9,"[3, 0, 1]"
fake_vigo,3,bv,15,0.0,45,False,0,"[]",random,3,raw_upper_bound,10,2,success_prob,0.9962158203125,0.9829891978057419,0.98298904471087,0.9829891976166008,0.010956764221191406,2,9,"[3, 0, 1]"
fake_vigo,3,bv,15,0.0,45,False,0,"[]",random,3,raw_upper_bound,10,3,success_prob,0.9974365234375,0.9829891978057419,0.98298904471087,0.9829891976166008,0.010956764221191406,2,9,"[3, 0, 1]"
fake_vigo,3,bv,15,0.0,45,False,0,"[]",random,3,raw_upper_bound,10,4,success_prob,0.9969482421875,0.9829891978057419,0.98298904471087,0.9829891976166008,0.010956764221191406,2,9,"[3, 0, 1]"
fake_vigo,3,bv,15,0.0,45,False,0,"[]",random,3,raw_upper_bound,10,5,success_prob,0.99658203125,0.9829891978057419,0.98298904471087,0.9829891976166008,0.010956764221191406,2,9,"[3, 0, 1]"
fake_vigo,3,bv,15,0.0,45,False,0,"[]",random,3,raw_upper_bound,10,6,success_prob,0.9962158203125,0.9829891978057419,0.98298904471087,0.9829891976166008,0.010956764221191406,2,9,"[3, 0, 1]"
fake_vigo,3,bv,15,0.0,45,False,0,"[]",random,3,raw_upper_bound,10,7,success_prob,0.99609375,0.9829891978057419,0.98298904471087,0.9829891976166008,0.010956764221191406,2,9,"[3, 0, 1]"
fake_vigo,3,bv,15,0.0,45,False,0,"[]",random,3,raw_upper_bound,10,8,success_prob,0.9970703125,0.9829891978057419,0.98298904471087,0.9829891976166008,0.010956764221191406,2,9,"[3, 0, 1]"
fake_vigo,3,bv,15,0.0,45,False,0,"[]",random,3,raw_upper_bound,10,9,success_prob,0.997802734375,0.9829891978057419,0.98298904471087,0.9829891976166008,0.010956764221191406,2,9,"[3, 0, 1]"
fake_vigo,3,bv,15,0.0,45,False,0,"[]",random,3,raw_upper_bound,10,10,success_prob,0.9967041015625,0.9829891978057419,0.98298904471087,0.9829891976166008,0.010956764221191406,2,9,"[3, 0, 1]"
fake_vigo,3,bv,15,0.0,45,False,0,"[]",random,3,raw_upper_bound,10,11,success_prob,0.99658203125,0.9829891978057419,0.98298904471087,0.9829891976166008,0.010956764221191406,2,9,"[3, 0, 1]"
fake_vigo,3,bv,15,0.0,45,False,0,"[]",random,3,raw_upper_bound,10,12,success_prob,0.9971923828125,0.9829891978057419,0.98298904471087,0.9829891976166008,0.010956764221191406,2,9,"[3, 0, 1]"
fake_vigo,3,bv,15,0.0,45,False,0,"[]",random,3,raw_upper_bound,10,13,success_prob,0.9970703125,0.9829891978057419,0.98298904471087,0.9829891976166008,0.010956764221191406,2,9,"[3, 0, 1]"
fake_vigo,3,bv,15,0.0,45,False,0,"[]",random,3,raw_upper_bound,10,14,success_prob,0.9954833984375,0.9829891978057419,0.98298904471087,0.9829891976166008,0.010956764221191406,2,9,"[3, 0, 1]"
fake_vigo,3,bv,15,0.0,45,False,0,"[]",random,3,raw_upper_bound,10,15,success_prob,0.9976806640625,0.9829891978057419,0.98298904471087,0.9829891976166008,0.010956764221191406,2,9,"[3, 0, 1]"
fake_vigo,3,bv,15,0.0,45,False,0,"[]",random,3,raw_upper_bound,10,16,success_prob,0.9970703125,0.9829891978057419,0.98298904471087,0.9829891976166008,0.010956764221191406,2,9,"[3, 0, 1]"
fake_vigo,3,bv,15,0.0,45,False,0,"[]",random,3,raw_upper_bound,10,17,success_prob,0.9967041015625,0.9829891978057419,0.98298904471087,0.9829891976166008,0.010956764221191406,2,9,"[3, 0, 1]"
fake_vigo,3,bv,15,0.0,45,False,0,"[]",random,3,raw_upper_bound,10,18,success_prob,0.9970703125,0.9829891978057419,0.98298904471087,0.9829891976166008,0.010956764221191406,2,9,"[3, 0, 1]"
fake_vigo,3,bv,15,0.0,45,False,0,"[]",random,3,raw_upper_bound,10,19,success_prob,0.9964599609375,0.9829891978057419,0.98298904471087,0.9829891976166008,0.010956764221191406,2,9,"[3, 0, 1]"
fake_vigo,3,bv,15,0.0,45,False,0,"[]",random,3,raw_upper_bound,11,0,success_prob,0.9964599609375,0.9648648144006408,0.9648646641285366,0.9648648140611211,0.012960672378540039,5,12,"[3, 1, 0]"
fake_vigo,3,bv,15,0.0,45,False,0,"[]",random,3,raw_upper_bound,11,1,success_prob,0.9971923828125,0.9648648144006408,0.9648646641285366,0.9648648140611211,0.012960672378540039,5,12,"[3, 1, 0]"
fake_vigo,3,bv,15,0.0,45,False,0,"[]",random,3,raw_upper_bound,11,2,success_prob,0.9962158203125,0.9648648144006408,0.9648646641285366,0.9648648140611211,0.012960672378540039,5,12,"[3, 1, 0]"
fake_vigo,3,bv,15,0.0,45,False,0,"[]",random,3,raw_upper_bound,11,3,success_prob,0.9974365234375,0.9648648144006408,0.9648646641285366,0.9648648140611211,0.012960672378540039,5,12,"[3, 1, 0]"
fake_vigo,3,bv,15,0.0,45,False,0,"[]",random,3,raw_upper_bound,11,4,success_prob,0.9969482421875,0.9648648144006408,0.9648646641285366,0.9648648140611211,0.012960672378540039,5,12,"[3, 1, 0]"
fake_vigo,3,bv,15,0.0,45,False,0,"[]",random,3,raw_upper_bound,11,5,success_prob,0.99658203125,0.9648648144006408,0.9648646641285366,0.9648648140611211,0.012960672378540039,5,12,"[3, 1, 0]"
fake_vigo,3,bv,15,0.0,45,False,0,"[]",random,3,raw_upper_bound,11,6,success_prob,0.9962158203125,0.9648648144006408,0.9648646641285366,0.9648648140611211,0.012960672378540039,5,12,"[3, 1, 0]"
fake_vigo,3,bv,15,0.0,45,False,0,"[]",random,3,raw_upper_bound,11,7,success_prob,0.99609375,0.9648648144006408,0.9648646641285366,0.9648648140611211,0.012960672378540039,5,12,"[3, 1, 0]"
fake_vigo,3,bv,15,0.0,45,False,0,"[]",random,3,raw_upper_bound,11,8,success_prob,0.9970703125,0.9648648144006408,0.9648646641285366,0.9648648140611211,0.012960672378540039,5,12,"[3, 1, 0]"
fake_vigo,3,bv,15,0.0,45,False,0,"[]",random,3,raw_upper_bound,11,9,success_prob,0.997802734375,0.9648648144006408,0.9648646641285366,0.9648648140611211,0.012960672378540039,5,12,"[3, 1, 0]"
fake_vigo,3,bv,15,0.0,45,False,0,"[]",random,3,raw_upper_bound,11,10,success_prob,0.9967041015625,0.9648648144006408,0.9648646641285366,0.9648648140611211,0.012960672378540039,5,12,"[3, 1, 0]"
fake_vigo,3,bv,15,0.0,45,False,0,"[]",random,3,raw_upper_bound,11,11,success_prob,0.99658203125,0.9648648144006408,0.9648646641285366,0.9648648140611211,0.012960672378540039,5,12,"[3, 1, 0]"
fake_vigo,3,bv,15,0.0,45,False,0,"[]",random,3,raw_upper_bound,11,12,success_prob,0.9971923828125,0.9648648144006408,0.9648646641285366,0.9648648140611211,0.012960672378540039,5,12,"[3, 1, 0]"
fake_vigo,3,bv,15,0.0,45,False,0,"[]",random,3,raw_upper_bound,11,13,success_prob,0.9970703125,0.9648648144006408,0.9648646641285366,0.9648648140611211,0.012960672378540039,5,12,"[3, 1, 0]"
fake_vigo,3,bv,15,0.0,45,False,0,"[]",random,3,raw_upper_bound,11,14,success_prob,0.9954833984375,0.9648648144006408,0.9648646641285366,0.9648648140611211,0.012960672378540039,5,12,"[3, 1, 0]"
fake_vigo,3,bv,15,0.0,45,False,0,"[]",random,3,raw_upper_bound,11,15,success_prob,0.9976806640625,0.9648648144006408,0.9648646641285366,0.9648648140611211,0.012960672378540039,5,12,"[3, 1, 0]"
fake_vigo,3,bv,15,0.0,45,False,0,"[]",random,3,raw_upper_bound,11,16,success_prob,0.9970703125,0.9648648144006408,0.9648646641285366,0.9648648140611211,0.012960672378540039,5,12,"[3, 1, 0]"
fake_vigo,3,bv,15,0.0,45,False,0,"[]",random,3,raw_upper_bound,11,17,success_prob,0.9967041015625,0.9648648144006408,0.9648646641285366,0.9648648140611211,0.012960672378540039,5,12,"[3, 1, 0]"
fake_vigo,3,bv,15,0.0,45,False,0,"[]",random,3,raw_upper_bound,11,18,success_prob,0.9970703125,0.9648648144006408,0.9648646641285366,0.9648648140611211,0.012960672378540039,5,12,"[3, 1, 0]"
fake_vigo,3,bv,15,0.0,45,False,0,"[]",random,3,raw_upper_bound,11,19,success_prob,0.9964599609375,0.9648648144006408,0.9648646641285366,0.9648648140611211,0.012960672378540039,5,12,"[3, 1, 0]"
fake_vigo,3,bv,15,0.0,45,False,0,"[]",random,3,raw_upper_bound,12,0,success_prob,0.9964599609375,0.9740971806463302,0.9740969055264128,0.9740971801545047,0.012229681015014648,3,17,"[1, 2, 3]"
fake_vigo,3,bv,15,0.0,45,False,0,"[]",random,3,raw_upper_bound,12,1,success_prob,0.9976806640625,0.9740971806463302,0.9740969055264128,0.9740971801545047,0.012229681015014648,3,17,"[1, 2, 3]"
fake_vigo,3,bv,15,0.0,45,False,0,"[]",random,3,raw_upper_bound,12,2,success_prob,0.9964599609375,0.9740971806463302,0.9740969055264128,0.9740971801545047,0.012229681015014648,3,17,"[1, 2, 3]"
fake_vigo,3,bv,15,0.0,45,False,0,"[]",random,3,raw_upper_bound,12,3,success_prob,0.99658203125,0.9740971806463302,0.9740969055264128,0.9740971801545047,0.012229681015014648,3,17,"[1, 2, 3]"
fake_vigo,3,bv,15,0.0,45,False,0,"[]",random,3,raw_upper_bound,12,4,success_prob,0.99658203125,0.9740971806463302,0.9740969055264128,0.9740971801545047,0.012229681015014648,3,17,"[1, 2, 3]"
fake_vigo,3,bv,15,0.0,45,False,0,"[]",random,3,raw_upper_bound,12,5,success_prob,0.9967041015625,0.9740971806463302,0.9740969055264128,0.9740971801545047,0.012229681015014648,3,17,"[1, 2, 3]"
fake_vigo,3,bv,15,0.0,45,False,0,"[]",random,3,raw_upper_bound,12,6,success_prob,0.996826171875,0.9740971806463302,0.9740969055264128,0.9740971801545047,0.012229681015014648,3,17,"[1, 2, 3]"
fake_vigo,3,bv,15,0.0,45,False,0,"[]",random,3,raw_upper_bound,12,7,success_prob,0.9967041015625,0.9740971806463302,0.9740969055264128,0.9740971801545047,0.012229681015014648,3,17,"[1, 2, 3]"
fake_vigo,3,bv,15,0.0,45,False,0,"[]",random,3,raw_upper_bound,12,8,success_prob,0.996826171875,0.9740971806463302,0.9740969055264128,0.9740971801545047,0.012229681015014648,3,17,"[1, 2, 3]"
fake_vigo,3,bv,15,0.0,45,False,0,"[]",random,3,raw_upper_bound,12,9,success_prob,0.99755859375,0.9740971806463302,0.9740969055264128,0.9740971801545047,0.012229681015014648,3,17,"[1, 2, 3]"
fake_vigo,3,bv,15,0.0,45,False,0,"[]",random,3,raw_upper_bound,12,10,success_prob,0.9970703125,0.9740971806463302,0.9740969055264128,0.9740971801545047,0.012229681015014648,3,17,"[1, 2, 3]"
fake_vigo,3,bv,15,0.0,45,False,0,"[]",random,3,raw_upper_bound,12,11,success_prob,0.996337890625,0.9740971806463302,0.9740969055264128,0.9740971801545047,0.012229681015014648,3,17,"[1, 2, 3]"
fake_vigo,3,bv,15,0.0,45,False,0,"[]",random,3,raw_upper_bound,12,12,success_prob,0.9974365234375,0.9740971806463302,0.9740969055264128,0.9740971801545047,0.012229681015014648,3,17,"[1, 2, 3]"
fake_vigo,3,bv,15,0.0,45,False,0,"[]",random,3,raw_upper_bound,12,13,success_prob,0.9970703125,0.9740971806463302,0.9740969055264128,0.9740971801545047,0.012229681015014648,3,17,"[1, 2, 3]"
fake_vigo,3,bv,15,0.0,45,False,0,"[]",random,3,raw_upper_bound,12,14,success_prob,0.994873046875,0.9740971806463302,0.9740969055264128,0.9740971801545047,0.012229681015014648,3,17,"[1, 2, 3]"
fake_vigo,3,bv,15,0.0,45,False,0,"[]",random,3,raw_upper_bound,12,15,success_prob,0.9976806640625,0.9740971806463302,0.9740969055264128,0.9740971801545047,0.012229681015014648,3,17,"[1, 2, 3]"
fake_vigo,3,bv,15,0.0,45,False,0,"[]",random,3,raw_upper_bound,12,16,success_prob,0.997314453125,0.9740971806463302,0.9740969055264128,0.9740971801545047,0.012229681015014648,3,17,"[1, 2, 3]"
fake_vigo,3,bv,15,0.0,45,False,0,"[]",random,3,raw_upper_bound,12,17,success_prob,0.996826171875,0.9740971806463302,0.9740969055264128,0.9740971801545047,0.012229681015014648,3,17,"[1, 2, 3]"
fake_vigo,3,bv,15,0.0,45,False,0,"[]",random,3,raw_upper_bound,12,18,success_prob,0.9962158203125,0.9740971806463302,0.9740969055264128,0.9740971801545047,0.012229681015014648,3,17,"[1, 2, 3]"
fake_vigo,3,bv,15,0.0,45,False,0,"[]",random,3,raw_upper_bound,12,19,success_prob,0.9964599609375,0.9740971806463302,0.9740969055264128,0.9740971801545047,0.012229681015014648,3,17,"[1, 2, 3]"
fake_vigo,3,bv,15,0.0,45,False,0,"[]",random,3,raw_upper_bound,13,0,success_prob,0.99755859375,0.9692173781049468,0.9692171043632603,0.9692173773910446,0.01080942153930664,3,17,"[1, 3, 2]"
fake_vigo,3,bv,15,0.0,45,False,0,"[]",random,3,raw_upper_bound,13,1,success_prob,0.996337890625,0.9692173781049468,0.9692171043632603,0.9692173773910446,0.01080942153930664,3,17,"[1, 3, 2]"
fake_vigo,3,bv,15,0.0,45,False,0,"[]",random,3,raw_upper_bound,13,2,success_prob,0.9962158203125,0.9692173781049468,0.9692171043632603,0.9692173773910446,0.01080942153930664,3,17,"[1, 3, 2]"
fake_vigo,3,bv,15,0.0,45,False,0,"[]",random,3,raw_upper_bound,13,3,success_prob,0.99658203125,0.9692173781049468,0.9692171043632603,0.9692173773910446,0.01080942153930664,3,17,"[1, 3, 2]"
fake_vigo,3,bv,15,0.0,45,False,0,"[]",random,3,raw_upper_bound,13,4,success_prob,0.9967041015625,0.9692173781049468,0.9692171043632603,0.9692173773910446,0.01080942153930664,3,17,"[1, 3, 2]"
fake_vigo,3,bv,15,0.0,45,False,0,"[]",random,3,raw_upper_bound,13,5,success_prob,0.998291015625,0.9692173781049468,0.9692171043632603,0.9692173773910446,0.01080942153930664,3,17,"[1, 3, 2]"
fake_vigo,3,bv,15,0.0,45,False,0,"[]",random,3,raw_upper_bound,13,6,success_prob,0.997314453125,0.9692173781049468,0.9692171043632603,0.9692173773910446,0.01080942153930664,3,17,"[1, 3, 2]"
fake_vigo,3,bv,15,0.0,45,False,0,"[]",random,3,raw_upper_bound,13,7,success_prob,0.9974365234375,0.9692173781049468,0.9692171043632603,0.9692173773910446,0.01080942153930664,3,17,"[1, 3, 2]"
fake_vigo,3,bv,15,0.0,45,False,0,"[]",random,3,raw_upper_bound,13,8,success_prob,0.9974365234375,0.9692173781049468,0.9692171043632603,0.9692173773910446,0.01080942153930664,3,17,"[1, 3, 2]"
fake_vigo,3,bv,15,0.0,45,False,0,"[]",random,3,raw_upper_bound,13,9,success_prob,0.997314453125,0.9692173781049468,0.9692171043632603,0.9692173773910446,0.01080942153930664,3,17,"[1, 3, 2]"
fake_vigo,3,bv,15,0.0,45,False,0,"[]",random,3,raw_upper_bound,13,10,success_prob,0.99658203125,0.9692173781049468,0.9692171043632603,0.9692173773910446,0.01080942153930664,3,17,"[1, 3, 2]"
fake_vigo,3,bv,15,0.0,45,False,0,"[]",random,3,raw_upper_bound,13,11,success_prob,0.997802734375,0.9692173781049468,0.9692171043632603,0.9692173773910446,0.01080942153930664,3,17,"[1, 3, 2]"
fake_vigo,3,bv,15,0.0,45,False,0,"[]",random,3,raw_upper_bound,13,12,success_prob,0.99755859375,0.9692173781049468,0.9692171043632603,0.9692173773910446,0.01080942153930664,3,17,"[1, 3, 2]"
fake_vigo,3,bv,15,0.0,45,False,0,"[]",random,3,raw_upper_bound,13,13,success_prob,0.9969482421875,0.9692173781049468,0.9692171043632603,0.9692173773910446,0.01080942153930664,3,17,"[1, 3, 2]"
fake_vigo,3,bv,15,0.0,45,False,0,"[]",random,3,raw_upper_bound,13,14,success_prob,0.9969482421875,0.9692173781049468,0.9692171043632603,0.9692173773910446,0.01080942153930664,3,17,"[1, 3, 2]"
fake_vigo,3,bv,15,0.0,45,False,0,"[]",random,3,raw_upper_bound,13,15,success_prob,0.99658203125,0.9692173781049468,0.9692171043632603,0.9692173773910446,0.01080942153930664,3,17,"[1, 3, 2]"
fake_vigo,3,bv,15,0.0,45,False,0,"[]",random,3,raw_upper_bound,13,16,success_prob,0.9967041015625,0.9692173781049468,0.9692171043632603,0.9692173773910446,0.01080942153930664,3,17,"[1, 3, 2]"
fake_vigo,3,bv,15,0.0,45,False,0,"[]",random,3,raw_upper_bound,13,17,success_prob,0.997314453125,0.9692173781049468,0.9692171043632603,0.9692173773910446,0.01080942153930664,3,17,"[1, 3, 2]"
fake_vigo,3,bv,15,0.0,45,False,0,"[]",random,3,raw_upper_bound,13,18,success_prob,0.996826171875,0.9692173781049468,0.9692171043632603,0.9692173773910446,0.01080942153930664,3,17,"[1, 3, 2]"
fake_vigo,3,bv,15,0.0,45,False,0,"[]",random,3,raw_upper_bound,13,19,success_prob,0.998046875,0.9692173781049468,0.9692171043632603,0.9692173773910446,0.01080942153930664,3,17,"[1, 3, 2]"
fake_vigo,3,bv,15,0.0,45,False,0,"[]",random,3,raw_upper_bound,14,0,success_prob,0.9976806640625,0.9496618688187151,0.9496616006002044,0.94966186788396,0.013057947158813477,5,12,"[2, 1, 3]"
fake_vigo,3,bv,15,0.0,45,False,0,"[]",random,3,raw_upper_bound,14,1,success_prob,0.9957275390625,0.9496618688187151,0.9496616006002044,0.94966186788396,0.013057947158813477,5,12,"[2, 1, 3]"
fake_vigo,3,bv,15,0.0,45,False,0,"[]",random,3,raw_upper_bound,14,2,success_prob,0.997314453125,0.9496618688187151,0.9496616006002044,0.94966186788396,0.013057947158813477,5,12,"[2, 1, 3]"
fake_vigo,3,bv,15,0.0,45,False,0,"[]",random,3,raw_upper_bound,14,3,success_prob,0.997802734375,0.9496618688187151,0.9496616006002044,0.94966186788396,0.013057947158813477,5,12,"[2, 1, 3]"
fake_vigo,3,bv,15,0.0,45,False,0,"[]",random,3,raw_upper_bound,14,4,success_prob,0.996826171875,0.9496618688187151,0.9496616006002044,0.94966186788396,0.013057947158813477,5,12,"[2, 1, 3]"
fake_vigo,3,bv,15,0.0,45,False,0,"[]",random,3,raw_upper_bound,14,5,success_prob,0.99853515625,0.9496618688187151,0.9496616006002044,0.94966186788396,0.013057947158813477,5,12,"[2, 1, 3]"
fake_vigo,3,bv,15,0.0,45,False,0,"[]",random,3,raw_upper_bound,14,6,success_prob,0.997314453125,0.9496618688187151,0.9496616006002044,0.94966186788396,0.013057947158813477,5,12,"[2, 1, 3]"
fake_vigo,3,bv,15,0.0,45,False,0,"[]",random,3,raw_upper_bound,14,7,success_prob,0.997314453125,0.9496618688187151,0.9496616006002044,0.94966186788396,0.013057947158813477,5,12,"[2, 1, 3]"
fake_vigo,3,bv,15,0.0,45,False,0,"[]",random,3,raw_upper_bound,14,8,success_prob,0.997802734375,0.9496618688187151,0.9496616006002044,0.94966186788396,0.013057947158813477,5,12,"[2, 1, 3]"
fake_vigo,3,bv,15,0.0,45,False,0,"[]",random,3,raw_upper_bound,14,9,success_prob,0.9976806640625,0.9496618688187151,0.9496616006002044,0.94966186788396,0.013057947158813477,5,12,"[2, 1, 3]"
fake_vigo,3,bv,15,0.0,45,False,0,"[]",random,3,raw_upper_bound,14,10,success_prob,0.995849609375,0.9496618688187151,0.9496616006002044,0.94966186788396,0.013057947158813477,5,12,"[2, 1, 3]"
fake_vigo,3,bv,15,0.0,45,False,0,"[]",random,3,raw_upper_bound,14,11,success_prob,0.996826171875,0.9496618688187151,0.9496616006002044,0.94966186788396,0.013057947158813477,5,12,"[2, 1, 3]"
fake_vigo,3,bv,15,0.0,45,False,0,"[]",random,3,raw_upper_bound,14,12,success_prob,0.997314453125,0.9496618688187151,0.9496616006002044,0.94966186788396,0.013057947158813477,5,12,"[2, 1, 3]"
fake_vigo,3,bv,15,0.0,45,False,0,"[]",random,3,raw_upper_bound,14,13,success_prob,0.9967041015625,0.9496618688187151,0.9496616006002044,0.94966186788396,0.013057947158813477,5,12,"[2, 1, 3]"
fake_vigo,3,bv,15,0.0,45,False,0,"[]",random,3,raw_upper_bound,14,14,success_prob,0.99658203125,0.9496618688187151,0.9496616006002044,0.94966186788396,0.013057947158813477,5,12,"[2, 1, 3]"
fake_vigo,3,bv,15,0.0,45,False,0,"[]",random,3,raw_upper_bound,14,15,success_prob,0.996826171875,0.9496618688187151,0.9496616006002044,0.94966186788396,0.013057947158813477,5,12,"[2, 1, 3]"
fake_vigo,3,bv,15,0.0,45,False,0,"[]",random,3,raw_upper_bound,14,16,success_prob,0.9967041015625,0.9496618688187151,0.9496616006002044,0.94966186788396,0.013057947158813477,5,12,"[2, 1, 3]"
fake_vigo,3,bv,15,0.0,45,False,0,"[]",random,3,raw_upper_bound,14,17,success_prob,0.9974365234375,0.9496618688187151,0.9496616006002044,0.94966186788396,0.013057947158813477,5,12,"[2, 1, 3]"
fake_vigo,3,bv,15,0.0,45,False,0,"[]",random,3,raw_upper_bound,14,18,success_prob,0.9964599609375,0.9496618688187151,0.9496616006002044,0.94966186788396,0.013057947158813477,5,12,"[2, 1, 3]"
fake_vigo,3,bv,15,0.0,45,False,0,"[]",random,3,raw_upper_bound,14,19,success_prob,0.9971923828125,0.9496618688187151,0.9496616006002044,0.94966186788396,0.013057947158813477,5,12,"[2, 1, 3]"
fake_vigo,3,bv,15,0.0,45,False,0,"[]",random,3,raw_upper_bound,15,0,success_prob,0.9976806640625,0.9797261197090644,0.9797258429993331,0.9797261193207937,0.009778499603271484,2,9,"[2, 3, 1]"
fake_vigo,3,bv,15,0.0,45,False,0,"[]",random,3,raw_upper_bound,15,1,success_prob,0.9957275390625,0.9797261197090644,0.9797258429993331,0.9797261193207937,0.009778499603271484,2,9,"[2, 3, 1]"
fake_vigo,3,bv,15,0.0,45,False,0,"[]",random,3,raw_upper_bound,15,2,success_prob,0.997314453125,0.9797261197090644,0.9797258429993331,0.9797261193207937,0.009778499603271484,2,9,"[2, 3, 1]"
fake_vigo,3,bv,15,0.0,45,False,0,"[]",random,3,raw_upper_bound,15,3,success_prob,0.997802734375,0.9797261197090644,0.9797258429993331,0.9797261193207937,0.009778499603271484,2,9,"[2, 3, 1]"
fake_vigo,3,bv,15,0.0,45,False,0,"[]",random,3,raw_upper_bound,15,4,success_prob,0.996826171875,0.9797261197090644,0.9797258429993331,0.9797261193207937,0.009778499603271484,2,9,"[2, 3, 1]"
fake_vigo,3,bv,15,0.0,45,False,0,"[]",random,3,raw_upper_bound,15,5,success_prob,0.99853515625,0.9797261197090644,0.9797258429993331,0.9797261193207937,0.009778499603271484,2,9,"[2, 3, 1]"
fake_vigo,3,bv,15,0.0,45,False,0,"[]",random,3,raw_upper_bound,15,6,success_prob,0.997314453125,0.9797261197090644,0.9797258429993331,0.9797261193207937,0.009778499603271484,2,9,"[2, 3, 1]"
fake_vigo,3,bv,15,0.0,45,False,0,"[]",random,3,raw_upper_bound,15,7,success_prob,0.997314453125,0.9797261197090644,0.9797258429993331,0.9797261193207937,0.009778499603271484,2,9,"[2, 3, 1]"
fake_vigo,3,bv,15,0.0,45,False,0,"[]",random,3,raw_upper_bound,15,8,success_prob,0.997802734375,0.9797261197090644,0.9797258429993331,0.9797261193207937,0.009778499603271484,2,9,"[2, 3, 1]"
fake_vigo,3,bv,15,0.0,45,False,0,"[]",random,3,raw_upper_bound,15,9,success_prob,0.9976806640625,0.9797261197090644,0.9797258429993331,0.9797261193207937,0.009778499603271484,2,9,"[2, 3, 1]"
fake_vigo,3,bv,15,0.0,45,False,0,"[]",random,3,raw_upper_bound,15,10,success_prob,0.995849609375,0.9797261197090644,0.9797258429993331,0.9797261193207937,0.009778499603271484,2,9,"[2, 3, 1]"
fake_vigo,3,bv,15,0.0,45,False,0,"[]",random,3,raw_upper_bound,15,11,success_prob,0.996826171875,0.9797261197090644,0.9797258429993331,0.9797261193207937,0.009778499603271484,2,9,"[2, 3, 1]"
fake_vigo,3,bv,15,0.0,45,False,0,"[]",random,3,raw_upper_bound,15,12,success_prob,0.997314453125,0.9797261197090644,0.9797258429993331,0.9797261193207937,0.009778499603271484,2,9,"[2, 3, 1]"
fake_vigo,3,bv,15,0.0,45,False,0,"[]",random,3,raw_upper_bound,15,13,success_prob,0.9967041015625,0.9797261197090644,0.9797258429993331,0.9797261193207937,0.009778499603271484,2,9,"[2, 3, 1]"
fake_vigo,3,bv,15,0.0,45,False,0,"[]",random,3,raw_upper_bound,15,14,success_prob,0.99658203125,0.9797261197090644,0.9797258429993331,0.9797261193207937,0.009778499603271484,2,9,"[2, 3, 1]"
fake_vigo,3,bv,15,0.0,45,False,0,"[]",random,3,raw_upper_bound,15,15,success_prob,0.996826171875,0.9797261197090644,0.9797258429993331,0.9797261193207937,0.009778499603271484,2,9,"[2, 3, 1]"
fake_vigo,3,bv,15,0.0,45,False,0,"[]",random,3,raw_upper_bound,15,16,success_prob,0.9967041015625,0.9797261197090644,0.9797258429993331,0.9797261193207937,0.009778499603271484,2,9,"[2, 3, 1]"
fake_vigo,3,bv,15,0.0,45,False,0,"[]",random,3,raw_upper_bound,15,17,success_prob,0.9974365234375,0.9797261197090644,0.9797258429993331,0.9797261193207937,0.009778499603271484,2,9,"[2, 3, 1]"
fake_vigo,3,bv,15,0.0,45,False,0,"[]",random,3,raw_upper_bound,15,18,success_prob,0.9964599609375,0.9797261197090644,0.9797258429993331,0.9797261193207937,0.009778499603271484,2,9,"[2, 3, 1]"
fake_vigo,3,bv,15,0.0,45,False,0,"[]",random,3,raw_upper_bound,15,19,success_prob,0.9971923828125,0.9797261197090644,0.9797258429993331,0.9797261193207937,0.009778499603271484,2,9,"[2, 3, 1]"
fake_vigo,3,bv,15,0.0,45,False,0,"[]",random,3,raw_upper_bound,16,0,success_prob,0.9964599609375,0.9463193254306976,0.946319058156241,0.9463193240766787,0.01138925552368164,5,12,"[3, 1, 2]"
fake_vigo,3,bv,15,0.0,45,False,0,"[]",random,3,raw_upper_bound,16,1,success_prob,0.997314453125,0.9463193254306976,0.946319058156241,0.9463193240766787,0.01138925552368164,5,12,"[3, 1, 2]"
fake_vigo,3,bv,15,0.0,45,False,0,"[]",random,3,raw_upper_bound,16,2,success_prob,0.9962158203125,0.9463193254306976,0.946319058156241,0.9463193240766787,0.01138925552368164,5,12,"[3, 1, 2]"
fake_vigo,3,bv,15,0.0,45,False,0,"[]",random,3,raw_upper_bound,16,3,success_prob,0.9974365234375,0.9463193254306976,0.946319058156241,0.9463193240766787,0.01138925552368164,5,12,"[3, 1, 2]"
fake_vigo,3,bv,15,0.0,45,False,0,"[]",random,3,raw_upper_bound,16,4,success_prob,0.9970703125,0.9463193254306976,0.946319058156241,0.9463193240766787,0.01138925552368164,5,12,"[3, 1, 2]"
fake_vigo,3,bv,15,0.0,45,False,0,"[]",random,3,raw_upper_bound,16,5,success_prob,0.99658203125,0.9463193254306976,0.946319058156241,0.9463193240766787,0.01138925552368164,5,12,"[3, 1, 2]"
fake_vigo,3,bv,15,0.0,45,False,0,"[]",random,3,raw_upper_bound,16,6,success_prob,0.9962158203125,0.9463193254306976,0.946319058156241,0.9463193240766787,0.01138925552368164,5,12,"[3, 1, 2]"
fake_vigo,3,bv,15,0.0,45,False,0,"[]",random,3,raw_upper_bound,16,7,success_prob,0.99609375,0.9463193254306976,0.946319058156241,0.9463193240766787,0.01138925552368164,5,12,"[3, 1, 2]"
fake_vigo,3,bv,15,0.0,45,False,0,"[]",random,3,raw_upper_bound,16,8,success_prob,0.9970703125,0.9463193254306976,0.946319058156241,0.9463193240766787,0.01138925552368164,5,12,"[3, 1, 2]"
fake_vigo,3,bv,15,0.0,45,False,0,"[]",random,3,raw_upper_bound,16,9,success_prob,0.998046875,0.9463193254306976,0.946319058156241,0.9463193240766787,0.01138925552368164,5,12,"[3, 1, 2]"
fake_vigo,3,bv,15,0.0,45,False,0,"[]",random,3,raw_upper_bound,16,10,success_prob,0.9967041015625,0.9463193254306976,0.946319058156241,0.9463193240766787,0.01138925552368164,5,12,"[3, 1, 2]"
fake_vigo,3,bv,15,0.0,45,False,0,"[]",random,3,raw_upper_bound,16,11,success_prob,0.99658203125,0.9463193254306976,0.946319058156241,0.9463193240766787,0.01138925552368164,5,12,"[3, 1, 2]"
fake_vigo,3,bv,15,0.0,45,False,0,"[]",random,3,raw_upper_bound,16,12,success_prob,0.997314453125,0.9463193254306976,0.946319058156241,0.9463193240766787,0.01138925552368164,5,12,"[3, 1, 2]"
fake_vigo,3,bv,15,0.0,45,False,0,"[]",random,3,raw_upper_bound,16,13,success_prob,0.9971923828125,0.9463193254306976,0.946319058156241,0.9463193240766787,0.01138925552368164,5,12,"[3, 1, 2]"
fake_vigo,3,bv,15,0.0,45,False,0,"[]",random,3,raw_upper_bound,16,14,success_prob,0.9954833984375,0.9463193254306976,0.946319058156241,0.9463193240766787,0.01138925552368164,5,12,"[3, 1, 2]"
fake_vigo,3,bv,15,0.0,45,False,0,"[]",random,3,raw_upper_bound,16,15,success_prob,0.997802734375,0.9463193254306976,0.946319058156241,0.9463193240766787,0.01138925552368164,5,12,"[3, 1, 2]"
fake_vigo,3,bv,15,0.0,45,False,0,"[]",random,3,raw_upper_bound,16,16,success_prob,0.9970703125,0.9463193254306976,0.946319058156241,0.9463193240766787,0.01138925552368164,5,12,"[3, 1, 2]"
fake_vigo,3,bv,15,0.0,45,False,0,"[]",random,3,raw_upper_bound,16,17,success_prob,0.9967041015625,0.9463193254306976,0.946319058156241,0.9463193240766787,0.01138925552368164,5,12,"[3, 1, 2]"
fake_vigo,3,bv,15,0.0,45,False,0,"[]",random,3,raw_upper_bound,16,18,success_prob,0.9970703125,0.9463193254306976,0.946319058156241,0.9463193240766787,0.01138925552368164,5,12,"[3, 1, 2]"
fake_vigo,3,bv,15,0.0,45,False,0,"[]",random,3,raw_upper_bound,16,19,success_prob,0.9964599609375,0.9463193254306976,0.946319058156241,0.9463193240766787,0.01138925552368164,5,12,"[3, 1, 2]"
fake_vigo,3,bv,15,0.0,45,False,0,"[]",random,3,raw_upper_bound,17,0,success_prob,0.9964599609375,0.9797261197090644,0.9797258429993331,0.9797261193207937,0.010561943054199219,2,9,"[3, 2, 1]"
fake_vigo,3,bv,15,0.0,45,False,0,"[]",random,3,raw_upper_bound,17,1,success_prob,0.997314453125,0.9797261197090644,0.9797258429993331,0.9797261193207937,0.010561943054199219,2,9,"[3, 2, 1]"
fake_vigo,3,bv,15,0.0,45,False,0,"[]",random,3,raw_upper_bound,17,2,success_prob,0.9962158203125,0.9797261197090644,0.9797258429993331,0.9797261193207937,0.010561943054199219,2,9,"[3, 2, 1]"
fake_vigo,3,bv,15,0.0,45,False,0,"[]",random,3,raw_upper_bound,17,3,success_prob,0.9974365234375,0.9797261197090644,0.9797258429993331,0.9797261193207937,0.010561943054199219,2,9,"[3, 2, 1]"
fake_vigo,3,bv,15,0.0,45,False,0,"[]",random,3,raw_upper_bound,17,4,success_prob,0.9970703125,0.9797261197090644,0.9797258429993331,0.9797261193207937,0.010561943054199219,2,9,"[3, 2, 1]"
fake_vigo,3,bv,15,0.0,45,False,0,"[]",random,3,raw_upper_bound,17,5,success_prob,0.99658203125,0.9797261197090644,0.9797258429993331,0.9797261193207937,0.010561943054199219,2,9,"[3, 2, 1]"
fake_vigo,3,bv,15,0.0,45,False,0,"[]",random,3,raw_upper_bound,17,6,success_prob,0.9962158203125,0.9797261197090644,0.9797258429993331,0.9797261193207937,0.010561943054199219,2,9,"[3, 2, 1]"
fake_vigo,3,bv,15,0.0,45,False,0,"[]",random,3,raw_upper_bound,17,7,success_prob,0.99609375,0.9797261197090644,0.9797258429993331,0.9797261193207937,0.010561943054199219,2,9,"[3, 2, 1]"
fake_vigo,3,bv,15,0.0,45,False,0,"[]",random,3,raw_upper_bound,17,8,success_prob,0.9970703125,0.9797261197090644,0.9797258429993331,0.9797261193207937,0.010561943054199219,2,9,"[3, 2, 1]"
fake_vigo,3,bv,15,0.0,45,False,0,"[]",random,3,raw_upper_bound,17,9,success_prob,0.998046875,0.9797261197090644,0.9797258429993331,0.9797261193207937,0.010561943054199219,2,9,"[3, 2, 1]"
fake_vigo,3,bv,15,0.0,45,False,0,"[]",random,3,raw_upper_bound,17,10,success_prob,0.9967041015625,0.9797261197090644,0.9797258429993331,0.9797261193207937,0.010561943054199219,2,9,"[3, 2, 1]"
fake_vigo,3,bv,15,0.0,45,False,0,"[]",random,3,raw_upper_bound,17,11,success_prob,0.99658203125,0.9797261197090644,0.9797258429993331,0.9797261193207937,0.010561943054199219,2,9,"[3, 2, 1]"
fake_vigo,3,bv,15,0.0,45,False,0,"[]",random,3,raw_upper_bound,17,12,success_prob,0.997314453125,0.9797261197090644,0.9797258429993331,0.9797261193207937,0.010561943054199219,2,9,"[3, 2, 1]"
fake_vigo,3,bv,15,0.0,45,False,0,"[]",random,3,raw_upper_bound,17,13,success_prob,0.9971923828125,0.9797261197090644,0.9797258429993331,0.9797261193207937,0.010561943054199219,2,9,"[3, 2, 1]"
fake_vigo,3,bv,15,0.0,45,False,0,"[]",random,3,raw_upper_bound,17,14,success_prob,0.9954833984375,0.9797261197090644,0.9797258429993331,0.9797261193207937,0.010561943054199219,2,9,"[3, 2, 1]"
fake_vigo,3,bv,15,0.0,45,False,0,"[]",random,3,raw_upper_bound,17,15,success_prob,0.997802734375,0.9797261197090644,0.9797258429993331,0.9797261193207937,0.010561943054199219,2,9,"[3, 2, 1]"
fake_vigo,3,bv,15,0.0,45,False,0,"[]",random,3,raw_upper_bound,17,16,success_prob,0.9970703125,0.9797261197090644,0.9797258429993331,0.9797261193207937,0.010561943054199219,2,9,"[3, 2, 1]"
fake_vigo,3,bv,15,0.0,45,False,0,"[]",random,3,raw_upper_bound,17,17,success_prob,0.9967041015625,0.9797261197090644,0.9797258429993331,0.9797261193207937,0.010561943054199219,2,9,"[3, 2, 1]"
fake_vigo,3,bv,15,0.0,45,False,0,"[]",random,3,raw_upper_bound,17,18,success_prob,0.9970703125,0.9797261197090644,0.9797258429993331,0.9797261193207937,0.010561943054199219,2,9,"[3, 2, 1]"
fake_vigo,3,bv,15,0.0,45,False,0,"[]",random,3,raw_upper_bound,17,19,success_prob,0.9964599609375,0.9797261197090644,0.9797258429993331,0.9797261193207937,0.010561943054199219,2,9,"[3, 2, 1]"
fake_vigo,3,bv,15,0.0,45,False,0,"[]",random,3,raw_upper_bound,18,0,success_prob,0.9962158203125,0.9521710717744769,0.952170872183714,0.9521710707527,0.012520313262939453,5,12,"[1, 3, 4]"
fake_vigo,3,bv,15,0.0,45,False,0,"[]",random,3,raw_upper_bound,18,1,success_prob,0.9951171875,0.9521710717744769,0.952170872183714,0.9521710707527,0.012520313262939453,5,12,"[1, 3, 4]"
fake_vigo,3,bv,15,0.0,45,False,0,"[]",random,3,raw_upper_bound,18,2,success_prob,0.9962158203125,0.9521710717744769,0.952170872183714,0.9521710707527,0.012520313262939453,5,12,"[1, 3, 4]"
fake_vigo,3,bv,15,0.0,45,False,0,"[]",random,3,raw_upper_bound,18,3,success_prob,0.9964599609375,0.9521710717744769,0.952170872183714,0.9521710707527,0.012520313262939453,5,12,"[1, 3, 4]"
fake_vigo,3,bv,15,0.0,45,False,0,"[]",random,3,raw_upper_bound,18,4,success_prob,0.995361328125,0.9521710717744769,0.952170872183714,0.9521710707527,0.012520313262939453,5,12,"[1, 3, 4]"
fake_vigo,3,bv,15,0.0,45,False,0,"[]",random,3,raw_upper_bound,18,5,success_prob,0.996826171875,0.9521710717744769,0.952170872183714,0.9521710707527,0.012520313262939453,5,12,"[1, 3, 4]"
fake_vigo,3,bv,15,0.0,45,False,0,"[]",random,3,raw_upper_bound,18,6,success_prob,0.9952392578125,0.9521710717744769,0.952170872183714,0.9521710707527,0.012520313262939453,5,12,"[1, 3, 4]"
fake_vigo,3,bv,15,0.0,45,False,0,"[]",random,3,raw_upper_bound,18,7,success_prob,0.995849609375,0.9521710717744769,0.952170872183714,0.9521710707527,0.012520313262939453,5,12,"[1, 3, 4]"
fake_vigo,3,bv,15,0.0,45,False,0,"[]",random,3,raw_upper_bound,18,8,success_prob,0.9967041015625,0.9521710717744769,0.952170872183714,0.9521710707527,0.012520313262939453,5,12,"[1, 3, 4]"
fake_vigo,3,bv,15,0.0,45,False,0,"[]",random,3,raw_upper_bound,18,9,success_prob,0.9959716796875,0.9521710717744769,0.952170872183714,0.9521710707527,0.012520313262939453,5,12,"[1, 3, 4]"
fake_vigo,3,bv,15,0.0,45,False,0,"[]",random,3,raw_upper_bound,18,10,success_prob,0.9942626953125,0.9521710717744769,0.952170872183714,0.9521710707527,0.012520313262939453,5,12,"[1, 3, 4]"
fake_vigo,3,bv,15,0.0,45,False,0,"[]",random,3,raw_upper_bound,18,11,success_prob,0.99462890625,0.9521710717744769,0.952170872183714,0.9521710707527,0.012520313262939453,5,12,"[1, 3, 4]"
fake_vigo,3,bv,15,0.0,45,False,0,"[]",random,3,raw_upper_bound,18,12,success_prob,0.9967041015625,0.9521710717744769,0.952170872183714,0.9521710707527,0.012520313262939453,5,12,"[1, 3, 4]"
fake_vigo,3,bv,15,0.0,45,False,0,"[]",random,3,raw_upper_bound,18,13,success_prob,0.9951171875,0.9521710717744769,0.952170872183714,0.9521710707527,0.012520313262939453,5,12,"[1, 3, 4]"
fake_vigo,3,bv,15,0.0,45,False,0,"[]",random,3,raw_upper_bound,18,14,success_prob,0.9952392578125,0.9521710717744769,0.952170872183714,0.9521710707527,0.012520313262939453,5,12,"[1, 3, 4]"
fake_vigo,3,bv,15,0.0,45,False,0,"[]",random,3,raw_upper_bound,18,15,success_prob,0.99560546875,0.9521710717744769,0.952170872183714,0.9521710707527,0.012520313262939453,5,12,"[1, 3, 4]"
fake_vigo,3,bv,15,0.0,45,False,0,"[]",random,3,raw_upper_bound,18,16,success_prob,0.995361328125,0.9521710717744769,0.952170872183714,0.9521710707527,0.012520313262939453,5,12,"[1, 3, 4]"
fake_vigo,3,bv,15,0.0,45,False,0,"[]",random,3,raw_upper_bound,18,17,success_prob,0.9962158203125,0.9521710717744769,0.952170872183714,0.9521710707527,0.012520313262939453,5,12,"[1, 3, 4]"
fake_vigo,3,bv,15,0.0,45,False,0,"[]",random,3,raw_upper_bound,18,18,success_prob,0.9954833984375,0.9521710717744769,0.952170872183714,0.9521710707527,0.012520313262939453,5,12,"[1, 3, 4]"
fake_vigo,3,bv,15,0.0,45,False,0,"[]",random,3,raw_upper_bound,18,19,success_prob,0.9959716796875,0.9521710717744769,0.952170872183714,0.9521710707527,0.012520313262939453,5,12,"[1, 3, 4]"
fake_vigo,3,bv,15,0.0,45,False,0,"[]",random,3,raw_upper_bound,19,0,success_prob,0.9962158203125,0.969850740362079,0.9698505370653658,0.9698507397554416,0.012872695922851562,2,9,"[1, 4, 3]"
fake_vigo,3,bv,15,0.0,45,False,0,"[]",random,3,raw_upper_bound,19,1,success_prob,0.9951171875,0.969850740362079,0.9698505370653658,0.9698507397554416,0.012872695922851562,2,9,"[1, 4, 3]"
fake_vigo,3,bv,15,0.0,45,False,0,"[]",random,3,raw_upper_bound,19,2,success_prob,0.9962158203125,0.969850740362079,0.9698505370653658,0.9698507397554416,0.012872695922851562,2,9,"[1, 4, 3]"
fake_vigo,3,bv,15,0.0,45,False,0,"[]",random,3,raw_upper_bound,19,3,success_prob,0.9964599609375,0.969850740362079,0.9698505370653658,0.9698507397554416,0.012872695922851562,2,9,"[1, 4, 3]"
fake_vigo,3,bv,15,0.0,45,False,0,"[]",random,3,raw_upper_bound,19,4,success_prob,0.995361328125,0.969850740362079,0.9698505370653658,0.9698507397554416,0.012872695922851562,2,9,"[1, 4, 3]"
fake_vigo,3,bv,15,0.0,45,False,0,"[]",random,3,raw_upper_bound,19,5,success_prob,0.996826171875,0.969850740362079,0.9698505370653658,0.9698507397554416,0.012872695922851562,2,9,"[1, 4, 3]"
fake_vigo,3,bv,15,0.0,45,False,0,"[]",random,3,raw_upper_bound,19,6,success_prob,0.9952392578125,0.969850740362079,0.9698505370653658,0.9698507397554416,0.012872695922851562,2,9,"[1, 4, 3]"
fake_vigo,3,bv,15,0.0,45,False,0,"[]",random,3,raw_upper_bound,19,7,success_prob,0.995849609375,0.969850740362079,0.9698505370653658,0.9698507397554416,0.012872695922851562,2,9,"[1, 4, 3]"
fake_vigo,3,bv,15,0.0,45,False,0,"[]",random,3,raw_upper_bound,19,8,success_prob,0.9967041015625,0.969850740362079,0.9698505370653658,0.9698507397554416,0.012872695922851562,2,9,"[1, 4, 3]"
fake_vigo,3,bv,15,0.0,45,False,0,"[]",random,3,raw_upper_bound,19,9,success_prob,0.9959716796875,0.969850740362079,0.9698505370653658,0.9698507397554416,0.012872695922851562,2,9,"[1, 4, 3]"
fake_vigo,3,bv,15,0.0,45,False,0,"[]",random,3,raw_upper_bound,19,10,success_prob,0.9942626953125,0.969850740362079,0.9698505370653658,0.9698507397554416,0.012872695922851562,2,9,"[1, 4, 3]"
fake_vigo,3,bv,15,0.0,45,False,0,"[]",random,3,raw_upper_bound,19,11,success_prob,0.99462890625,0.969850740362079,0.9698505370653658,0.9698507397554416,0.012872695922851562,2,9,"[1, 4, 3]"
fake_vigo,3,bv,15,0.0,45,False,0,"[]",random,3,raw_upper_bound,19,12,success_prob,0.9967041015625,0.969850740362079,0.9698505370653658,0.9698507397554416,0.012872695922851562,2,9,"[1, 4, 3]"
fake_vigo,3,bv,15,0.0,45,False,0,"[]",random,3,raw_upper_bound,19,13,success_prob,0.9951171875,0.969850740362079,0.9698505370653658,0.9698507397554416,0.012872695922851562,2,9,"[1, 4, 3]"
fake_vigo,3,bv,15,0.0,45,False,0,"[]",random,3,raw_upper_bound,19,14,success_prob,0.9952392578125,0.969850740362079,0.9698505370653658,0.9698507397554416,0.012872695922851562,2,9,"[1, 4, 3]"
fake_vigo,3,bv,15,0.0,45,False,0,"[]",random,3,raw_upper_bound,19,15,success_prob,0.99560546875,0.969850740362079,0.9698505370653658,0.9698507397554416,0.012872695922851562,2,9,"[1, 4, 3]"
fake_vigo,3,bv,15,0.0,45,False,0,"[]",random,3,raw_upper_bound,19,16,success_prob,0.995361328125,0.969850740362079,0.9698505370653658,0.9698507397554416,0.012872695922851562,2,9,"[1, 4, 3]"
fake_vigo,3,bv,15,0.0,45,False,0,"[]",random,3,raw_upper_bound,19,17,success_prob,0.9962158203125,0.969850740362079,0.9698505370653658,0.9698507397554416,0.012872695922851562,2,9,"[1, 4, 3]"
fake_vigo,3,bv,15,0.0,45,False,0,"[]",random,3,raw_upper_bound,19,18,success_prob,0.9954833984375,0.969850740362079,0.9698505370653658,0.9698507397554416,0.012872695922851562,2,9,"[1, 4, 3]"
fake_vigo,3,bv,15,0.0,45,False,0,"[]",random,3,raw_upper_bound,19,19,success_prob,0.9959716796875,0.969850740362079,0.9698505370653658,0.9698507397554416,0.012872695922851562,2,9,"[1, 4, 3]"
fake_vigo,3,bv,15,0.0,45,False,0,"[]",random,3,raw_upper_bound,20,0,success_prob,0.995361328125,0.9749459432061744,0.9749457388414228,0.974945942769223,0.012570858001708984,3,16,"[3, 1, 4]"
fake_vigo,3,bv,15,0.0,45,False,0,"[]",random,3,raw_upper_bound,20,1,success_prob,0.9959716796875,0.9749459432061744,0.9749457388414228,0.974945942769223,0.012570858001708984,3,16,"[3, 1, 4]"
fake_vigo,3,bv,15,0.0,45,False,0,"[]",random,3,raw_upper_bound,20,2,success_prob,0.9951171875,0.9749459432061744,0.9749457388414228,0.974945942769223,0.012570858001708984,3,16,"[3, 1, 4]"
fake_vigo,3,bv,15,0.0,45,False,0,"[]",random,3,raw_upper_bound,20,3,success_prob,0.9952392578125,0.9749459432061744,0.9749457388414228,0.974945942769223,0.012570858001708984,3,16,"[3, 1, 4]"
fake_vigo,3,bv,15,0.0,45,False,0,"[]",random,3,raw_upper_bound,20,4,success_prob,0.9947509765625,0.9749459432061744,0.9749457388414228,0.974945942769223,0.012570858001708984,3,16,"[3, 1, 4]"
fake_vigo,3,bv,15,0.0,45,False,0,"[]",random,3,raw_upper_bound,20,5,success_prob,0.9952392578125,0.9749459432061744,0.9749457388414228,0.974945942769223,0.012570858001708984,3,16,"[3, 1, 4]"
fake_vigo,3,bv,15,0.0,45,False,0,"[]",random,3,raw_upper_bound,20,6,success_prob,0.9954833984375,0.9749459432061744,0.9749457388414228,0.974945942769223,0.012570858001708984,3,16,"[3, 1, 4]"
fake_vigo,3,bv,15,0.0,45,False,0,"[]",random,3,raw_upper_bound,20,7,success_prob,0.995849609375,0.9749459432061744,0.9749457388414228,0.974945942769223,0.012570858001708984,3,16,"[3, 1, 4]"
fake_vigo,3,bv,15,0.0,45,False,0,"[]",random,3,raw_upper_bound,20,8,success_prob,0.9952392578125,0.9749459432061744,0.9749457388414228,0.974945942769223,0.012570858001708984,3,16,"[3, 1, 4]"
fake_vigo,3,bv,15,0.0,45,False,0,"[]",random,3,raw_upper_bound,20,9,success_prob,0.995849609375,0.9749459432061744,0.9749457388414228,0.974945942769223,0.012570858001708984,3,16,"[3, 1, 4]"
fake_vigo,3,bv,15,0.0,45,False,0,"[]",random,3,raw_upper_bound,20,10,success_prob,0.9959716796875,0.9749459432061744,0.9749457388414228,0.974945942769223,0.012570858001708984,3,16,"[3, 1, 4]"
fake_vigo,3,bv,15,0.0,45,False,0,"[]",random,3,raw_upper_bound,20,11,success_prob,0.9951171875,0.9749459432061744,0.9749457388414228,0.974945942769223,0.012570858001708984,3,16,"[3, 1, 4]"
fake_vigo,3,bv,15,0.0,45,False,0,"[]",random,3,raw_upper_bound,20,12,success_prob,0.9959716796875,0.9749459432061744,0.9749457388414228,0.974945942769223,0.012570858001708984,3,16,"[3, 1, 4]"
fake_vigo,3,bv,15,0.0,45,False,0,"[]",random,3,raw_upper_bound,20,13,success_prob,0.9959716796875,0.9749459432061744,0.9749457388414228,0.974945942769223,0.012570858001708984,3,16,"[3, 1, 4]"
fake_vigo,3,bv,15,0.0,45,False,0,"[]",random,3,raw_upper_bound,20,14,success_prob,0.993896484375,0.9749459432061744,0.9749457388414228,0.974945942769223,0.012570858001708984,3,16,"[3, 1, 4]"
fake_vigo,3,bv,15,0.0,45,False,0,"[]",random,3,raw_upper_bound,20,15,success_prob,0.995361328125,0.9749459432061744,0.9749457388414228,0.974945942769223,0.012570858001708984,3,16,"[3, 1, 4]"
fake_vigo,3,bv,15,0.0,45,False,0,"[]",random,3,raw_upper_bound,20,16,success_prob,0.9957275390625,0.9749459432061744,0.9749457388414228,0.974945942769223,0.012570858001708984,3,16,"[3, 1, 4]"
fake_vigo,3,bv,15,0.0,45,False,0,"[]",random,3,raw_upper_bound,20,17,success_prob,0.9957275390625,0.9749459432061744,0.9749457388414228,0.974945942769223,0.012570858001708984,3,16,"[3, 1, 4]"
fake_vigo,3,bv,15,0.0,45,False,0,"[]",random,3,raw_upper_bound,20,18,success_prob,0.994873046875,0.9749459432061744,0.9749457388414228,0.974945942769223,0.012570858001708984,3,16,"[3, 1, 4]"
fake_vigo,3,bv,15,0.0,45,False,0,"[]",random,3,raw_upper_bound,20,19,success_prob,0.9952392578125,0.9749459432061744,0.9749457388414228,0.974945942769223,0.012570858001708984,3,16,"[3, 1, 4]"
fake_vigo,3,bv,15,0.0,45,False,0,"[]",random,3,raw_upper_bound,21,0,success_prob,0.9962158203125,0.9700377745116253,0.9700375711757068,0.970037773981364,0.011379003524780273,3,16,"[3, 4, 1]"
fake_vigo,3,bv,15,0.0,45,False,0,"[]",random,3,raw_upper_bound,21,1,success_prob,0.9954833984375,0.9700377745116253,0.9700375711757068,0.970037773981364,0.011379003524780273,3,16,"[3, 4, 1]"
fake_vigo,3,bv,15,0.0,45,False,0,"[]",random,3,raw_upper_bound,21,2,success_prob,0.9951171875,0.9700377745116253,0.9700375711757068,0.970037773981364,0.011379003524780273,3,16,"[3, 4, 1]"
fake_vigo,3,bv,15,0.0,45,False,0,"[]",random,3,raw_upper_bound,21,3,success_prob,0.994873046875,0.9700377745116253,0.9700375711757068,0.970037773981364,0.011379003524780273,3,16,"[3, 4, 1]"
fake_vigo,3,bv,15,0.0,45,False,0,"[]",random,3,raw_upper_bound,21,4,success_prob,0.9951171875,0.9700377745116253,0.9700375711757068,0.970037773981364,0.011379003524780273,3,16,"[3, 4, 1]"
fake_vigo,3,bv,15,0.0,45,False,0,"[]",random,3,raw_upper_bound,21,5,success_prob,0.99658203125,0.9700377745116253,0.9700375711757068,0.970037773981364,0.011379003524780273,3,16,"[3, 4, 1]"
fake_vigo,3,bv,15,0.0,45,False,0,"[]",random,3,raw_upper_bound,21,6,success_prob,0.9954833984375,0.9700377745116253,0.9700375711757068,0.970037773981364,0.011379003524780273,3,16,"[3, 4, 1]"
fake_vigo,3,bv,15,0.0,45,False,0,"[]",random,3,raw_upper_bound,21,7,success_prob,0.996337890625,0.9700377745116253,0.9700375711757068,0.970037773981364,0.011379003524780273,3,16,"[3, 4, 1]"
fake_vigo,3,bv,15,0.0,45,False,0,"[]",random,3,raw_upper_bound,21,8,success_prob,0.9964599609375,0.9700377745116253,0.9700375711757068,0.970037773981364,0.011379003524780273,3,16,"[3, 4, 1]"
fake_vigo,3,bv,15,0.0,45,False,0,"[]",random,3,raw_upper_bound,21,9,success_prob,0.9957275390625,0.9700377745116253,0.9700375711757068,0.970037773981364,0.011379003524780273,3,16,"[3, 4, 1]"
fake_vigo,3,bv,15,0.0,45,False,0,"[]",random,3,raw_upper_bound,21,10,success_prob,0.995361328125,0.9700377745116253,0.9700375711757068,0.970037773981364,0.011379003524780273,3,16,"[3, 4, 1]"
fake_vigo,3,bv,15,0.0,45,False,0,"[]",random,3,raw_upper_bound,21,11,success_prob,0.9957275390625,0.9700377745116253,0.9700375711757068,0.970037773981364,0.011379003524780273,3,16,"[3, 4, 1]"
fake_vigo,3,bv,15,0.0,45,False,0,"[]",random,3,raw_upper_bound,21,12,success_prob,0.9962158203125,0.9700377745116253,0.9700375711757068,0.970037773981364,0.011379003524780273,3,16,"[3, 4, 1]"
fake_vigo,3,bv,15,0.0,45,False,0,"[]",random,3,raw_upper_bound,21,13,success_prob,0.995361328125,0.9700377745116253,0.9700375711757068,0.970037773981364,0.011379003524780273,3,16,"[3, 4, 1]"
fake_vigo,3,bv,15,0.0,45,False,0,"[]",random,3,raw_upper_bound,21,14,success_prob,0.9954833984375,0.9700377745116253,0.9700375711757068,0.970037773981364,0.011379003524780273,3,16,"[3, 4, 1]"
fake_vigo,3,bv,15,0.0,45,False,0,"[]",random,3,raw_upper_bound,21,15,success_prob,0.9951171875,0.9700377745116253,0.9700375711757068,0.970037773981364,0.011379003524780273,3,16,"[3, 4, 1]"
fake_vigo,3,bv,15,0.0,45,False,0,"[]",random,3,raw_upper_bound,21,16,success_prob,0.9959716796875,0.9700377745116253,0.9700375711757068,0.970037773981364,0.011379003524780273,3,16,"[3, 4, 1]"
fake_vigo,3,bv,15,0.0,45,False,0,"[]",random,3,raw_upper_bound,21,17,success_prob,0.996826171875,0.9700377745116253,0.9700375711757068,0.970037773981364,0.011379003524780273,3,16,"[3, 4, 1]"
fake_vigo,3,bv,15,0.0,45,False,0,"[]",random,3,raw_upper_bound,21,18,success_prob,0.9951171875,0.9700377745116253,0.9700375711757068,0.970037773981364,0.011379003524780273,3,16,"[3, 4, 1]"
fake_vigo,3,bv,15,0.0,45,False,0,"[]",random,3,raw_upper_bound,21,19,success_prob,0.9971923828125,0.9700377745116253,0.9700375711757068,0.970037773981364,0.011379003524780273,3,16,"[3, 4, 1]"
fake_vigo,3,bv,15,0.0,45,False,0,"[]",random,3,raw_upper_bound,22,0,success_prob,0.99560546875,0.9698507403620791,0.969850537065366,0.9698507397554417,0.01214289665222168,2,9,"[4, 1, 3]"
fake_vigo,3,bv,15,0.0,45,False,0,"[]",random,3,raw_upper_bound,22,1,success_prob,0.99560546875,0.9698507403620791,0.969850537065366,0.9698507397554417,0.01214289665222168,2,9,"[4, 1, 3]"
fake_vigo,3,bv,15,0.0,45,False,0,"[]",random,3,raw_upper_bound,22,2,success_prob,0.9951171875,0.9698507403620791,0.969850537065366,0.9698507397554417,0.01214289665222168,2,9,"[4, 1, 3]"
fake_vigo,3,bv,15,0.0,45,False,0,"[]",random,3,raw_upper_bound,22,3,success_prob,0.99609375,0.9698507403620791,0.969850537065366,0.9698507397554417,0.01214289665222168,2,9,"[4, 1, 3]"
fake_vigo,3,bv,15,0.0,45,False,0,"[]",random,3,raw_upper_bound,22,4,success_prob,0.9954833984375,0.9698507403620791,0.969850537065366,0.9698507397554417,0.01214289665222168,2,9,"[4, 1, 3]"
fake_vigo,3,bv,15,0.0,45,False,0,"[]",random,3,raw_upper_bound,22,5,success_prob,0.9957275390625,0.9698507403620791,0.969850537065366,0.9698507397554417,0.01214289665222168,2,9,"[4, 1, 3]"
fake_vigo,3,bv,15,0.0,45,False,0,"[]",random,3,raw_upper_bound,22,6,success_prob,0.99462890625,0.9698507403620791,0.969850537065366,0.9698507397554417,0.01214289665222168,2,9,"[4, 1, 3]"
fake_vigo,3,bv,15,0.0,45,False,0,"[]",random,3,raw_upper_bound,22,7,success_prob,0.9952392578125,0.9698507403620791,0.969850537065366,0.9698507397554417,0.01214289665222168,2,9,"[4, 1, 3]"
fake_vigo,3,bv,15,0.0,45,False,0,"[]",random,3,raw_upper_bound,22,8,success_prob,0.9959716796875,0.9698507403620791,0.969850537065366,0.9698507397554417,0.01214289665222168,2,9,"[4, 1, 3]"
fake_vigo,3,bv,15,0.0,45,False,0,"[]",random,3,raw_upper_bound,22,9,success_prob,0.9962158203125,0.9698507403620791,0.969850537065366,0.9698507397554417,0.01214289665222168,2,9,"[4, 1, 3]"
fake_vigo,3,bv,15,0.0,45,False,0,"[]",random,3,raw_upper_bound,22,10,success_prob,0.9949951171875,0.9698507403620791,0.969850537065366,0.9698507397554417,0.01214289665222168,2,9,"[4, 1, 3]"
fake_vigo,3,bv,15,0.0,45,False,0,"[]",random,3,raw_upper_bound,22,11,success_prob,0.9954833984375,0.9698507403620791,0.969850537065366,0.9698507397554417,0.01214289665222168,2,9,"[4, 1, 3]"
fake_vigo,3,bv,15,0.0,45,False,0,"[]",random,3,raw_upper_bound,22,12,success_prob,0.996337890625,0.9698507403620791,0.969850537065366,0.9698507397554417,0.01214289665222168,2,9,"[4, 1, 3]"
fake_vigo,3,bv,15,0.0,45,False,0,"[]",random,3,raw_upper_bound,22,13,success_prob,0.995849609375,0.9698507403620791,0.969850537065366,0.9698507397554417,0.01214289665222168,2,9,"[4, 1, 3]"
fake_vigo,3,bv,15,0.0,45,False,0,"[]",random,3,raw_upper_bound,22,14,success_prob,0.993896484375,0.9698507403620791,0.969850537065366,0.9698507397554417,0.01214289665222168,2,9,"[4, 1, 3]"
fake_vigo,3,bv,15,0.0,45,False,0,"[]",random,3,raw_upper_bound,22,15,success_prob,0.99560546875,0.9698507403620791,0.969850537065366,0.9698507397554417,0.01214289665222168,2,9,"[4, 1, 3]"
fake_vigo,3,bv,15,0.0,45,False,0,"[]",random,3,raw_upper_bound,22,16,success_prob,0.9952392578125,0.9698507403620791,0.969850537065366,0.9698507397554417,0.01214289665222168,2,9,"[4, 1, 3]"
fake_vigo,3,bv,15,0.0,45,False,0,"[]",random,3,raw_upper_bound,22,17,success_prob,0.995361328125,0.9698507403620791,0.969850537065366,0.9698507397554417,0.01214289665222168,2,9,"[4, 1, 3]"
fake_vigo,3,bv,15,0.0,45,False,0,"[]",random,3,raw_upper_bound,22,18,success_prob,0.995361328125,0.9698507403620791,0.969850537065366,0.9698507397554417,0.01214289665222168,2,9,"[4, 1, 3]"
fake_vigo,3,bv,15,0.0,45,False,0,"[]",random,3,raw_upper_bound,22,19,success_prob,0.99560546875,0.9698507403620791,0.969850537065366,0.9698507397554417,0.01214289665222168,2,9,"[4, 1, 3]"
fake_vigo,3,bv,15,0.0,45,False,0,"[]",random,3,raw_upper_bound,23,0,success_prob,0.99560546875,0.9473007877957055,0.9473005892258344,0.9473007868171324,0.013358354568481445,5,12,"[4, 3, 1]"
fake_vigo,3,bv,15,0.0,45,False,0,"[]",random,3,raw_upper_bound,23,1,success_prob,0.99560546875,0.9473007877957055,0.9473005892258344,0.9473007868171324,0.013358354568481445,5,12,"[4, 3, 1]"
fake_vigo,3,bv,15,0.0,45,False,0,"[]",random,3,raw_upper_bound,23,2,success_prob,0.9951171875,0.9473007877957055,0.9473005892258344,0.9473007868171324,0.013358354568481445,5,12,"[4, 3, 1]"
fake_vigo,3,bv,15,0.0,45,False,0,"[]",random,3,raw_upper_bound,23,3,success_prob,0.99609375,0.9473007877957055,0.9473005892258344,0.9473007868171324,0.013358354568481445,5,12,"[4, 3, 1]"
fake_vigo,3,bv,15,0.0,45,False,0,"[]",random,3,raw_upper_bound,23,4,success_prob,0.9954833984375,0.9473007877957055,0.9473005892258344,0.9473007868171324,0.013358354568481445,5,12,"[4, 3, 1]"
fake_vigo,3,bv,15,0.0,45,False,0,"[]",random,3,raw_upper_bound,23,5,success_prob,0.9957275390625,0.9473007877957055,0.9473005892258344,0.9473007868171324,0.013358354568481445,5,12,"[4, 3, 1]"
fake_vigo,3,bv,15,0.0,45,False,0,"[]",random,3,raw_upper_bound,23,6,success_prob,0.99462890625,0.9473007877957055,0.9473005892258344,0.9473007868171324,0.013358354568481445,5,12,"[4, 3, 1]"
fake_vigo,3,bv,15,0.0,45,False,0,"[]",random,3,raw_upper_bound,23,7,success_prob,0.9952392578125,0.9473007877957055,0.9473005892258344,0.9473007868171324,0.013358354568481445,5,12,"[4, 3, 1]"
fake_vigo,3,bv,15,0.0,45,False,0,"[]",random,3,raw_upper_bound,23,8,success_prob,0.9959716796875,0.9473007877957055,0.9473005892258344,0.9473007868171324,0.013358354568481445,5,12,"[4, 3, 1]"
fake_vigo,3,bv,15,0.0,45,False,0,"[]",random,3,raw_upper_bound,23,9,success_prob,0.9962158203125,0.9473007877957055,0.9473005892258344,0.9473007868171324,0.013358354568481445,5,12,"[4, 3, 1]"
fake_vigo,3,bv,15,0.0,45,False,0,"[]",random,3,raw_upper_bound,23,10,success_prob,0.9949951171875,0.9473007877957055,0.9473005892258344,0.9473007868171324,0.013358354568481445,5,12,"[4, 3, 1]"
fake_vigo,3,bv,15,0.0,45,False,0,"[]",random,3,raw_upper_bound,23,11,success_prob,0.9954833984375,0.9473007877957055,0.9473005892258344,0.9473007868171324,0.013358354568481445,5,12,"[4, 3, 1]"
fake_vigo,3,bv,15,0.0,45,False,0,"[]",random,3,raw_upper_bound,23,12,success_prob,0.996337890625,0.9473007877957055,0.9473005892258344,0.9473007868171324,0.013358354568481445,5,12,"[4, 3, 1]"
fake_vigo,3,bv,15,0.0,45,False,0,"[]",random,3,raw_upper_bound,23,13,success_prob,0.995849609375,0.9473007877957055,0.9473005892258344,0.9473007868171324,0.013358354568481445,5,12,"[4, 3, 1]"
fake_vigo,3,bv,15,0.0,45,False,0,"[]",random,3,raw_upper_bound,23,14,success_prob,0.993896484375,0.9473007877957055,0.9473005892258344,0.9473007868171324,0.013358354568481445,5,12,"[4, 3, 1]"
fake_vigo,3,bv,15,0.0,45,False,0,"[]",random,3,raw_upper_bound,23,15,success_prob,0.99560546875,0.9473007877957055,0.9473005892258344,0.9473007868171324,0.013358354568481445,5,12,"[4, 3, 1]"
fake_vigo,3,bv,15,0.0,45,False,0,"[]",random,3,raw_upper_bound,23,16,success_prob,0.9952392578125,0.9473007877957055,0.9473005892258344,0.9473007868171324,0.013358354568481445,5,12,"[4, 3, 1]"
fake_vigo,3,bv,15,0.0,45,False,0,"[]",random,3,raw_upper_bound,23,17,success_prob,0.995361328125,0.9473007877957055,0.9473005892258344,0.9473007868171324,0.013358354568481445,5,12,"[4, 3, 1]"
fake_vigo,3,bv,15,0.0,45,False,0,"[]",random,3,raw_upper_bound,23,18,success_prob,0.995361328125,0.9473007877957055,0.9473005892258344,0.9473007868171324,0.013358354568481445,5,12,"[4, 3, 1]"
fake_vigo,3,bv,15,0.0,45,False,0,"[]",random,3,raw_upper_bound,23,19,success_prob,0.99560546875,0.9473007877957055,0.9473005892258344,0.9473007868171324,0.013358354568481445,5,12,"[4, 3, 1]"
fake_vigo,3,bv,15,0.0,45,False,0,"[]",esp_thermal,3,raw_upper_bound,0,0,success_prob,0.99755859375,0.9829891978057419,0.98298904471087,0.9829891976166008,0.3322453498840332,2,9,"[0, 3, 1]"
fake_vigo,3,bv,15,0.0,45,False,0,"[]",esp_thermal,3,raw_upper_bound,0,1,success_prob,0.9957275390625,0.9829891978057419,0.98298904471087,0.9829891976166008,0.3322453498840332,2,9,"[0, 3, 1]"
fake_vigo,3,bv,15,0.0,45,False,0,"[]",esp_thermal,3,raw_upper_bound,0,2,success_prob,0.997314453125,0.9829891978057419,0.98298904471087,0.9829891976166008,0.3322453498840332,2,9,"[0, 3, 1]"
fake_vigo,3,bv,15,0.0,45,False,0,"[]",esp_thermal,3,raw_upper_bound,0,3,success_prob,0.997802734375,0.9829891978057419,0.98298904471087,0.9829891976166008,0.3322453498840332,2,9,"[0, 3, 1]"
fake_vigo,3,bv,15,0.0,45,False,0,"[]",esp_thermal,3,raw_upper_bound,0,4,success_prob,0.9967041015625,0.9829891978057419,0.98298904471087,0.9829891976166008,0.3322453498840332,2,9,"[0, 3, 1]"
fake_vigo,3,bv,15,0.0,45,False,0,"[]",esp_thermal,3,raw_upper_bound,0,5,success_prob,0.99853515625,0.9829891978057419,0.98298904471087,0.9829891976166008,0.3322453498840332,2,9,"[0, 3, 1]"
fake_vigo,3,bv,15,0.0,45,False,0,"[]",esp_thermal,3,raw_upper_bound,0,6,success_prob,0.9971923828125,0.9829891978057419,0.98298904471087,0.9829891976166008,0.3322453498840332,2,9,"[0, 3, 1]"
fake_vigo,3,bv,15,0.0,45,False,0,"[]",esp_thermal,3,raw_upper_bound,0,7,success_prob,0.997314453125,0.9829891978057419,0.98298904471087,0.9829891976166008,0.3322453498840332,2,9,"[0, 3, 1]"
fake_vigo,3,bv,15,0.0,45,False,0,"[]",esp_thermal,3,raw_upper_bound,0,8,success_prob,0.997802734375,0.9829891978057419,0.98298904471087,0.9829891976166008,0.3322453498840332,2,9,"[0, 3, 1]"
fake_vigo,3,bv,15,0.0,45,False,0,"[]",esp_thermal,3,raw_upper_bound,0,9,success_prob,0.9976806640625,0.9829891978057419,0.98298904471087,0.9829891976166008,0.3322453498840332,2,9,"[0, 3, 1]"
fake_vigo,3,bv,15,0.0,45,False,0,"[]",esp_thermal,3,raw_upper_bound,0,10,success_prob,0.995849609375,0.9829891978057419,0.98298904471087,0.9829891976166008,0.3322453498840332,2,9,"[0, 3, 1]"
fake_vigo,3,bv,15,0.0,45,False,0,"[]",esp_thermal,3,raw_upper_bound,0,11,success_prob,0.9967041015625,0.9829891978057419,0.98298904471087,0.9829891976166008,0.3322453498840332,2,9,"[0, 3, 1]"
fake_vigo,3,bv,15,0.0,45,False,0,"[]",esp_thermal,3,raw_upper_bound,0,12,success_prob,0.997314453125,0.9829891978057419,0.98298904471087,0.9829891976166008,0.3322453498840332,2,9,"[0, 3, 1]"
fake_vigo,3,bv,15,0.0,45,False,0,"[]",esp_thermal,3,raw_upper_bound,0,13,success_prob,0.9967041015625,0.9829891978057419,0.98298904471087,0.9829891976166008,0.3322453498840332,2,9,"[0, 3, 1]"
fake_vigo,3,bv,15,0.0,45,False,0,"[]",esp_thermal,3,raw_upper_bound,0,14,success_prob,0.99658203125,0.9829891978057419,0.98298904471087,0.9829891976166008,0.3322453498840332,2,9,"[0, 3, 1]"
fake_vigo,3,bv,15,0.0,45,False,0,"[]",esp_thermal,3,raw_upper_bound,0,15,success_prob,0.996826171875,0.9829891978057419,0.98298904471087,0.9829891976166008,0.3322453498840332,2,9,"[0, 3, 1]"
fake_vigo,3,bv,15,0.0,45,False,0,"[]",esp_thermal,3,raw_upper_bound,0,16,success_prob,0.9964599609375,0.9829891978057419,0.98298904471087,0.9829891976166008,0.3322453498840332,2,9,"[0, 3, 1]"
fake_vigo,3,bv,15,0.0,45,False,0,"[]",esp_thermal,3,raw_upper_bound,0,17,success_prob,0.997314453125,0.9829891978057419,0.98298904471087,0.9829891976166008,0.3322453498840332,2,9,"[0, 3, 1]"
fake_vigo,3,bv,15,0.0,45,False,0,"[]",esp_thermal,3,raw_upper_bound,0,18,success_prob,0.9964599609375,0.9829891978057419,0.98298904471087,0.9829891976166008,0.3322453498840332,2,9,"[0, 3, 1]"
fake_vigo,3,bv,15,0.0,45,False,0,"[]",esp_thermal,3,raw_upper_bound,0,19,success_prob,0.9971923828125,0.9829891978057419,0.98298904471087,0.9829891976166008,0.3322453498840332,2,9,"[0, 3, 1]"
fake_vigo,3,bv,15,0.2,45,False,0,"[3]",qiskit_L0,0,raw_upper_bound,0,0,success_prob,0.994140625,0.9468372072678727,0.9468369342582039,0.9468372058789399,0.002027750015258789,5,13,"[0, 1, 2]"
fake_vigo,3,bv,15,0.2,45,False,0,"[3]",qiskit_L0,0,raw_upper_bound,0,1,success_prob,0.9937744140625,0.9468372072678727,0.9468369342582039,0.9468372058789399,0.002027750015258789,5,13,"[0, 1, 2]"
fake_vigo,3,bv,15,0.2,45,False,0,"[3]",qiskit_L0,0,raw_upper_bound,0,2,success_prob,0.9940185546875,0.9468372072678727,0.9468369342582039,0.9468372058789399,0.002027750015258789,5,13,"[0, 1, 2]"
fake_vigo,3,bv,15,0.2,45,False,0,"[3]",qiskit_L0,0,raw_upper_bound,0,3,success_prob,0.9957275390625,0.9468372072678727,0.9468369342582039,0.9468372058789399,0.002027750015258789,5,13,"[0, 1, 2]"
fake_vigo,3,bv,15,0.2,45,False,0,"[3]",qiskit_L0,0,raw_upper_bound,0,4,success_prob,0.994140625,0.9468372072678727,0.9468369342582039,0.9468372058789399,0.002027750015258789,5,13,"[0, 1, 2]"
fake_vigo,3,bv,15,0.2,45,False,0,"[3]",qiskit_L0,0,raw_upper_bound,0,5,success_prob,0.995361328125,0.9468372072678727,0.9468369342582039,0.9468372058789399,0.002027750015258789,5,13,"[0, 1, 2]"
fake_vigo,3,bv,15,0.2,45,False,0,"[3]",qiskit_L0,0,raw_upper_bound,0,6,success_prob,0.9935302734375,0.9468372072678727,0.9468369342582039,0.9468372058789399,0.002027750015258789,5,13,"[0, 1, 2]"
fake_vigo,3,bv,15,0.2,45,False,0,"[3]",qiskit_L0,0,raw_upper_bound,0,7,success_prob,0.993896484375,0.9468372072678727,0.9468369342582039,0.9468372058789399,0.002027750015258789,5,13,"[0, 1, 2]"
fake_vigo,3,bv,15,0.2,45,False,0,"[3]",qiskit_L0,0,raw_upper_bound,0,8,success_prob,0.995361328125,0.9468372072678727,0.9468369342582039,0.9468372058789399,0.002027750015258789,5,13,"[0, 1, 2]"
fake_vigo,3,bv,15,0.2,45,False,0,"[3]",qiskit_L0,0,raw_upper_bound,0,9,success_prob,0.9959716796875,0.9468372072678727,0.9468369342582039,0.9468372058789399,0.002027750015258789,5,13,"[0, 1, 2]"
fake_vigo,3,bv,15,0.2,45,False,0,"[3]",qiskit_L0,0,raw_upper_bound,0,10,success_prob,0.9931640625,0.9468372072678727,0.9468369342582039,0.9468372058789399,0.002027750015258789,5,13,"[0, 1, 2]"
fake_vigo,3,bv,15,0.2,45,False,0,"[3]",qiskit_L0,0,raw_upper_bound,0,11,success_prob,0.9935302734375,0.9468372072678727,0.9468369342582039,0.9468372058789399,0.002027750015258789,5,13,"[0, 1, 2]"
fake_vigo,3,bv,15,0.2,45,False,0,"[3]",qiskit_L0,0,raw_upper_bound,0,12,success_prob,0.9949951171875,0.9468372072678727,0.9468369342582039,0.9468372058789399,0.002027750015258789,5,13,"[0, 1, 2]"
fake_vigo,3,bv,15,0.2,45,False,0,"[3]",qiskit_L0,0,raw_upper_bound,0,13,success_prob,0.9942626953125,0.9468372072678727,0.9468369342582039,0.9468372058789399,0.002027750015258789,5,13,"[0, 1, 2]"
fake_vigo,3,bv,15,0.2,45,False,0,"[3]",qiskit_L0,0,raw_upper_bound,0,14,success_prob,0.992431640625,0.9468372072678727,0.9468369342582039,0.9468372058789399,0.002027750015258789,5,13,"[0, 1, 2]"
fake_vigo,3,bv,15,0.2,45,False,0,"[3]",qiskit_L0,0,raw_upper_bound,0,15,success_prob,0.9947509765625,0.9468372072678727,0.9468369342582039,0.9468372058789399,0.002027750015258789,5,13,"[0, 1, 2]"
fake_vigo,3,bv,15,0.2,45,False,0,"[3]",qiskit_L0,0,raw_upper_bound,0,16,success_prob,0.993896484375,0.9468372072678727,0.9468369342582039,0.9468372058789399,0.002027750015258789,5,13,"[0, 1, 2]"
fake_vigo,3,bv,15,0.2,45,False,0,"[3]",qiskit_L0,0,raw_upper_bound,0,17,success_prob,0.9942626953125,0.9468372072678727,0.9468369342582039,0.9468372058789399,0.002027750015258789,5,13,"[0, 1, 2]"
fake_vigo,3,bv,15,0.2,45,False,0,"[3]",qiskit_L0,0,raw_upper_bound,0,18,success_prob,0.9940185546875,0.9468372072678727,0.9468369342582039,0.9468372058789399,0.002027750015258789,5,13,"[0, 1, 2]"
fake_vigo,3,bv,15,0.2,45,False,0,"[3]",qiskit_L0,0,raw_upper_bound,0,19,success_prob,0.9937744140625,0.9468372072678727,0.9468369342582039,0.9468372058789399,0.002027750015258789,5,13,"[0, 1, 2]"
fake_vigo,3,bv,15,0.2,45,False,0,"[3]",qiskit_L1,1,raw_upper_bound,0,0,success_prob,0.9964599609375,0.9829891978057419,0.9772192683884074,0.9829828913064496,0.002241849899291992,2,9,"[3, 0, 1]"
fake_vigo,3,bv,15,0.2,45,False,0,"[3]",qiskit_L1,1,raw_upper_bound,0,1,success_prob,0.9971923828125,0.9829891978057419,0.9772192683884074,0.9829828913064496,0.002241849899291992,2,9,"[3, 0, 1]"
fake_vigo,3,bv,15,0.2,45,False,0,"[3]",qiskit_L1,1,raw_upper_bound,0,2,success_prob,0.9962158203125,0.9829891978057419,0.9772192683884074,0.9829828913064496,0.002241849899291992,2,9,"[3, 0, 1]"
fake_vigo,3,bv,15,0.2,45,False,0,"[3]",qiskit_L1,1,raw_upper_bound,0,3,success_prob,0.9974365234375,0.9829891978057419,0.9772192683884074,0.9829828913064496,0.002241849899291992,2,9,"[3, 0, 1]"
fake_vigo,3,bv,15,0.2,45,False,0,"[3]",qiskit_L1,1,raw_upper_bound,0,4,success_prob,0.9969482421875,0.9829891978057419,0.9772192683884074,0.9829828913064496,0.002241849899291992,2,9,"[3, 0, 1]"
fake_vigo,3,bv,15,0.2,45,False,0,"[3]",qiskit_L1,1,raw_upper_bound,0,5,success_prob,0.99658203125,0.9829891978057419,0.9772192683884074,0.9829828913064496,0.002241849899291992,2,9,"[3, 0, 1]"
fake_vigo,3,bv,15,0.2,45,False,0,"[3]",qiskit_L1,1,raw_upper_bound,0,6,success_prob,0.9962158203125,0.9829891978057419,0.9772192683884074,0.9829828913064496,0.002241849899291992,2,9,"[3, 0, 1]"
fake_vigo,3,bv,15,0.2,45,False,0,"[3]",qiskit_L1,1,raw_upper_bound,0,7,success_prob,0.99609375,0.9829891978057419,0.9772192683884074,0.9829828913064496,0.002241849899291992,2,9,"[3, 0, 1]"
fake_vigo,3,bv,15,0.2,45,False,0,"[3]",qiskit_L1,1,raw_upper_bound,0,8,success_prob,0.9970703125,0.9829891978057419,0.9772192683884074,0.9829828913064496,0.002241849899291992,2,9,"[3, 0, 1]"
fake_vigo,3,bv,15,0.2,45,False,0,"[3]",qiskit_L1,1,raw_upper_bound,0,9,success_prob,0.997802734375,0.9829891978057419,0.9772192683884074,0.9829828913064496,0.002241849899291992,2,9,"[3, 0, 1]"
fake_vigo,3,bv,15,0.2,45,False,0,"[3]",qiskit_L1,1,raw_upper_bound,0,10,success_prob,0.9967041015625,0.9829891978057419,0.9772192683884074,0.9829828913064496,0.002241849899291992,2,9,"[3, 0, 1]"
fake_vigo,3,bv,15,0.2,45,False,0,"[3]",qiskit_L1,1,raw_upper_bound,0,11,success_prob,0.99658203125,0.9829891978057419,0.9772192683884074,0.9829828913064496,0.002241849899291992,2,9,"[3, 0, 1]"
fake_vigo,3,bv,15,0.2,45,False,0,"[3]",qiskit_L1,1,raw_upper_bound,0,12,success_prob,0.9971923828125,0.9829891978057419,0.9772192683884074,0.9829828913064496,0.002241849899291992,2,9,"[3, 0, 1]"
fake_vigo,3,bv,15,0.2,45,False,0,"[3]",qiskit_L1,1,raw_upper_bound,0,13,success_prob,0.9970703125,0.9829891978057419,0.9772192683884074,0.9829828913064496,0.002241849899291992,2,9,"[3, 0, 1]"
fake_vigo,3,bv,15,0.2,45,False,0,"[3]",qiskit_L1,1,raw_upper_bound,0,14,success_prob,0.9954833984375,0.9829891978057419,0.9772192683884074,0.9829828913064496,0.002241849899291992,2,9,"[3, 0, 1]"
fake_vigo,3,bv,15,0.2,45,False,0,"[3]",qiskit_L1,1,raw_upper_bound,0,15,success_prob,0.9976806640625,0.9829891978057419,0.9772192683884074,0.9829828913064496,0.002241849899291992,2,9,"[3, 0, 1]"
fake_vigo,3,bv,15,0.2,45,False,0,"[3]",qiskit_L1,1,raw_upper_bound,0,16,success_prob,0.9970703125,0.9829891978057419,0.9772192683884074,0.9829828913064496,0.002241849899291992,2,9,"[3, 0, 1]"
fake_vigo,3,bv,15,0.2,45,False,0,"[3]",qiskit_L1,1,raw_upper_bound,0,17,success_prob,0.9967041015625,0.9829891978057419,0.9772192683884074,0.9829828913064496,0.002241849899291992,2,9,"[3, 0, 1]"
fake_vigo,3,bv,15,0.2,45,False,0,"[3]",qiskit_L1,1,raw_upper_bound,0,18,success_prob,0.9970703125,0.9829891978057419,0.9772192683884074,0.9829828913064496,0.002241849899291992,2,9,"[3, 0, 1]"
fake_vigo,3,bv,15,0.2,45,False,0,"[3]",qiskit_L1,1,raw_upper_bound,0,19,success_prob,0.9964599609375,0.9829891978057419,0.9772192683884074,0.9829828913064496,0.002241849899291992,2,9,"[3, 0, 1]"
fake_vigo,3,bv,15,0.2,45,False,0,"[3]",qiskit_L3,3,raw_upper_bound,0,0,success_prob,0.9964599609375,0.9829891978057419,0.9772192683884074,0.9829828913064496,0.0035316944122314453,2,9,"[3, 0, 1]"
fake_vigo,3,bv,15,0.2,45,False,0,"[3]",qiskit_L3,3,raw_upper_bound,0,1,success_prob,0.9971923828125,0.9829891978057419,0.9772192683884074,0.9829828913064496,0.0035316944122314453,2,9,"[3, 0, 1]"
fake_vigo,3,bv,15,0.2,45,False,0,"[3]",qiskit_L3,3,raw_upper_bound,0,2,success_prob,0.9962158203125,0.9829891978057419,0.9772192683884074,0.9829828913064496,0.0035316944122314453,2,9,"[3, 0, 1]"
fake_vigo,3,bv,15,0.2,45,False,0,"[3]",qiskit_L3,3,raw_upper_bound,0,3,success_prob,0.9974365234375,0.9829891978057419,0.9772192683884074,0.9829828913064496,0.0035316944122314453,2,9,"[3, 0, 1]"
fake_vigo,3,bv,15,0.2,45,False,0,"[3]",qiskit_L3,3,raw_upper_bound,0,4,success_prob,0.9969482421875,0.9829891978057419,0.9772192683884074,0.9829828913064496,0.0035316944122314453,2,9,"[3, 0, 1]"
fake_vigo,3,bv,15,0.2,45,False,0,"[3]",qiskit_L3,3,raw_upper_bound,0,5,success_prob,0.99658203125,0.9829891978057419,0.9772192683884074,0.9829828913064496,0.0035316944122314453,2,9,"[3, 0, 1]"
fake_vigo,3,bv,15,0.2,45,False,0,"[3]",qiskit_L3,3,raw_upper_bound,0,6,success_prob,0.9962158203125,0.9829891978057419,0.9772192683884074,0.9829828913064496,0.0035316944122314453,2,9,"[3, 0, 1]"
fake_vigo,3,bv,15,0.2,45,False,0,"[3]",qiskit_L3,3,raw_upper_bound,0,7,success_prob,0.99609375,0.9829891978057419,0.9772192683884074,0.9829828913064496,0.0035316944122314453,2,9,"[3, 0, 1]"
fake_vigo,3,bv,15,0.2,45,False,0,"[3]",qiskit_L3,3,raw_upper_bound,0,8,success_prob,0.9970703125,0.9829891978057419,0.9772192683884074,0.9829828913064496,0.0035316944122314453,2,9,"[3, 0, 1]"
fake_vigo,3,bv,15,0.2,45,False,0,"[3]",qiskit_L3,3,raw_upper_bound,0,9,success_prob,0.997802734375,0.9829891978057419,0.9772192683884074,0.9829828913064496,0.0035316944122314453,2,9,"[3, 0, 1]"
fake_vigo,3,bv,15,0.2,45,False,0,"[3]",qiskit_L3,3,raw_upper_bound,0,10,success_prob,0.9967041015625,0.9829891978057419,0.9772192683884074,0.9829828913064496,0.0035316944122314453,2,9,"[3, 0, 1]"
fake_vigo,3,bv,15,0.2,45,False,0,"[3]",qiskit_L3,3,raw_upper_bound,0,11,success_prob,0.99658203125,0.9829891978057419,0.9772192683884074,0.9829828913064496,0.0035316944122314453,2,9,"[3, 0, 1]"
fake_vigo,3,bv,15,0.2,45,False,0,"[3]",qiskit_L3,3,raw_upper_bound,0,12,success_prob,0.9971923828125,0.9829891978057419,0.9772192683884074,0.9829828913064496,0.0035316944122314453,2,9,"[3, 0, 1]"
fake_vigo,3,bv,15,0.2,45,False,0,"[3]",qiskit_L3,3,raw_upper_bound,0,13,success_prob,0.9970703125,0.9829891978057419,0.9772192683884074,0.9829828913064496,0.0035316944122314453,2,9,"[3, 0, 1]"
fake_vigo,3,bv,15,0.2,45,False,0,"[3]",qiskit_L3,3,raw_upper_bound,0,14,success_prob,0.9954833984375,0.9829891978057419,0.9772192683884074,0.9829828913064496,0.0035316944122314453,2,9,"[3, 0, 1]"
fake_vigo,3,bv,15,0.2,45,False,0,"[3]",qiskit_L3,3,raw_upper_bound,0,15,success_prob,0.9976806640625,0.9829891978057419,0.9772192683884074,0.9829828913064496,0.0035316944122314453,2,9,"[3, 0, 1]"
fake_vigo,3,bv,15,0.2,45,False,0,"[3]",qiskit_L3,3,raw_upper_bound,0,16,success_prob,0.9970703125,0.9829891978057419,0.9772192683884074,0.9829828913064496,0.0035316944122314453,2,9,"[3, 0, 1]"
fake_vigo,3,bv,15,0.2,45,False,0,"[3]",qiskit_L3,3,raw_upper_bound,0,17,success_prob,0.9967041015625,0.9829891978057419,0.9772192683884074,0.9829828913064496,0.0035316944122314453,2,9,"[3, 0, 1]"
fake_vigo,3,bv,15,0.2,45,False,0,"[3]",qiskit_L3,3,raw_upper_bound,0,18,success_prob,0.9970703125,0.9829891978057419,0.9772192683884074,0.9829828913064496,0.0035316944122314453,2,9,"[3, 0, 1]"
fake_vigo,3,bv,15,0.2,45,False,0,"[3]",qiskit_L3,3,raw_upper_bound,0,19,success_prob,0.9964599609375,0.9829891978057419,0.9772192683884074,0.9829828913064496,0.0035316944122314453,2,9,"[3, 0, 1]"
fake_vigo,3,bv,15,0.2,45,False,0,"[3]",qiskit_L3_best3,3,raw_upper_bound,0,0,success_prob,0.9964599609375,0.9829891978057419,0.9772192683884074,0.9829828913064496,0.010025739669799805,2,9,"[3, 0, 1]"
fake_vigo,3,bv,15,0.2,45,False,0,"[3]",qiskit_L3_best3,3,raw_upper_bound,0,1,success_prob,0.9971923828125,0.9829891978057419,0.9772192683884074,0.9829828913064496,0.010025739669799805,2,9,"[3, 0, 1]"
fake_vigo,3,bv,15,0.2,45,False,0,"[3]",qiskit_L3_best3,3,raw_upper_bound,0,2,success_prob,0.9962158203125,0.9829891978057419,0.9772192683884074,0.9829828913064496,0.010025739669799805,2,9,"[3, 0, 1]"
fake_vigo,3,bv,15,0.2,45,False,0,"[3]",qiskit_L3_best3,3,raw_upper_bound,0,3,success_prob,0.9974365234375,0.9829891978057419,0.9772192683884074,0.9829828913064496,0.010025739669799805,2,9,"[3, 0, 1]"
fake_vigo,3,bv,15,0.2,45,False,0,"[3]",qiskit_L3_best3,3,raw_upper_bound,0,4,success_prob,0.9969482421875,0.9829891978057419,0.9772192683884074,0.9829828913064496,0.010025739669799805,2,9,"[3, 0, 1]"
fake_vigo,3,bv,15,0.2,45,False,0,"[3]",qiskit_L3_best3,3,raw_upper_bound,0,5,success_prob,0.99658203125,0.9829891978057419,0.9772192683884074,0.9829828913064496,0.010025739669799805,2,9,"[3, 0, 1]"
fake_vigo,3,bv,15,0.2,45,False,0,"[3]",qiskit_L3_best3,3,raw_upper_bound,0,6,success_prob,0.9962158203125,0.9829891978057419,0.9772192683884074,0.9829828913064496,0.010025739669799805,2,9,"[3, 0, 1]"
fake_vigo,3,bv,15,0.2,45,False,0,"[3]",qiskit_L3_best3,3,raw_upper_bound,0,7,success_prob,0.99609375,0.9829891978057419,0.9772192683884074,0.9829828913064496,0.010025739669799805,2,9,"[3, 0, 1]"
fake_vigo,3,bv,15,0.2,45,False,0,"[3]",qiskit_L3_best3,3,raw_upper_bound,0,8,success_prob,0.9970703125,0.9829891978057419,0.9772192683884074,0.9829828913064496,0.010025739669799805,2,9,"[3, 0, 1]"
fake_vigo,3,bv,15,0.2,45,False,0,"[3]",qiskit_L3_best3,3,raw_upper_bound,0,9,success_prob,0.997802734375,0.9829891978057419,0.9772192683884074,0.9829828913064496,0.010025739669799805,2,9,"[3, 0, 1]"
fake_vigo,3,bv,15,0.2,45,False,0,"[3]",qiskit_L3_best3,3,raw_upper_bound,0,10,success_prob,0.9967041015625,0.9829891978057419,0.9772192683884074,0.9829828913064496,0.010025739669799805,2,9,"[3, 0, 1]"
fake_vigo,3,bv,15,0.2,45,False,0,"[3]",qiskit_L3_best3,3,raw_upper_bound,0,11,success_prob,0.99658203125,0.9829891978057419,0.9772192683884074,0.9829828913064496,0.010025739669799805,2,9,"[3, 0, 1]"
fake_vigo,3,bv,15,0.2,45,False,0,"[3]",qiskit_L3_best3,3,raw_upper_bound,0,12,success_prob,0.9971923828125,0.9829891978057419,0.9772192683884074,0.9829828913064496,0.010025739669799805,2,9,"[3, 0, 1]"
fake_vigo,3,bv,15,0.2,45,False,0,"[3]",qiskit_L3_best3,3,raw_upper_bound,0,13,success_prob,0.9970703125,0.9829891978057419,0.9772192683884074,0.9829828913064496,0.010025739669799805,2,9,"[3, 0, 1]"
fake_vigo,3,bv,15,0.2,45,False,0,"[3]",qiskit_L3_best3,3,raw_upper_bound,0,14,success_prob,0.9954833984375,0.9829891978057419,0.9772192683884074,0.9829828913064496,0.010025739669799805,2,9,"[3, 0, 1]"
fake_vigo,3,bv,15,0.2,45,False,0,"[3]",qiskit_L3_best3,3,raw_upper_bound,0,15,success_prob,0.9976806640625,0.9829891978057419,0.9772192683884074,0.9829828913064496,0.010025739669799805,2,9,"[3, 0, 1]"
fake_vigo,3,bv,15,0.2,45,False,0,"[3]",qiskit_L3_best3,3,raw_upper_bound,0,16,success_prob,0.9970703125,0.9829891978057419,0.9772192683884074,0.9829828913064496,0.010025739669799805,2,9,"[3, 0, 1]"
fake_vigo,3,bv,15,0.2,45,False,0,"[3]",qiskit_L3_best3,3,raw_upper_bound,0,17,success_prob,0.9967041015625,0.9829891978057419,0.9772192683884074,0.9829828913064496,0.010025739669799805,2,9,"[3, 0, 1]"
fake_vigo,3,bv,15,0.2,45,False,0,"[3]",qiskit_L3_best3,3,raw_upper_bound,0,18,success_prob,0.9970703125,0.9829891978057419,0.9772192683884074,0.9829828913064496,0.010025739669799805,2,9,"[3, 0, 1]"
fake_vigo,3,bv,15,0.2,45,False,0,"[3]",qiskit_L3_best3,3,raw_upper_bound,0,19,success_prob,0.9964599609375,0.9829891978057419,0.9772192683884074,0.9829828913064496,0.010025739669799805,2,9,"[3, 0, 1]"
fake_vigo,3,bv,15,0.2,45,False,0,"[3]",esp_no_thermal,3,raw_upper_bound,0,0,success_prob,0.99755859375,0.9829891978057419,0.9772192683884074,0.9829828913064494,0.2612481117248535,2,9,"[0, 3, 1]"
fake_vigo,3,bv,15,0.2,45,False,0,"[3]",esp_no_thermal,3,raw_upper_bound,0,1,success_prob,0.9957275390625,0.9829891978057419,0.9772192683884074,0.9829828913064494,0.2612481117248535,2,9,"[0, 3, 1]"
fake_vigo,3,bv,15,0.2,45,False,0,"[3]",esp_no_thermal,3,raw_upper_bound,0,2,success_prob,0.997314453125,0.9829891978057419,0.9772192683884074,0.9829828913064494,0.2612481117248535,2,9,"[0, 3, 1]"
fake_vigo,3,bv,15,0.2,45,False,0,"[3]",esp_no_thermal,3,raw_upper_bound,0,3,success_prob,0.997802734375,0.9829891978057419,0.9772192683884074,0.9829828913064494,0.2612481117248535,2,9,"[0, 3, 1]"
fake_vigo,3,bv,15,0.2,45,False,0,"[3]",esp_no_thermal,3,raw_upper_bound,0,4,success_prob,0.9967041015625,0.9829891978057419,0.9772192683884074,0.9829828913064494,0.2612481117248535,2,9,"[0, 3, 1]"
fake_vigo,3,bv,15,0.2,45,False,0,"[3]",esp_no_thermal,3,raw_upper_bound,0,5,success_prob,0.99853515625,0.9829891978057419,0.9772192683884074,0.9829828913064494,0.2612481117248535,2,9,"[0, 3, 1]"
fake_vigo,3,bv,15,0.2,45,False,0,"[3]",esp_no_thermal,3,raw_upper_bound,0,6,success_prob,0.9971923828125,0.9829891978057419,0.9772192683884074,0.9829828913064494,0.2612481117248535,2,9,"[0, 3, 1]"
fake_vigo,3,bv,15,0.2,45,False,0,"[3]",esp_no_thermal,3,raw_upper_bound,0,7,success_prob,0.997314453125,0.9829891978057419,0.9772192683884074,0.9829828913064494,0.2612481117248535,2,9,"[0, 3, 1]"
fake_vigo,3,bv,15,0.2,45,False,0,"[3]",esp_no_thermal,3,raw_upper_bound,0,8,success_prob,0.997802734375,0.9829891978057419,0.9772192683884074,0.9829828913064494,0.2612481117248535,2,9,"[0, 3, 1]"
fake_vigo,3,bv,15,0.2,45,False,0,"[3]",esp_no_thermal,3,raw_upper_bound,0,9,success_prob,0.9976806640625,0.9829891978057419,0.9772192683884074,0.9829828913064494,0.2612481117248535,2,9,"[0, 3, 1]"
fake_vigo,3,bv,15,0.2,45,False,0,"[3]",esp_no_thermal,3,raw_upper_bound,0,10,success_prob,0.995849609375,0.9829891978057419,0.9772192683884074,0.9829828913064494,0.2612481117248535,2,9,"[0, 3, 1]"
fake_vigo,3,bv,15,0.2,45,False,0,"[3]",esp_no_thermal,3,raw_upper_bound,0,11,success_prob,0.9967041015625,0.9829891978057419,0.9772192683884074,0.9829828913064494,0.2612481117248535,2,9,"[0, 3, 1]"
fake_vigo,3,bv,15,0.2,45,False,0,"[3]",esp_no_thermal,3,raw_upper_bound,0,12,success_prob,0.997314453125,0.9829891978057419,0.9772192683884074,0.9829828913064494,0.2612481117248535,2,9,"[0, 3, 1]"
fake_vigo,3,bv,15,0.2,45,False,0,"[3]",esp_no_thermal,3,raw_upper_bound,0,13,success_prob,0.9967041015625,0.9829891978057419,0.9772192683884074,0.9829828913064494,0.2612481117248535,2,9,"[0, 3, 1]"
fake_vigo,3,bv,15,0.2,45,False,0,"[3]",esp_no_thermal,3,raw_upper_bound,0,14,success_prob,0.99658203125,0.9829891978057419,0.9772192683884074,0.9829828913064494,0.2612481117248535,2,9,"[0, 3, 1]"
fake_vigo,3,bv,15,0.2,45,False,0,"[3]",esp_no_thermal,3,raw_upper_bound,0,15,success_prob,0.996826171875,0.9829891978057419,0.9772192683884074,0.9829828913064494,0.2612481117248535,2,9,"[0, 3, 1]"
fake_vigo,3,bv,15,0.2,45,False,0,"[3]",esp_no_thermal,3,raw_upper_bound,0,16,success_prob,0.9964599609375,0.9829891978057419,0.9772192683884074,0.9829828913064494,0.2612481117248535,2,9,"[0, 3, 1]"
fake_vigo,3,bv,15,0.2,45,False,0,"[3]",esp_no_thermal,3,raw_upper_bound,0,17,success_prob,0.997314453125,0.9829891978057419,0.9772192683884074,0.9829828913064494,0.2612481117248535,2,9,"[0, 3, 1]"
fake_vigo,3,bv,15,0.2,45,False,0,"[3]",esp_no_thermal,3,raw_upper_bound,0,18,success_prob,0.9964599609375,0.9829891978057419,0.9772192683884074,0.9829828913064494,0.2612481117248535,2,9,"[0, 3, 1]"
fake_vigo,3,bv,15,0.2,45,False,0,"[3]",esp_no_thermal,3,raw_upper_bound,0,19,success_prob,0.9971923828125,0.9829891978057419,0.9772192683884074,0.9829828913064494,0.2612481117248535,2,9,"[0, 3, 1]"
fake_vigo,3,bv,15,0.2,45,False,0,"[3]",esp_ablation,1,raw_upper_bound,0,0,success_prob,0.99755859375,0.9829891978057419,0.9772192683884074,0.9829828913064494,0.1466660499572754,2,9,"[0, 3, 1]"
fake_vigo,3,bv,15,0.2,45,False,0,"[3]",esp_ablation,1,raw_upper_bound,0,1,success_prob,0.9957275390625,0.9829891978057419,0.9772192683884074,0.9829828913064494,0.1466660499572754,2,9,"[0, 3, 1]"
fake_vigo,3,bv,15,0.2,45,False,0,"[3]",esp_ablation,1,raw_upper_bound,0,2,success_prob,0.997314453125,0.9829891978057419,0.9772192683884074,0.9829828913064494,0.1466660499572754,2,9,"[0, 3, 1]"
fake_vigo,3,bv,15,0.2,45,False,0,"[3]",esp_ablation,1,raw_upper_bound,0,3,success_prob,0.997802734375,0.9829891978057419,0.9772192683884074,0.9829828913064494,0.1466660499572754,2,9,"[0, 3, 1]"
fake_vigo,3,bv,15,0.2,45,False,0,"[3]",esp_ablation,1,raw_upper_bound,0,4,success_prob,0.9967041015625,0.9829891978057419,0.9772192683884074,0.9829828913064494,0.1466660499572754,2,9,"[0, 3, 1]"
fake_vigo,3,bv,15,0.2,45,False,0,"[3]",esp_ablation,1,raw_upper_bound,0,5,success_prob,0.99853515625,0.9829891978057419,0.9772192683884074,0.9829828913064494,0.1466660499572754,2,9,"[0, 3, 1]"
fake_vigo,3,bv,15,0.2,45,False,0,"[3]",esp_ablation,1,raw_upper_bound,0,6,success_prob,0.9971923828125,0.9829891978057419,0.9772192683884074,0.9829828913064494,0.1466660499572754,2,9,"[0, 3, 1]"
fake_vigo,3,bv,15,0.2,45,False,0,"[3]",esp_ablation,1,raw_upper_bound,0,7,success_prob,0.997314453125,0.9829891978057419,0.9772192683884074,0.9829828913064494,0.1466660499572754,2,9,"[0, 3, 1]"
fake_vigo,3,bv,15,0.2,45,False,0,"[3]",esp_ablation,1,raw_upper_bound,0,8,success_prob,0.997802734375,0.9829891978057419,0.9772192683884074,0.9829828913064494,0.1466660499572754,2,9,"[0, 3, 1]"
fake_vigo,3,bv,15,0.2,45,False,0,"[3]",esp_ablation,1,raw_upper_bound,0,9,success_prob,0.9976806640625,0.9829891978057419,0.9772192683884074,0.9829828913064494,0.1466660499572754,2,9,"[0, 3, 1]"
fake_vigo,3,bv,15,0.2,45,False,0,"[3]",esp_ablation,1,raw_upper_bound,0,10,success_prob,0.995849609375,0.9829891978057419,0.9772192683884074,0.9829828913064494,0.1466660499572754,2,9,"[0, 3, 1]"
fake_vigo,3,bv,15,0.2,45,False,0,"[3]",esp_ablation,1,raw_upper_bound,0,11,success_prob,0.9967041015625,0.9829891978057419,0.9772192683884074,0.9829828913064494,0.1466660499572754,2,9,"[0, 3, 1]"
fake_vigo,3,bv,15,0.2,45,False,0,"[3]",esp_ablation,1,raw_upper_bound,0,12,success_prob,0.997314453125,0.9829891978057419,0.9772192683884074,0.9829828913064494,0.1466660499572754,2,9,"[0, 3, 1]"
fake_vigo,3,bv,15,0.2,45,False,0,"[3]",esp_ablation,1,raw_upper_bound,0,13,success_prob,0.9967041015625,0.9829891978057419,0.9772192683884074,0.9829828913064494,0.1466660499572754,2,9,"[0, 3, 1]"
fake_vigo,3,bv,15,0.2,45,False,0,"[3]",esp_ablation,1,raw_upper_bound,0,14,success_prob,0.99658203125,0.9829891978057419,0.9772192683884074,0.9829828913064494,0.1466660499572754,2,9,"[0, 3, 1]"
fake_vigo,3,bv,15,0.2,45,False,0,"[3]",esp_ablation,1,raw_upper_bound,0,15,success_prob,0.996826171875,0.9829891978057419,0.9772192683884074,0.9829828913064494,0.1466660499572754,2,9,"[0, 3, 1]"
fake_vigo,3,bv,15,0.2,45,False,0,"[3]",esp_ablation,1,raw_upper_bound,0,16,success_prob,0.9964599609375,0.9829891978057419,0.9772192683884074,0.9829828913064494,0.1466660499572754,2,9,"[0, 3, 1]"
fake_vigo,3,bv,15,0.2,45,False,0,"[3]",esp_ablation,1,raw_upper_bound,0,17,success_prob,0.997314453125,0.9829891978057419,0.9772192683884074,0.9829828913064494,0.1466660499572754,2,9,"[0, 3, 1]"
fake_vigo,3,bv,15,0.2,45,False,0,"[3]",esp_ablation,1,raw_upper_bound,0,18,success_prob,0.9964599609375,0.9829891978057419,0.9772192683884074,0.9829828913064494,0.1466660499572754,2,9,"[0, 3, 1]"
fake_vigo,3,bv,15,0.2,45,False,0,"[3]",esp_ablation,1,raw_upper_bound,0,19,success_prob,0.9971923828125,0.9829891978057419,0.9772192683884074,0.9829828913064494,0.1466660499572754,2,9,"[0, 3, 1]"
fake_vigo,3,bv,15,0.2,45,False,0,"[3]",random,3,raw_upper_bound,0,0,success_prob,0.994140625,0.9463579948337832,0.94635772196229,0.9463579934718643,0.01520395278930664,5,12,"[0, 1, 2]"
fake_vigo,3,bv,15,0.2,45,False,0,"[3]",random,3,raw_upper_bound,0,1,success_prob,0.9937744140625,0.9463579948337832,0.94635772196229,0.9463579934718643,0.01520395278930664,5,12,"[0, 1, 2]"
fake_vigo,3,bv,15,0.2,45,False,0,"[3]",random,3,raw_upper_bound,0,2,success_prob,0.9940185546875,0.9463579948337832,0.94635772196229,0.9463579934718643,0.01520395278930664,5,12,"[0, 1, 2]"
fake_vigo,3,bv,15,0.2,45,False,0,"[3]",random,3,raw_upper_bound,0,3,success_prob,0.9957275390625,0.9463579948337832,0.94635772196229,0.9463579934718643,0.01520395278930664,5,12,"[0, 1, 2]"
fake_vigo,3,bv,15,0.2,45,False,0,"[3]",random,3,raw_upper_bound,0,4,success_prob,0.994140625,0.9463579948337832,0.94635772196229,0.9463579934718643,0.01520395278930664,5,12,"[0, 1, 2]"
fake_vigo,3,bv,15,0.2,45,False,0,"[3]",random,3,raw_upper_bound,0,5,success_prob,0.995361328125,0.9463579948337832,0.94635772196229,0.9463579934718643,0.01520395278930664,5,12,"[0, 1, 2]"
fake_vigo,3,bv,15,0.2,45,False,0,"[3]",random,3,raw_upper_bound,0,6,success_prob,0.9935302734375,0.9463579948337832,0.94635772196229,0.9463579934718643,0.01520395278930664,5,12,"[0, 1, 2]"
fake_vigo,3,bv,15,0.2,45,False,0,"[3]",random,3,raw_upper_bound,0,7,success_prob,0.993896484375,0.9463579948337832,0.94635772196229,0.9463579934718643,0.01520395278930664,5,12,"[0, 1, 2]"
fake_vigo,3,bv,15,0.2,45,False,0,"[3]",random,3,raw_upper_bound,0,8,success_prob,0.995361328125,0.9463579948337832,0.94635772196229,0.9463579934718643,0.01520395278930664,5,12,"[0, 1, 2]"
fake_vigo,3,bv,15,0.2,45,False,0,"[3]",random,3,raw_upper_bound,0,9,success_prob,0.9959716796875,0.9463579948337832,0.94635772196229,0.9463579934718643,0.01520395278930664,5,12,"[0, 1, 2]"
fake_vigo,3,bv,15,0.2,45,False,0,"[3]",random,3,raw_upper_bound,0,10,success_prob,0.9931640625,0.9463579948337832,0.94635772196229,0.9463579934718643,0.01520395278930664,5,12,"[0, 1, 2]"
fake_vigo,3,bv,15,0.2,45,False,0,"[3]",random,3,raw_upper_bound,0,11,success_prob,0.9935302734375,0.9463579948337832,0.94635772196229,0.9463579934718643,0.01520395278930664,5,12,"[0, 1, 2]"
fake_vigo,3,bv,15,0.2,45,False,0,"[3]",random,3,raw_upper_bound,0,12,success_prob,0.9949951171875,0.9463579948337832,0.94635772196229,0.9463579934718643,0.01520395278930664,5,12,"[0, 1, 2]"
fake_vigo,3,bv,15,0.2,45,False,0,"[3]",random,3,raw_upper_bound,0,13,success_prob,0.9942626953125,0.9463579948337832,0.94635772196229,0.9463579934718643,0.01520395278930664,5,12,"[0, 1, 2]"
fake_vigo,3,bv,15,0.2,45,False,0,"[3]",random,3,raw_upper_bound,0,14,success_prob,0.992431640625,0.9463579948337832,0.94635772196229,0.9463579934718643,0.01520395278930664,5,12,"[0, 1, 2]"
fake_vigo,3,bv,15,0.2,45,False,0,"[3]",random,3,raw_upper_bound,0,15,success_prob,0.9947509765625,0.9463579948337832,0.94635772196229,0.9463579934718643,0.01520395278930664,5,12,"[0, 1, 2]"
fake_vigo,3,bv,15,0.2,45,False,0,"[3]",random,3,raw_upper_bound,0,16,success_prob,0.993896484375,0.9463579948337832,0.94635772196229,0.9463579934718643,0.01520395278930664,5,12,"[0, 1, 2]"
fake_vigo,3,bv,15,0.2,45,False,0,"[3]",random,3,raw_upper_bound,0,17,success_prob,0.9942626953125,0.9463579948337832,0.94635772196229,0.9463579934718643,0.01520395278930664,5,12,"[0, 1, 2]"
fake_vigo,3,bv,15,0.2,45,False,0,"[3]",random,3,raw_upper_bound,0,18,success_prob,0.9940185546875,0.9463579948337832,0.94635772196229,0.9463579934718643,0.01520395278930664,5,12,"[0, 1, 2]"
fake_vigo,3,bv,15,0.2,45,False,0,"[3]",random,3,raw_upper_bound,0,19,success_prob,0.9937744140625,0.9463579948337832,0.94635772196229,0.9463579934718643,0.01520395278930664,5,12,"[0, 1, 2]"
fake_vigo,3,bv,15,0.2,45,False,0,"[3]",random,3,raw_upper_bound,1,0,success_prob,0.994140625,0.977309421739418,0.9773091399434352,0.9773094213440038,0.011890172958374023,2,9,"[0, 2, 1]"
fake_vigo,3,bv,15,0.2,45,False,0,"[3]",random,3,raw_upper_bound,1,1,success_prob,0.9937744140625,0.977309421739418,0.9773091399434352,0.9773094213440038,0.011890172958374023,2,9,"[0, 2, 1]"
fake_vigo,3,bv,15,0.2,45,False,0,"[3]",random,3,raw_upper_bound,1,2,success_prob,0.9940185546875,0.977309421739418,0.9773091399434352,0.9773094213440038,0.011890172958374023,2,9,"[0, 2, 1]"
fake_vigo,3,bv,15,0.2,45,False,0,"[3]",random,3,raw_upper_bound,1,3,success_prob,0.9957275390625,0.977309421739418,0.9773091399434352,0.9773094213440038,0.011890172958374023,2,9,"[0, 2, 1]"
fake_vigo,3,bv,15,0.2,45,False,0,"[3]",random,3,raw_upper_bound,1,4,success_prob,0.994140625,0.977309421739418,0.9773091399434352,0.9773094213440038,0.011890172958374023,2,9,"[0, 2, 1]"
fake_vigo,3,bv,15,0.2,45,False,0,"[3]",random,3,raw_upper_bound,1,5,success_prob,0.995361328125,0.977309421739418,0.9773091399434352,0.9773094213440038,0.011890172958374023,2,9,"[0, 2, 1]"
fake_vigo,3,bv,15,0.2,45,False,0,"[3]",random,3,raw_upper_bound,1,6,success_prob,0.9935302734375,0.977309421739418,0.9773091399434352,0.9773094213440038,0.011890172958374023,2,9,"[0, 2, 1]"
fake_vigo,3,bv,15,0.2,45,False,0,"[3]",random,3,raw_upper_bound,1,7,success_prob,0.993896484375,0.977309421739418,0.9773091399434352,0.9773094213440038,0.011890172958374023,2,9,"[0, 2, 1]"
fake_vigo,3,bv,15,0.2,45,False,0,"[3]",random,3,raw_upper_bound,1,8,success_prob,0.995361328125,0.977309421739418,0.9773091399434352,0.9773094213440038,0.011890172958374023,2,9,"[0, 2, 1]"
fake_vigo,3,bv,15,0.2,45,False,0,"[3]",random,3,raw_upper_bound,1,9,success_prob,0.9959716796875,0.977309421739418,0.9773091399434352,0.9773094213440038,0.011890172958374023,2,9,"[0, 2, 1]"
fake_vigo,3,bv,15,0.2,45,False,0,"[3]",random,3,raw_upper_bound,1,10,success_prob,0.9931640625,0.977309421739418,0.9773091399434352,0.9773094213440038,0.011890172958374023,2,9,"[0, 2, 1]"
fake_vigo,3,bv,15,0.2,45,False,0,"[3]",random,3,raw_upper_bound,1,11,success_prob,0.9935302734375,0.977309421739418,0.9773091399434352,0.9773094213440038,0.011890172958374023,2,9,"[0, 2, 1]"
fake_vigo,3,bv,15,0.2,45,False,0,"[3]",random,3,raw_upper_bound,1,12,success_prob,0.9949951171875,0.977309421739418,0.9773091399434352,0.9773094213440038,0.011890172958374023,2,9,"[0, 2, 1]"
fake_vigo,3,bv,15,0.2,45,False,0,"[3]",random,3,raw_upper_bound,1,13,success_prob,0.9942626953125,0.977309421739418,0.9773091399434352,0.9773094213440038,0.011890172958374023,2,9,"[0, 2, 1]"
fake_vigo,3,bv,15,0.2,45,False,0,"[3]",random,3,raw_upper_bound,1,14,success_prob,0.992431640625,0.977309421739418,0.9773091399434352,0.9773094213440038,0.011890172958374023,2,9,"[0, 2, 1]"
fake_vigo,3,bv,15,0.2,45,False,0,"[3]",random,3,raw_upper_bound,1,15,success_prob,0.9947509765625,0.977309421739418,0.9773091399434352,0.9773094213440038,0.011890172958374023,2,9,"[0, 2, 1]"
fake_vigo,3,bv,15,0.2,45,False,0,"[3]",random,3,raw_upper_bound,1,16,success_prob,0.993896484375,0.977309421739418,0.9773091399434352,0.9773094213440038,0.011890172958374023,2,9,"[0, 2, 1]"
fake_vigo,3,bv,15,0.2,45,False,0,"[3]",random,3,raw_upper_bound,1,17,success_prob,0.9942626953125,0.977309421739418,0.9773091399434352,0.9773094213440038,0.011890172958374023,2,9,"[0, 2, 1]"
fake_vigo,3,bv,15,0.2,45,False,0,"[3]",random,3,raw_upper_bound,1,18,success_prob,0.9940185546875,0.977309421739418,0.9773091399434352,0.9773094213440038,0.011890172958374023,2,9,"[0, 2, 1]"
fake_vigo,3,bv,15,0.2,45,False,0,"[3]",random,3,raw_upper_bound,1,19,success_prob,0.9937744140625,0.977309421739418,0.9773091399434352,0.9773094213440038,0.011890172958374023,2,9,"[0, 2, 1]"
fake_vigo,3,bv,15,0.2,45,False,0,"[3]",random,3,raw_upper_bound,2,0,success_prob,0.993896484375,0.9675231282567783,0.9675228492825612,0.967523127536104,0.012089729309082031,3,17,"[1, 0, 2]"
fake_vigo,3,bv,15,0.2,45,False,0,"[3]",random,3,raw_upper_bound,2,1,success_prob,0.9947509765625,0.9675231282567783,0.9675228492825612,0.967523127536104,0.012089729309082031,3,17,"[1, 0, 2]"
fake_vigo,3,bv,15,0.2,45,False,0,"[3]",random,3,raw_upper_bound,2,2,success_prob,0.993408203125,0.9675231282567783,0.9675228492825612,0.967523127536104,0.012089729309082031,3,17,"[1, 0, 2]"
fake_vigo,3,bv,15,0.2,45,False,0,"[3]",random,3,raw_upper_bound,2,3,success_prob,0.9937744140625,0.9675231282567783,0.9675228492825612,0.967523127536104,0.012089729309082031,3,17,"[1, 0, 2]"
fake_vigo,3,bv,15,0.2,45,False,0,"[3]",random,3,raw_upper_bound,2,4,success_prob,0.993896484375,0.9675231282567783,0.9675228492825612,0.967523127536104,0.012089729309082031,3,17,"[1, 0, 2]"
fake_vigo,3,bv,15,0.2,45,False,0,"[3]",random,3,raw_upper_bound,2,5,success_prob,0.995361328125,0.9675231282567783,0.9675228492825612,0.967523127536104,0.012089729309082031,3,17,"[1, 0, 2]"
fake_vigo,3,bv,15,0.2,45,False,0,"[3]",random,3,raw_upper_bound,2,6,success_prob,0.994384765625,0.9675231282567783,0.9675228492825612,0.967523127536104,0.012089729309082031,3,17,"[1, 0, 2]"
fake_vigo,3,bv,15,0.2,45,False,0,"[3]",random,3,raw_upper_bound,2,7,success_prob,0.99462890625,0.9675231282567783,0.9675228492825612,0.967523127536104,0.012089729309082031,3,17,"[1, 0, 2]"
fake_vigo,3,bv,15,0.2,45,False,0,"[3]",random,3,raw_upper_bound,2,8,success_prob,0.9945068359375,0.9675231282567783,0.9675228492825612,0.967523127536104,0.012089729309082031,3,17,"[1, 0, 2]"
fake_vigo,3,bv,15,0.2,45,False,0,"[3]",random,3,raw_upper_bound,2,9,success_prob,0.9949951171875,0.9675231282567783,0.9675228492825612,0.967523127536104,0.012089729309082031,3,17,"[1, 0, 2]"
fake_vigo,3,bv,15,0.2,45,False,0,"[3]",random,3,raw_upper_bound,2,10,success_prob,0.99462890625,0.9675231282567783,0.9675228492825612,0.967523127536104,0.012089729309082031,3,17,"[1, 0, 2]"
fake_vigo,3,bv,15,0.2,45,False,0,"[3]",random,3,raw_upper_bound,2,11,success_prob,0.9942626953125,0.9675231282567783,0.9675228492825612,0.967523127536104,0.012089729309082031,3,17,"[1, 0, 2]"
fake_vigo,3,bv,15,0.2,45,False,0,"[3]",random,3,raw_upper_bound,2,12,success_prob,0.994873046875,0.9675231282567783,0.9675228492825612,0.967523127536104,0.012089729309082031,3,17,"[1, 0, 2]"
fake_vigo,3,bv,15,0.2,45,False,0,"[3]",random,3,raw_upper_bound,2,13,success_prob,0.994384765625,0.9675231282567783,0.9675228492825612,0.967523127536104,0.012089729309082031,3,17,"[1, 0, 2]"
fake_vigo,3,bv,15,0.2,45,False,0,"[3]",random,3,raw_upper_bound,2,14,success_prob,0.9923095703125,0.9675231282567783,0.9675228492825612,0.967523127536104,0.012089729309082031,3,17,"[1, 0, 2]"
fake_vigo,3,bv,15,0.2,45,False,0,"[3]",random,3,raw_upper_bound,2,15,success_prob,0.9945068359375,0.9675231282567783,0.9675228492825612,0.967523127536104,0.012089729309082031,3,17,"[1, 0, 2]"
fake_vigo,3,bv,15,0.2,45,False,0,"[3]",random,3,raw_upper_bound,2,16,success_prob,0.9942626953125,0.9675231282567783,0.9675228492825612,0.967523127536104,0.012089729309082031,3,17,"[1, 0, 2]"
fake_vigo,3,bv,15,0.2,45,False,0,"[3]",random,3,raw_upper_bound,2,17,success_prob,0.994384765625,0.9675231282567783,0.9675228492825612,0.967523127536104,0.012089729309082031,3,17,"[1, 0, 2]"
fake_vigo,3,bv,15,0.2,45,False,0,"[3]",random,3,raw_upper_bound,2,18,success_prob,0.99365234375,0.9675231282567783,0.9675228492825612,0.967523127536104,0.012089729309082031,3,17,"[1, 0, 2]"
fake_vigo,3,bv,15,0.2,45,False,0,"[3]",random,3,raw_upper_bound,2,19,success_prob,0.9947509765625,0.9675231282567783,0.9675228492825612,0.967523127536104,0.012089729309082031,3,17,"[1, 0, 2]"
fake_vigo,3,bv,15,0.2,45,False,0,"[3]",random,3,raw_upper_bound,3,0,success_prob,0.993896484375,0.9695094245172379,0.9695091449702948,0.9695094241008937,0.013739824295043945,3,16,"[1, 2, 0]"
fake_vigo,3,bv,15,0.2,45,False,0,"[3]",random,3,raw_upper_bound,3,1,success_prob,0.9947509765625,0.9695094245172379,0.9695091449702948,0.9695094241008937,0.013739824295043945,3,16,"[1, 2, 0]"
fake_vigo,3,bv,15,0.2,45,False,0,"[3]",random,3,raw_upper_bound,3,2,success_prob,0.993408203125,0.9695094245172379,0.9695091449702948,0.9695094241008937,0.013739824295043945,3,16,"[1, 2, 0]"
fake_vigo,3,bv,15,0.2,45,False,0,"[3]",random,3,raw_upper_bound,3,3,success_prob,0.99365234375,0.9695094245172379,0.9695091449702948,0.9695094241008937,0.013739824295043945,3,16,"[1, 2, 0]"
fake_vigo,3,bv,15,0.2,45,False,0,"[3]",random,3,raw_upper_bound,3,4,success_prob,0.993896484375,0.9695094245172379,0.9695091449702948,0.9695094241008937,0.013739824295043945,3,16,"[1, 2, 0]"
fake_vigo,3,bv,15,0.2,45,False,0,"[3]",random,3,raw_upper_bound,3,5,success_prob,0.995361328125,0.9695094245172379,0.9695091449702948,0.9695094241008937,0.013739824295043945,3,16,"[1, 2, 0]"
fake_vigo,3,bv,15,0.2,45,False,0,"[3]",random,3,raw_upper_bound,3,6,success_prob,0.9942626953125,0.9695094245172379,0.9695091449702948,0.9695094241008937,0.013739824295043945,3,16,"[1, 2, 0]"
fake_vigo,3,bv,15,0.2,45,False,0,"[3]",random,3,raw_upper_bound,3,7,success_prob,0.99462890625,0.9695094245172379,0.9695091449702948,0.9695094241008937,0.013739824295043945,3,16,"[1, 2, 0]"
fake_vigo,3,bv,15,0.2,45,False,0,"[3]",random,3,raw_upper_bound,3,8,success_prob,0.994384765625,0.9695094245172379,0.9695091449702948,0.9695094241008937,0.013739824295043945,3,16,"[1, 2, 0]"
fake_vigo,3,bv,15,0.2,45,False,0,"[3]",random,3,raw_upper_bound,3,9,success_prob,0.9951171875,0.9695094245172379,0.9695091449702948,0.9695094241008937,0.013739824295043945,3,16,"[1, 2, 0]"
fake_vigo,3,bv,15,0.2,45,False,0,"[3]",random,3,raw_upper_bound,3,10,success_prob,0.99462890625,0.9695094245172379,0.9695091449702948,0.9695094241008937,0.013739824295043945,3,16,"[1, 2, 0]"
fake_vigo,3,bv,15,0.2,45,False,0,"[3]",random,3,raw_upper_bound,3,11,success_prob,0.9942626953125,0.9695094245172379,0.9695091449702948,0.9695094241008937,0.013739824295043945,3,16,"[1, 2, 0]"
fake_vigo,3,bv,15,0.2,45,False,0,"[3]",random,3,raw_upper_bound,3,12,success_prob,0.9951171875,0.9695094245172379,0.9695091449702948,0.9695094241008937,0.013739824295043945,3,16,"[1, 2, 0]"
fake_vigo,3,bv,15,0.2,45,False,0,"[3]",random,3,raw_upper_bound,3,13,success_prob,0.9942626953125,0.9695094245172379,0.9695091449702948,0.9695094241008937,0.013739824295043945,3,16,"[1, 2, 0]"
fake_vigo,3,bv,15,0.2,45,False,0,"[3]",random,3,raw_upper_bound,3,14,success_prob,0.9923095703125,0.9695094245172379,0.9695091449702948,0.9695094241008937,0.013739824295043945,3,16,"[1, 2, 0]"
fake_vigo,3,bv,15,0.2,45,False,0,"[3]",random,3,raw_upper_bound,3,15,success_prob,0.99462890625,0.9695094245172379,0.9695091449702948,0.9695094241008937,0.013739824295043945,3,16,"[1, 2, 0]"
fake_vigo,3,bv,15,0.2,45,False,0,"[3]",random,3,raw_upper_bound,3,16,success_prob,0.994140625,0.9695094245172379,0.9695091449702948,0.9695094241008937,0.013739824295043945,3,16,"[1, 2, 0]"
fake_vigo,3,bv,15,0.2,45,False,0,"[3]",random,3,raw_upper_bound,3,17,success_prob,0.994384765625,0.9695094245172379,0.9695091449702948,0.9695094241008937,0.013739824295043945,3,16,"[1, 2, 0]"
fake_vigo,3,bv,15,0.2,45,False,0,"[3]",random,3,raw_upper_bound,3,18,success_prob,0.99365234375,0.9695094245172379,0.9695091449702948,0.9695094241008937,0.013739824295043945,3,16,"[1, 2, 0]"
fake_vigo,3,bv,15,0.2,45,False,0,"[3]",random,3,raw_upper_bound,3,19,success_prob,0.9947509765625,0.9695094245172379,0.9695091449702948,0.9695094241008937,0.013739824295043945,3,16,"[1, 2, 0]"
fake_vigo,3,bv,15,0.2,45,False,0,"[3]",random,3,raw_upper_bound,4,0,success_prob,0.9942626953125,0.977309421739418,0.9773091399434352,0.9773094213440038,0.010484933853149414,2,9,"[2, 0, 1]"
fake_vigo,3,bv,15,0.2,45,False,0,"[3]",random,3,raw_upper_bound,4,1,success_prob,0.99365234375,0.977309421739418,0.9773091399434352,0.9773094213440038,0.010484933853149414,2,9,"[2, 0, 1]"
fake_vigo,3,bv,15,0.2,45,False,0,"[3]",random,3,raw_upper_bound,4,2,success_prob,0.9940185546875,0.977309421739418,0.9773091399434352,0.9773094213440038,0.010484933853149414,2,9,"[2, 0, 1]"
fake_vigo,3,bv,15,0.2,45,False,0,"[3]",random,3,raw_upper_bound,4,3,success_prob,0.9957275390625,0.977309421739418,0.9773091399434352,0.9773094213440038,0.010484933853149414,2,9,"[2, 0, 1]"
fake_vigo,3,bv,15,0.2,45,False,0,"[3]",random,3,raw_upper_bound,4,4,success_prob,0.994140625,0.977309421739418,0.9773091399434352,0.9773094213440038,0.010484933853149414,2,9,"[2, 0, 1]"
fake_vigo,3,bv,15,0.2,45,False,0,"[3]",random,3,raw_upper_bound,4,5,success_prob,0.995361328125,0.977309421739418,0.9773091399434352,0.9773094213440038,0.010484933853149414,2,9,"[2, 0, 1]"
fake_vigo,3,bv,15,0.2,45,False,0,"[3]",random,3,raw_upper_bound,4,6,success_prob,0.99365234375,0.977309421739418,0.9773091399434352,0.9773094213440038,0.010484933853149414,2,9,"[2, 0, 1]"
fake_vigo,3,bv,15,0.2,45,False,0,"[3]",random,3,raw_upper_bound,4,7,success_prob,0.993896484375,0.977309421739418,0.9773091399434352,0.9773094213440038,0.010484933853149414,2,9,"[2, 0, 1]"
fake_vigo,3,bv,15,0.2,45,False,0,"[3]",random,3,raw_upper_bound,4,8,success_prob,0.995361328125,0.977309421739418,0.9773091399434352,0.9773094213440038,0.010484933853149414,2,9,"[2, 0, 1]"
fake_vigo,3,bv,15,0.2,45,False,0,"[3]",random,3,raw_upper_bound,4,9,success_prob,0.9957275390625,0.977309421739418,0.9773091399434352,0.9773094213440038,0.010484933853149414,2,9,"[2, 0, 1]"
fake_vigo,3,bv,15,0.2,45,False,0,"[3]",random,3,raw_upper_bound,4,10,success_prob,0.9931640625,0.977309421739418,0.9773091399434352,0.9773094213440038,0.010484933853149414,2,9,"[2, 0, 1]"
fake_vigo,3,bv,15,0.2,45,False,0,"[3]",random,3,raw_upper_bound,4,11,success_prob,0.99365234375,0.977309421739418,0.9773091399434352,0.9773094213440038,0.010484933853149414,2,9,"[2, 0, 1]"
fake_vigo,3,bv,15,0.2,45,False,0,"[3]",random,3,raw_upper_bound,4,12,success_prob,0.994873046875,0.977309421739418,0.9773091399434352,0.9773094213440038,0.010484933853149414,2,9,"[2, 0, 1]"
fake_vigo,3,bv,15,0.2,45,False,0,"[3]",random,3,raw_upper_bound,4,13,success_prob,0.994140625,0.977309421739418,0.9773091399434352,0.9773094213440038,0.010484933853149414,2,9,"[2, 0, 1]"
fake_vigo,3,bv,15,0.2,45,False,0,"[3]",random,3,raw_upper_bound,4,14,success_prob,0.992431640625,0.977309421739418,0.9773091399434352,0.9773094213440038,0.010484933853149414,2,9,"[2, 0, 1]"
fake_vigo,3,bv,15,0.2,45,False,0,"[3]",random,3,raw_upper_bound,4,15,success_prob,0.99462890625,0.977309421739418,0.9773091399434352,0.9773094213440038,0.010484933853149414,2,9,"[2, 0, 1]"
fake_vigo,3,bv,15,0.2,45,False,0,"[3]",random,3,raw_upper_bound,4,16,success_prob,0.994140625,0.977309421739418,0.9773091399434352,0.9773094213440038,0.010484933853149414,2,9,"[2, 0, 1]"
fake_vigo,3,bv,15,0.2,45,False,0,"[3]",random,3,raw_upper_bound,4,17,success_prob,0.994384765625,0.977309421739418,0.9773091399434352,0.9773094213440038,0.010484933853149414,2,9,"[2, 0, 1]"
fake_vigo,3,bv,15,0.2,45,False,0,"[3]",random,3,raw_upper_bound,4,18,success_prob,0.9940185546875,0.977309421739418,0.9773091399434352,0.9773094213440038,0.010484933853149414,2,9,"[2, 0, 1]"
fake_vigo,3,bv,15,0.2,45,False,0,"[3]",random,3,raw_upper_bound,4,19,success_prob,0.9937744140625,0.977309421739418,0.9773091399434352,0.9773094213440038,0.010484933853149414,2,9,"[2, 0, 1]"
fake_vigo,3,bv,15,0.2,45,False,0,"[3]",random,3,raw_upper_bound,5,0,success_prob,0.9942626953125,0.9607740322318297,0.9607737552036371,0.9607740316898922,0.010745048522949219,5,12,"[2, 1, 0]"
fake_vigo,3,bv,15,0.2,45,False,0,"[3]",random,3,raw_upper_bound,5,1,success_prob,0.99365234375,0.9607740322318297,0.9607737552036371,0.9607740316898922,0.010745048522949219,5,12,"[2, 1, 0]"
fake_vigo,3,bv,15,0.2,45,False,0,"[3]",random,3,raw_upper_bound,5,2,success_prob,0.9940185546875,0.9607740322318297,0.9607737552036371,0.9607740316898922,0.010745048522949219,5,12,"[2, 1, 0]"
fake_vigo,3,bv,15,0.2,45,False,0,"[3]",random,3,raw_upper_bound,5,3,success_prob,0.9957275390625,0.9607740322318297,0.9607737552036371,0.9607740316898922,0.010745048522949219,5,12,"[2, 1, 0]"
fake_vigo,3,bv,15,0.2,45,False,0,"[3]",random,3,raw_upper_bound,5,4,success_prob,0.994140625,0.9607740322318297,0.9607737552036371,0.9607740316898922,0.010745048522949219,5,12,"[2, 1, 0]"
fake_vigo,3,bv,15,0.2,45,False,0,"[3]",random,3,raw_upper_bound,5,5,success_prob,0.995361328125,0.9607740322318297,0.9607737552036371,0.9607740316898922,0.010745048522949219,5,12,"[2, 1, 0]"
fake_vigo,3,bv,15,0.2,45,False,0,"[3]",random,3,raw_upper_bound,5,6,success_prob,0.99365234375,0.9607740322318297,0.9607737552036371,0.9607740316898922,0.010745048522949219,5,12,"[2, 1, 0]"
fake_vigo,3,bv,15,0.2,45,False,0,"[3]",random,3,raw_upper_bound,5,7,success_prob,0.993896484375,0.9607740322318297,0.9607737552036371,0.9607740316898922,0.010745048522949219,5,12,"[2, 1, 0]"
fake_vigo,3,bv,15,0.2,45,False,0,"[3]",random,3,raw_upper_bound,5,8,success_prob,0.995361328125,0.9607740322318297,0.9607737552036371,0.9607740316898922,0.010745048522949219,5,12,"[2, 1, 0]"
fake_vigo,3,bv,15,0.2,45,False,0,"[3]",random,3,raw_upper_bound,5,9,success_prob,0.9957275390625,0.9607740322318297,0.9607737552036371,0.9607740316898922,0.010745048522949219,5,12,"[2, 1, 0]"
fake_vigo,3,bv,15,0.2,45,False,0,"[3]",random,3,raw_upper_bound,5,10,success_prob,0.9931640625,0.9607740322318297,0.9607737552036371,0.9607740316898922,0.010745048522949219,5,12,"[2, 1, 0]"
fake_vigo,3,bv,15,0.2,45,False,0,"[3]",random,3,raw_upper_bound,5,11,success_prob,0.99365234375,0.9607740322318297,0.9607737552036371,0.9607740316898922,0.010745048522949219,5,12,"[2, 1, 0]"
fake_vigo,3,bv,15,0.2,45,False,0,"[3]",random,3,raw_upper_bound,5,12,success_prob,0.994873046875,0.9607740322318297,0.9607737552036371,0.9607740316898922,0.010745048522949219,5,12,"[2, 1, 0]"
fake_vigo,3,bv,15,0.2,45,False,0,"[3]",random,3,raw_upper_bound,5,13,success_prob,0.994140625,0.9607740322318297,0.9607737552036371,0.9607740316898922,0.010745048522949219,5,12,"[2, 1, 0]"
fake_vigo,3,bv,15,0.2,45,False,0,"[3]",random,3,raw_upper_bound,5,14,success_prob,0.992431640625,0.9607740322318297,0.9607737552036371,0.9607740316898922,0.010745048522949219,5,12,"[2, 1, 0]"
fake_vigo,3,bv,15,0.2,45,False,0,"[3]",random,3,raw_upper_bound,5,15,success_prob,0.99462890625,0.9607740322318297,0.9607737552036371,0.9607740316898922,0.010745048522949219,5,12,"[2, 1, 0]"
fake_vigo,3,bv,15,0.2,45,False,0,"[3]",random,3,raw_upper_bound,5,16,success_prob,0.994140625,0.9607740322318297,0.9607737552036371,0.9607740316898922,0.010745048522949219,5,12,"[2, 1, 0]"
fake_vigo,3,bv,15,0.2,45,False,0,"[3]",random,3,raw_upper_bound,5,17,success_prob,0.994384765625,0.9607740322318297,0.9607737552036371,0.9607740316898922,0.010745048522949219,5,12,"[2, 1, 0]"
fake_vigo,3,bv,15,0.2,45,False,0,"[3]",random,3,raw_upper_bound,5,18,success_prob,0.9940185546875,0.9607740322318297,0.9607737552036371,0.9607740316898922,0.010745048522949219,5,12,"[2, 1, 0]"
fake_vigo,3,bv,15,0.2,45,False,0,"[3]",random,3,raw_upper_bound,5,19,success_prob,0.9937744140625,0.9607740322318297,0.9607737552036371,0.9607740316898922,0.010745048522949219,5,12,"[2, 1, 0]"
fake_vigo,3,bv,15,0.2,45,False,0,"[3]",random,3,raw_upper_bound,6,0,success_prob,0.99755859375,0.9505009613440646,0.9449217306970686,0.9504590487865151,0.01182699203491211,5,12,"[0, 1, 3]"
fake_vigo,3,bv,15,0.2,45,False,0,"[3]",random,3,raw_upper_bound,6,1,success_prob,0.9957275390625,0.9505009613440646,0.9449217306970686,0.9504590487865151,0.01182699203491211,5,12,"[0, 1, 3]"
fake_vigo,3,bv,15,0.2,45,False,0,"[3]",random,3,raw_upper_bound,6,2,success_prob,0.997314453125,0.9505009613440646,0.9449217306970686,0.9504590487865151,0.01182699203491211,5,12,"[0, 1, 3]"
fake_vigo,3,bv,15,0.2,45,False,0,"[3]",random,3,raw_upper_bound,6,3,success_prob,0.997802734375,0.9505009613440646,0.9449217306970686,0.9504590487865151,0.01182699203491211,5,12,"[0, 1, 3]"
fake_vigo,3,bv,15,0.2,45,False,0,"[3]",random,3,raw_upper_bound,6,4,success_prob,0.9967041015625,0.9505009613440646,0.9449217306970686,0.9504590487865151,0.01182699203491211,5,12,"[0, 1, 3]"
fake_vigo,3,bv,15,0.2,45,False,0,"[3]",random,3,raw_upper_bound,6,5,success_prob,0.99853515625,0.9505009613440646,0.9449217306970686,0.9504590487865151,0.01182699203491211,5,12,"[0, 1, 3]"
fake_vigo,3,bv,15,0.2,45,False,0,"[3]",random,3,raw_upper_bound,6,6,success_prob,0.9971923828125,0.9505009613440646,0.9449217306970686,0.9504590487865151,0.01182699203491211,5,12,"[0, 1, 3]"
fake_vigo,3,bv,15,0.2,45,False,0,"[3]",random,3,raw_upper_bound,6,7,success_prob,0.997314453125,0.9505009613440646,0.9449217306970686,0.9504590487865151,0.01182699203491211,5,12,"[0, 1, 3]"
fake_vigo,3,bv,15,0.2,45,False,0,"[3]",random,3,raw_upper_bound,6,8,success_prob,0.997802734375,0.9505009613440646,0.9449217306970686,0.9504590487865151,0.01182699203491211,5,12,"[0, 1, 3]"
fake_vigo,3,bv,15,0.2,45,False,0,"[3]",random,3,raw_upper_bound,6,9,success_prob,0.9976806640625,0.9505009613440646,0.9449217306970686,0.9504590487865151,0.01182699203491211,5,12,"[0, 1, 3]"
fake_vigo,3,bv,15,0.2,45,False,0,"[3]",random,3,raw_upper_bound,6,10,success_prob,0.995849609375,0.9505009613440646,0.9449217306970686,0.9504590487865151,0.01182699203491211,5,12,"[0, 1, 3]"
fake_vigo,3,bv,15,0.2,45,False,0,"[3]",random,3,raw_upper_bound,6,11,success_prob,0.9967041015625,0.9505009613440646,0.9449217306970686,0.9504590487865151,0.01182699203491211,5,12,"[0, 1, 3]"
fake_vigo,3,bv,15,0.2,45,False,0,"[3]",random,3,raw_upper_bound,6,12,success_prob,0.997314453125,0.9505009613440646,0.9449217306970686,0.9504590487865151,0.01182699203491211,5,12,"[0, 1, 3]"
fake_vigo,3,bv,15,0.2,45,False,0,"[3]",random,3,raw_upper_bound,6,13,success_prob,0.9967041015625,0.9505009613440646,0.9449217306970686,0.9504590487865151,0.01182699203491211,5,12,"[0, 1, 3]"
fake_vigo,3,bv,15,0.2,45,False,0,"[3]",random,3,raw_upper_bound,6,14,success_prob,0.99658203125,0.9505009613440646,0.9449217306970686,0.9504590487865151,0.01182699203491211,5,12,"[0, 1, 3]"
fake_vigo,3,bv,15,0.2,45,False,0,"[3]",random,3,raw_upper_bound,6,15,success_prob,0.996826171875,0.9505009613440646,0.9449217306970686,0.9504590487865151,0.01182699203491211,5,12,"[0, 1, 3]"
fake_vigo,3,bv,15,0.2,45,False,0,"[3]",random,3,raw_upper_bound,6,16,success_prob,0.9964599609375,0.9505009613440646,0.9449217306970686,0.9504590487865151,0.01182699203491211,5,12,"[0, 1, 3]"
fake_vigo,3,bv,15,0.2,45,False,0,"[3]",random,3,raw_upper_bound,6,17,success_prob,0.997314453125,0.9505009613440646,0.9449217306970686,0.9504590487865151,0.01182699203491211,5,12,"[0, 1, 3]"
fake_vigo,3,bv,15,0.2,45,False,0,"[3]",random,3,raw_upper_bound,6,18,success_prob,0.9964599609375,0.9505009613440646,0.9449217306970686,0.9504590487865151,0.01182699203491211,5,12,"[0, 1, 3]"
fake_vigo,3,bv,15,0.2,45,False,0,"[3]",random,3,raw_upper_bound,6,19,success_prob,0.9971923828125,0.9505009613440646,0.9449217306970686,0.9504590487865151,0.01182699203491211,5,12,"[0, 1, 3]"
fake_vigo,3,bv,15,0.2,45,False,0,"[3]",random,3,raw_upper_bound,7,0,success_prob,0.99755859375,0.9829891978057419,0.9772192683884074,0.9829828913064494,0.009489059448242188,2,9,"[0, 3, 1]"
fake_vigo,3,bv,15,0.2,45,False,0,"[3]",random,3,raw_upper_bound,7,1,success_prob,0.9957275390625,0.9829891978057419,0.9772192683884074,0.9829828913064494,0.009489059448242188,2,9,"[0, 3, 1]"
fake_vigo,3,bv,15,0.2,45,False,0,"[3]",random,3,raw_upper_bound,7,2,success_prob,0.997314453125,0.9829891978057419,0.9772192683884074,0.9829828913064494,0.009489059448242188,2,9,"[0, 3, 1]"
fake_vigo,3,bv,15,0.2,45,False,0,"[3]",random,3,raw_upper_bound,7,3,success_prob,0.997802734375,0.9829891978057419,0.9772192683884074,0.9829828913064494,0.009489059448242188,2,9,"[0, 3, 1]"
fake_vigo,3,bv,15,0.2,45,False,0,"[3]",random,3,raw_upper_bound,7,4,success_prob,0.9967041015625,0.9829891978057419,0.9772192683884074,0.9829828913064494,0.009489059448242188,2,9,"[0, 3, 1]"
fake_vigo,3,bv,15,0.2,45,False,0,"[3]",random,3,raw_upper_bound,7,5,success_prob,0.99853515625,0.9829891978057419,0.9772192683884074,0.9829828913064494,0.009489059448242188,2,9,"[0, 3, 1]"
fake_vigo,3,bv,15,0.2,45,False,0,"[3]",random,3,raw_upper_bound,7,6,success_prob,0.9971923828125,0.9829891978057419,0.9772192683884074,0.9829828913064494,0.009489059448242188,2,9,"[0, 3, 1]"
fake_vigo,3,bv,15,0.2,45,False,0,"[3]",random,3,raw_upper_bound,7,7,success_prob,0.997314453125,0.9829891978057419,0.9772192683884074,0.9829828913064494,0.009489059448242188,2,9,"[0, 3, 1]"
fake_vigo,3,bv,15,0.2,45,False,0,"[3]",random,3,raw_upper_bound,7,8,success_prob,0.997802734375,0.9829891978057419,0.9772192683884074,0.9829828913064494,0.009489059448242188,2,9,"[0, 3, 1]"
fake_vigo,3,bv,15,0.2,45,False,0,"[3]",random,3,raw_upper_bound,7,9,success_prob,0.9976806640625,0.9829891978057419,0.9772192683884074,0.9829828913064494,0.009489059448242188,2,9,"[0, 3, 1]"
fake_vigo,3,bv,15,0.2,45,False,0,"[3]",random,3,raw_upper_bound,7,10,success_prob,0.995849609375,0.9829891978057419,0.9772192683884074,0.9829828913064494,0.009489059448242188,2,9,"[0, 3, 1]"
fake_vigo,3,bv,15,0.2,45,False,0,"[3]",random,3,raw_upper_bound,7,11,success_prob,0.9967041015625,0.9829891978057419,0.9772192683884074,0.9829828913064494,0.009489059448242188,2,9,"[0, 3, 1]"
fake_vigo,3,bv,15,0.2,45,False,0,"[3]",random,3,raw_upper_bound,7,12,success_prob,0.997314453125,0.9829891978057419,0.9772192683884074,0.9829828913064494,0.009489059448242188,2,9,"[0, 3, 1]"
fake_vigo,3,bv,15,0.2,45,False,0,"[3]",random,3,raw_upper_bound,7,13,success_prob,0.9967041015625,0.9829891978057419,0.9772192683884074,0.9829828913064494,0.009489059448242188,2,9,"[0, 3, 1]"
fake_vigo,3,bv,15,0.2,45,False,0,"[3]",random,3,raw_upper_bound,7,14,success_prob,0.99658203125,0.9829891978057419,0.9772192683884074,0.9829828913064494,0.009489059448242188,2,9,"[0, 3, 1]"
fake_vigo,3,bv,15,0.2,45,False,0,"[3]",random,3,raw_upper_bound,7,15,success_prob,0.996826171875,0.9829891978057419,0.9772192683884074,0.9829828913064494,0.009489059448242188,2,9,"[0, 3, 1]"
fake_vigo,3,bv,15,0.2,45,False,0,"[3]",random,3,raw_upper_bound,7,16,success_prob,0.9964599609375,0.9829891978057419,0.9772192683884074,0.9829828913064494,0.009489059448242188,2,9,"[0, 3, 1]"
fake_vigo,3,bv,15,0.2,45,False,0,"[3]",random,3,raw_upper_bound,7,17,success_prob,0.997314453125,0.9829891978057419,0.9772192683884074,0.9829828913064494,0.009489059448242188,2,9,"[0, 3, 1]"
fake_vigo,3,bv,15,0.2,45,False,0,"[3]",random,3,raw_upper_bound,7,18,success_prob,0.9964599609375,0.9829891978057419,0.9772192683884074,0.9829828913064494,0.009489059448242188,2,9,"[0, 3, 1]"
fake_vigo,3,bv,15,0.2,45,False,0,"[3]",random,3,raw_upper_bound,7,19,success_prob,0.9971923828125,0.9829891978057419,0.9772192683884074,0.9829828913064494,0.009489059448242188,2,9,"[0, 3, 1]"
fake_vigo,3,bv,15,0.2,45,False,0,"[3]",random,3,raw_upper_bound,8,0,success_prob,0.996337890625,0.9769343147777773,0.9711999261860994,0.9769208480272391,0.014956235885620117,3,17,"[1, 0, 3]"
fake_vigo,3,bv,15,0.2,45,False,0,"[3]",random,3,raw_upper_bound,8,1,success_prob,0.9976806640625,0.9769343147777773,0.9711999261860994,0.9769208480272391,0.014956235885620117,3,17,"[1, 0, 3]"
fake_vigo,3,bv,15,0.2,45,False,0,"[3]",random,3,raw_upper_bound,8,2,success_prob,0.9964599609375,0.9769343147777773,0.9711999261860994,0.9769208480272391,0.014956235885620117,3,17,"[1, 0, 3]"
fake_vigo,3,bv,15,0.2,45,False,0,"[3]",random,3,raw_upper_bound,8,3,success_prob,0.99658203125,0.9769343147777773,0.9711999261860994,0.9769208480272391,0.014956235885620117,3,17,"[1, 0, 3]"
fake_vigo,3,bv,15,0.2,45,False,0,"[3]",random,3,raw_upper_bound,8,4,success_prob,0.99658203125,0.9769343147777773,0.9711999261860994,0.9769208480272391,0.014956235885620117,3,17,"[1, 0, 3]"
fake_vigo,3,bv,15,0.2,45,False,0,"[3]",random,3,raw_upper_bound,8,5,success_prob,0.9967041015625,0.9769343147777773,0.9711999261860994,0.9769208480272391,0.014956235885620117,3,17,"[1, 0, 3]"
fake_vigo,3,bv,15,0.2,45,False,0,"[3]",random,3,raw_upper_bound,8,6,success_prob,0.996826171875,0.9769343147777773,0.9711999261860994,0.9769208480272391,0.014956235885620117,3,17,"[1, 0, 3]"
fake_vigo,3,bv,15,0.2,45,False,0,"[3]",random,3,raw_upper_bound,8,7,success_prob,0.9967041015625,0.9769343147777773,0.9711999261860994,0.9769208480272391,0.014956235885620117,3,17,"[1, 0, 3]"
fake_vigo,3,bv,15,0.2,45,False,0,"[3]",random,3,raw_upper_bound,8,8,success_prob,0.996826171875,0.9769343147777773,0.9711999261860994,0.9769208480272391,0.014956235885620117,3,17,"[1, 0, 3]"
fake_vigo,3,bv,15,0.2,45,False,0,"[3]",random,3,raw_upper_bound,8,9,success_prob,0.9974365234375,0.9769343147777773,0.9711999261860994,0.9769208480272391,0.014956235885620117,3,17,"[1, 0, 3]"
fake_vigo,3,bv,15,0.2,45,False,0,"[3]",random,3,raw_upper_bound,8,10,success_prob,0.9970703125,0.9769343147777773,0.9711999261860994,0.9769208480272391,0.014956235885620117,3,17,"[1, 0, 3]"
fake_vigo,3,bv,15,0.2,45,False,0,"[3]",random,3,raw_upper_bound,8,11,success_prob,0.996337890625,0.9769343147777773,0.9711999261860994,0.9769208480272391,0.014956235885620117,3,17,"[1, 0, 3]"
fake_vigo,3,bv,15,0.2,45,False,0,"[3]",random,3,raw_upper_bound,8,12,success_prob,0.9971923828125,0.9769343147777773,0.9711999261860994,0.9769208480272391,0.014956235885620117,3,17,"[1, 0, 3]"
fake_vigo,3,bv,15,0.2,45,False,0,"[3]",random,3,raw_upper_bound,8,13,success_prob,0.9970703125,0.9769343147777773,0.9711999261860994,0.9769208480272391,0.014956235885620117,3,17,"[1, 0, 3]"
fake_vigo,3,bv,15,0.2,45,False,0,"[3]",random,3,raw_upper_bound,8,14,success_prob,0.994873046875,0.9769343147777773,0.9711999261860994,0.9769208480272391,0.014956235885620117,3,17,"[1, 0, 3]"
fake_vigo,3,bv,15,0.2,45,False,0,"[3]",random,3,raw_upper_bound,8,15,success_prob,0.99755859375,0.9769343147777773,0.9711999261860994,0.9769208480272391,0.014956235885620117,3,17,"[1, 0, 3]"
fake_vigo,3,bv,15,0.2,45,False,0,"[3]",random,3,raw_upper_bound,8,16,success_prob,0.997314453125,0.9769343147777773,0.9711999261860994,0.9769208480272391,0.014956235885620117,3,17,"[1, 0, 3]"
fake_vigo,3,bv,15,0.2,45,False,0,"[3]",random,3,raw_upper_bound,8,17,success_prob,0.996826171875,0.9769343147777773,0.9711999261860994,0.9769208480272391,0.014956235885620117,3,17,"[1, 0, 3]"
fake_vigo,3,bv,15,0.2,45,False,0,"[3]",random,3,raw_upper_bound,8,18,success_prob,0.9962158203125,0.9769343147777773,0.9711999261860994,0.9769208480272391,0.014956235885620117,3,17,"[1, 0, 3]"
fake_vigo,3,bv,15,0.2,45,False,0,"[3]",random,3,raw_upper_bound,8,19,success_prob,0.9964599609375,0.9769343147777773,0.9711999261860994,0.9769208480272391,0.014956235885620117,3,17,"[1, 0, 3]"
fake_vigo,3,bv,15,0.2,45,False,0,"[3]",random,3,raw_upper_bound,9,0,success_prob,0.9974365234375,0.9748135198694312,0.9690915798753139,0.9748072657980817,0.014624595642089844,3,16,"[1, 3, 0]"
fake_vigo,3,bv,15,0.2,45,False,0,"[3]",random,3,raw_upper_bound,9,1,success_prob,0.996337890625,0.9748135198694312,0.9690915798753139,0.9748072657980817,0.014624595642089844,3,16,"[1, 3, 0]"
fake_vigo,3,bv,15,0.2,45,False,0,"[3]",random,3,raw_upper_bound,9,2,success_prob,0.9962158203125,0.9748135198694312,0.9690915798753139,0.9748072657980817,0.014624595642089844,3,16,"[1, 3, 0]"
fake_vigo,3,bv,15,0.2,45,False,0,"[3]",random,3,raw_upper_bound,9,3,success_prob,0.9964599609375,0.9748135198694312,0.9690915798753139,0.9748072657980817,0.014624595642089844,3,16,"[1, 3, 0]"
fake_vigo,3,bv,15,0.2,45,False,0,"[3]",random,3,raw_upper_bound,9,4,success_prob,0.9967041015625,0.9748135198694312,0.9690915798753139,0.9748072657980817,0.014624595642089844,3,16,"[1, 3, 0]"
fake_vigo,3,bv,15,0.2,45,False,0,"[3]",random,3,raw_upper_bound,9,5,success_prob,0.998291015625,0.9748135198694312,0.9690915798753139,0.9748072657980817,0.014624595642089844,3,16,"[1, 3, 0]"
fake_vigo,3,bv,15,0.2,45,False,0,"[3]",random,3,raw_upper_bound,9,6,success_prob,0.9971923828125,0.9748135198694312,0.9690915798753139,0.9748072657980817,0.014624595642089844,3,16,"[1, 3, 0]"
fake_vigo,3,bv,15,0.2,45,False,0,"[3]",random,3,raw_upper_bound,9,7,success_prob,0.9974365234375,0.9748135198694312,0.9690915798753139,0.9748072657980817,0.014624595642089844,3,16,"[1, 3, 0]"
fake_vigo,3,bv,15,0.2,45,False,0,"[3]",random,3,raw_upper_bound,9,8,success_prob,0.997314453125,0.9748135198694312,0.9690915798753139,0.9748072657980817,0.014624595642089844,3,16,"[1, 3, 0]"
fake_vigo,3,bv,15,0.2,45,False,0,"[3]",random,3,raw_upper_bound,9,9,success_prob,0.997314453125,0.9748135198694312,0.9690915798753139,0.9748072657980817,0.014624595642089844,3,16,"[1, 3, 0]"
fake_vigo,3,bv,15,0.2,45,False,0,"[3]",random,3,raw_upper_bound,9,10,success_prob,0.99658203125,0.9748135198694312,0.9690915798753139,0.9748072657980817,0.014624595642089844,3,16,"[1, 3, 0]"
fake_vigo,3,bv,15,0.2,45,False,0,"[3]",random,3,raw_upper_bound,9,11,success_prob,0.997802734375,0.9748135198694312,0.9690915798753139,0.9748072657980817,0.014624595642089844,3,16,"[1, 3, 0]"
fake_vigo,3,bv,15,0.2,45,False,0,"[3]",random,3,raw_upper_bound,9,12,success_prob,0.99755859375,0.9748135198694312,0.9690915798753139,0.9748072657980817,0.014624595642089844,3,16,"[1, 3, 0]"
fake_vigo,3,bv,15,0.2,45,False,0,"[3]",random,3,raw_upper_bound,9,13,success_prob,0.996826171875,0.9748135198694312,0.9690915798753139,0.9748072657980817,0.014624595642089844,3,16,"[1, 3, 0]"
fake_vigo,3,bv,15,0.2,45,False,0,"[3]",random,3,raw_upper_bound,9,14,success_prob,0.9969482421875,0.9748135198694312,0.9690915798753139,0.9748072657980817,0.014624595642089844,3,16,"[1, 3, 0]"
fake_vigo,3,bv,15,0.2,45,False,0,"[3]",random,3,raw_upper_bound,9,15,success_prob,0.99658203125,0.9748135198694312,0.9690915798753139,0.9748072657980817,0.014624595642089844,3,16,"[1, 3, 0]"
fake_vigo,3,bv,15,0.2,45,False,0,"[3]",random,3,raw_upper_bound,9,16,success_prob,0.99658203125,0.9748135198694312,0.9690915798753139,0.9748072657980817,0.014624595642089844,3,16,"[1, 3, 0]"
fake_vigo,3,bv,15,0.2,45,False,0,"[3]",random,3,raw_upper_bound,9,17,success_prob,0.997314453125,0.9748135198694312,0.9690915798753139,0.9748072657980817,0.014624595642089844,3,16,"[1, 3, 0]"
fake_vigo,3,bv,15,0.2,45,False,0,"[3]",random,3,raw_upper_bound,9,18,success_prob,0.996826171875,0.9748135198694312,0.9690915798753139,0.9748072657980817,0.014624595642089844,3,16,"[1, 3, 0]"
fake_vigo,3,bv,15,0.2,45,False,0,"[3]",random,3,raw_upper_bound,9,19,success_prob,0.998046875,0.9748135198694312,0.9690915798753139,0.9748072657980817,0.014624595642089844,3,16,"[1, 3, 0]"
fake_vigo,3,bv,15,0.2,45,False,0,"[3]",random,3,raw_upper_bound,10,0,success_prob,0.9964599609375,0.9829891978057419,0.9772192683884074,0.9829828913064496,0.010956764221191406,2,9,"[3, 0, 1]"
fake_vigo,3,bv,15,0.2,45,False,0,"[3]",random,3,raw_upper_bound,10,1,success_prob,0.9971923828125,0.9829891978057419,0.9772192683884074,0.9829828913064496,0.010956764221191406,2,9,"[3, 0, 1]"
fake_vigo,3,bv,15,0.2,45,False,0,"[3]",random,3,raw_upper_bound,10,2,success_prob,0.9962158203125,0.9829891978057419,0.9772192683884074,0.9829828913064496,0.010956764221191406,2,9,"[3, 0, 1]"
fake_vigo,3,bv,15,0.2,45,False,0,"[3]",random,3,raw_upper_bound,10,3,success_prob,0.9974365234375,0.9829891978057419,0.9772192683884074,0.9829828913064496,0.010956764221191406,2,9,"[3, 0, 1]"
fake_vigo,3,bv,15,0.2,45,False,0,"[3]",random,3,raw_upper_bound,10,4,success_prob,0.9969482421875,0.9829891978057419,0.9772192683884074,0.9829828913064496,0.010956764221191406,2,9,"[3, 0, 1]"
fake_vigo,3,bv,15,0.2,45,False,0,"[3]",random,3,raw_upper_bound,10,5,success_prob,0.99658203125,0.9829891978057419,0.9772192683884074,0.9829828913064496,0.010956764221191406,2,9,"[3, 0, 1]"
fake_vigo,3,bv,15,0.2,45,False,0,"[3]",random,3,raw_upper_bound,10,6,success_prob,0.9962158203125,0.9829891978057419,0.9772192683884074,0.9829828913064496,0.010956764221191406,2,9,"[3, 0, 1]"
fake_vigo,3,bv,15,0.2,45,False,0,"[3]",random,3,raw_upper_bound,10,7,success_prob,0.99609375,0.9829891978057419,0.9772192683884074,0.9829828913064496,0.010956764221191406,2,9,"[3, 0, 1]"
fake_vigo,3,bv,15,0.2,45,False,0,"[3]",random,3,raw_upper_bound,10,8,success_prob,0.9970703125,0.9829891978057419,0.9772192683884074,0.9829828913064496,0.010956764221191406,2,9,"[3, 0, 1]"
fake_vigo,3,bv,15,0.2,45,False,0,"[3]",random,3,raw_upper_bound,10,9,success_prob,0.997802734375,0.9829891978057419,0.9772192683884074,0.9829828913064496,0.010956764221191406,2,9,"[3, 0, 1]"
fake_vigo,3,bv,15,0.2,45,False,0,"[3]",random,3,raw_upper_bound,10,10,success_prob,0.9967041015625,0.9829891978057419,0.9772192683884074,0.9829828913064496,0.010956764221191406,2,9,"[3, 0, 1]"
fake_vigo,3,bv,15,0.2,45,False,0,"[3]",random,3,raw_upper_bound,10,11,success_prob,0.99658203125,0.9829891978057419,0.9772192683884074,0.9829828913064496,0.010956764221191406,2,9,"[3, 0, 1]"
fake_vigo,3,bv,15,0.2,45,False,0,"[3]",random,3,raw_upper_bound,10,12,success_prob,0.9971923828125,0.9829891978057419,0.9772192683884074,0.9829828913064496,0.010956764221191406,2,9,"[3, 0, 1]"
fake_vigo,3,bv,15,0.2,45,False,0,"[3]",random,3,raw_upper_bound,10,13,success_prob,0.9970703125,0.9829891978057419,0.9772192683884074,0.9829828913064496,0.010956764221191406,2,9,"[3, 0, 1]"
fake_vigo,3,bv,15,0.2,45,False,0,"[3]",random,3,raw_upper_bound,10,14,success_prob,0.9954833984375,0.9829891978057419,0.9772192683884074,0.9829828913064496,0.010956764221191406,2,9,"[3, 0, 1]"
fake_vigo,3,bv,15,0.2,45,False,0,"[3]",random,3,raw_upper_bound,10,15,success_prob,0.9976806640625,0.9829891978057419,0.9772192683884074,0.9829828913064496,0.010956764221191406,2,9,"[3, 0, 1]"
fake_vigo,3,bv,15,0.2,45,False,0,"[3]",random,3,raw_upper_bound,10,16,success_prob,0.9970703125,0.9829891978057419,0.9772192683884074,0.9829828913064496,0.010956764221191406,2,9,"[3, 0, 1]"
fake_vigo,3,bv,15,0.2,45,False,0,"[3]",random,3,raw_upper_bound,10,17,success_prob,0.9967041015625,0.9829891978057419,0.9772192683884074,0.9829828913064496,0.010956764221191406,2,9,"[3, 0, 1]"
fake_vigo,3,bv,15,0.2,45,False,0,"[3]",random,3,raw_upper_bound,10,18,success_prob,0.9970703125,0.9829891978057419,0.9772192683884074,0.9829828913064496,0.010956764221191406,2,9,"[3, 0, 1]"
fake_vigo,3,bv,15,0.2,45,False,0,"[3]",random,3,raw_upper_bound,10,19,success_prob,0.9964599609375,0.9829891978057419,0.9772192683884074,0.9829828913064496,0.010956764221191406,2,9,"[3, 0, 1]"
fake_vigo,3,bv,15,0.2,45,False,0,"[3]",random,3,raw_upper_bound,11,0,success_prob,0.9964599609375,0.9648648144006408,0.9592012711096377,0.9648586240269007,0.012960672378540039,5,12,"[3, 1, 0]"
fake_vigo,3,bv,15,0.2,45,False,0,"[3]",random,3,raw_upper_bound,11,1,success_prob,0.9971923828125,0.9648648144006408,0.9592012711096377,0.9648586240269007,0.012960672378540039,5,12,"[3, 1, 0]"
fake_vigo,3,bv,15,0.2,45,False,0,"[3]",random,3,raw_upper_bound,11,2,success_prob,0.9962158203125,0.9648648144006408,0.9592012711096377,0.9648586240269007,0.012960672378540039,5,12,"[3, 1, 0]"
fake_vigo,3,bv,15,0.2,45,False,0,"[3]",random,3,raw_upper_bound,11,3,success_prob,0.9974365234375,0.9648648144006408,0.9592012711096377,0.9648586240269007,0.012960672378540039,5,12,"[3, 1, 0]"
fake_vigo,3,bv,15,0.2,45,False,0,"[3]",random,3,raw_upper_bound,11,4,success_prob,0.9969482421875,0.9648648144006408,0.9592012711096377,0.9648586240269007,0.012960672378540039,5,12,"[3, 1, 0]"
fake_vigo,3,bv,15,0.2,45,False,0,"[3]",random,3,raw_upper_bound,11,5,success_prob,0.99658203125,0.9648648144006408,0.9592012711096377,0.9648586240269007,0.012960672378540039,5,12,"[3, 1, 0]"
fake_vigo,3,bv,15,0.2,45,False,0,"[3]",random,3,raw_upper_bound,11,6,success_prob,0.9962158203125,0.9648648144006408,0.9592012711096377,0.9648586240269007,0.012960672378540039,5,12,"[3, 1, 0]"
fake_vigo,3,bv,15,0.2,45,False,0,"[3]",random,3,raw_upper_bound,11,7,success_prob,0.99609375,0.9648648144006408,0.9592012711096377,0.9648586240269007,0.012960672378540039,5,12,"[3, 1, 0]"
fake_vigo,3,bv,15,0.2,45,False,0,"[3]",random,3,raw_upper_bound,11,8,success_prob,0.9970703125,0.9648648144006408,0.9592012711096377,0.9648586240269007,0.012960672378540039,5,12,"[3, 1, 0]"
fake_vigo,3,bv,15,0.2,45,False,0,"[3]",random,3,raw_upper_bound,11,9,success_prob,0.997802734375,0.9648648144006408,0.9592012711096377,0.9648586240269007,0.012960672378540039,5,12,"[3, 1, 0]"
fake_vigo,3,bv,15,0.2,45,False,0,"[3]",random,3,raw_upper_bound,11,10,success_prob,0.9967041015625,0.9648648144006408,0.9592012711096377,0.9648586240269007,0.012960672378540039,5,12,"[3, 1, 0]"
fake_vigo,3,bv,15,0.2,45,False,0,"[3]",random,3,raw_upper_bound,11,11,success_prob,0.99658203125,0.9648648144006408,0.9592012711096377,0.9648586240269007,0.012960672378540039,5,12,"[3, 1, 0]"
fake_vigo,3,bv,15,0.2,45,False,0,"[3]",random,3,raw_upper_bound,11,12,success_prob,0.9971923828125,0.9648648144006408,0.9592012711096377,0.9648586240269007,0.012960672378540039,5,12,"[3, 1, 0]"
fake_vigo,3,bv,15,0.2,45,False,0,"[3]",random,3,raw_upper_bound,11,13,success_prob,0.9970703125,0.9648648144006408,0.9592012711096377,0.9648586240269007,0.012960672378540039,5,12,"[3, 1, 0]"
fake_vigo,3,bv,15,0.2,45,False,0,"[3]",random,3,raw_upper_bound,11,14,success_prob,0.9954833984375,0.9648648144006408,0.9592012711096377,0.9648586240269007,0.012960672378540039,5,12,"[3, 1, 0]"
fake_vigo,3,bv,15,0.2,45,False,0,"[3]",random,3,raw_upper_bound,11,15,success_prob,0.9976806640625,0.9648648144006408,0.9592012711096377,0.9648586240269007,0.012960672378540039,5,12,"[3, 1, 0]"
fake_vigo,3,bv,15,0.2,45,False,0,"[3]",random,3,raw_upper_bound,11,16,success_prob,0.9970703125,0.9648648144006408,0.9592012711096377,0.9648586240269007,0.012960672378540039,5,12,"[3, 1, 0]"
fake_vigo,3,bv,15,0.2,45,False,0,"[3]",random,3,raw_upper_bound,11,17,success_prob,0.9967041015625,0.9648648144006408,0.9592012711096377,0.9648586240269007,0.012960672378540039,5,12,"[3, 1, 0]"
fake_vigo,3,bv,15,0.2,45,False,0,"[3]",random,3,raw_upper_bound,11,18,success_prob,0.9970703125,0.9648648144006408,0.9592012711096377,0.9648586240269007,0.012960672378540039,5,12,"[3, 1, 0]"
fake_vigo,3,bv,15,0.2,45,False,0,"[3]",random,3,raw_upper_bound,11,19,success_prob,0.9964599609375,0.9648648144006408,0.9592012711096377,0.9648586240269007,0.012960672378540039,5,12,"[3, 1, 0]"
fake_vigo,3,bv,15,0.2,45,False,0,"[3]",random,3,raw_upper_bound,12,0,success_prob,0.9964599609375,0.9740971806463302,0.9683793227196343,0.9740837528062395,0.012229681015014648,3,17,"[1, 2, 3]"
fake_vigo,3,bv,15,0.2,45,False,0,"[3]",random,3,raw_upper_bound,12,1,success_prob,0.9976806640625,0.9740971806463302,0.9683793227196343,0.9740837528062395,0.012229681015014648,3,17,"[1, 2, 3]"
fake_vigo,3,bv,15,0.2,45,False,0,"[3]",random,3,raw_upper_bound,12,2,success_prob,0.9964599609375,0.9740971806463302,0.9683793227196343,0.9740837528062395,0.012229681015014648,3,17,"[1, 2, 3]"
fake_vigo,3,bv,15,0.2,45,False,0,"[3]",random,3,raw_upper_bound,12,3,success_prob,0.99658203125,0.9740971806463302,0.9683793227196343,0.9740837528062395,0.012229681015014648,3,17,"[1, 2, 3]"
fake_vigo,3,bv,15,0.2,45,False,0,"[3]",random,3,raw_upper_bound,12,4,success_prob,0.99658203125,0.9740971806463302,0.9683793227196343,0.9740837528062395,0.012229681015014648,3,17,"[1, 2, 3]"
fake_vigo,3,bv,15,0.2,45,False,0,"[3]",random,3,raw_upper_bound,12,5,success_prob,0.9967041015625,0.9740971806463302,0.9683793227196343,0.9740837528062395,0.012229681015014648,3,17,"[1, 2, 3]"
fake_vigo,3,bv,15,0.2,45,False,0,"[3]",random,3,raw_upper_bound,12,6,success_prob,0.996826171875,0.9740971806463302,0.9683793227196343,0.9740837528062395,0.012229681015014648,3,17,"[1, 2, 3]"
fake_vigo,3,bv,15,0.2,45,False,0,"[3]",random,3,raw_upper_bound,12,7,success_prob,0.9967041015625,0.9740971806463302,0.9683793227196343,0.9740837528062395,0.012229681015014648,3,17,"[1, 2, 3]"
fake_vigo,3,bv,15,0.2,45,False,0,"[3]",random,3,raw_upper_bound,12,8,success_prob,0.996826171875,0.9740971806463302,0.9683793227196343,0.9740837528062395,0.012229681015014648,3,17,"[1, 2, 3]"
fake_vigo,3,bv,15,0.2,45,False,0,"[3]",random,3,raw_upper_bound,12,9,success_prob,0.99755859375,0.9740971806463302,0.9683793227196343,0.9740837528062395,0.012229681015014648,3,17,"[1, 2, 3]"
fake_vigo,3,bv,15,0.2,45,False,0,"[3]",random,3,raw_upper_bound,12,10,success_prob,0.9970703125,0.9740971806463302,0.9683793227196343,0.9740837528062395,0.012229681015014648,3,17,"[1, 2, 3]"
fake_vigo,3,bv,15,0.2,45,False,0,"[3]",random,3,raw_upper_bound,12,11,success_prob,0.996337890625,0.9740971806463302,0.9683793227196343,0.9740837528062395,0.012229681015014648,3,17,"[1, 2, 3]"
fake_vigo,3,bv,15,0.2,45,False,0,"[3]",random,3,raw_upper_bound,12,12,success_prob,0.9974365234375,0.9740971806463302,0.9683793227196343,0.9740837528062395,0.012229681015014648,3,17,"[1, 2, 3]"
fake_vigo,3,bv,15,0.2,45,False,0,"[3]",random,3,raw_upper_bound,12,13,success_prob,0.9970703125,0.9740971806463302,0.9683793227196343,0.9740837528062395,0.012229681015014648,3,17,"[1, 2, 3]"
fake_vigo,3,bv,15,0.2,45,False,0,"[3]",random,3,raw_upper_bound,12,14,success_prob,0.994873046875,0.9740971806463302,0.9683793227196343,0.9740837528062395,0.012229681015014648,3,17,"[1, 2, 3]"
fake_vigo,3,bv,15,0.2,45,False,0,"[3]",random,3,raw_upper_bound,12,15,success_prob,0.9976806640625,0.9740971806463302,0.9683793227196343,0.9740837528062395,0.012229681015014648,3,17,"[1, 2, 3]"
fake_vigo,3,bv,15,0.2,45,False,0,"[3]",random,3,raw_upper_bound,12,16,success_prob,0.997314453125,0.9740971806463302,0.9683793227196343,0.9740837528062395,0.012229681015014648,3,17,"[1, 2, 3]"
fake_vigo,3,bv,15,0.2,45,False,0,"[3]",random,3,raw_upper_bound,12,17,success_prob,0.996826171875,0.9740971806463302,0.9683793227196343,0.9740837528062395,0.012229681015014648,3,17,"[1, 2, 3]"
fake_vigo,3,bv,15,0.2,45,False,0,"[3]",random,3,raw_upper_bound,12,18,success_prob,0.9962158203125,0.9740971806463302,0.9683793227196343,0.9740837528062395,0.012229681015014648,3,17,"[1, 2, 3]"
fake_vigo,3,bv,15,0.2,45,False,0,"[3]",random,3,raw_upper_bound,12,19,success_prob,0.9964599609375,0.9740971806463302,0.9683793227196343,0.9740837528062395,0.012229681015014648,3,17,"[1, 2, 3]"
fake_vigo,3,bv,15,0.2,45,False,0,"[3]",random,3,raw_upper_bound,13,0,success_prob,0.99755859375,0.9692173781049468,0.9635281641556653,0.9692111594332066,0.01080942153930664,3,17,"[1, 3, 2]"
fake_vigo,3,bv,15,0.2,45,False,0,"[3]",random,3,raw_upper_bound,13,1,success_prob,0.996337890625,0.9692173781049468,0.9635281641556653,0.9692111594332066,0.01080942153930664,3,17,"[1, 3, 2]"
fake_vigo,3,bv,15,0.2,45,False,0,"[3]",random,3,raw_upper_bound,13,2,success_prob,0.9962158203125,0.9692173781049468,0.9635281641556653,0.9692111594332066,0.01080942153930664,3,17,"[1, 3, 2]"
fake_vigo,3,bv,15,0.2,45,False,0,"[3]",random,3,raw_upper_bound,13,3,success_prob,0.99658203125,0.9692173781049468,0.9635281641556653,0.9692111594332066,0.01080942153930664,3,17,"[1, 3, 2]"
fake_vigo,3,bv,15,0.2,45,False,0,"[3]",random,3,raw_upper_bound,13,4,success_prob,0.9967041015625,0.9692173781049468,0.9635281641556653,0.9692111594332066,0.01080942153930664,3,17,"[1, 3, 2]"
fake_vigo,3,bv,15,0.2,45,False,0,"[3]",random,3,raw_upper_bound,13,5,success_prob,0.998291015625,0.9692173781049468,0.9635281641556653,0.9692111594332066,0.01080942153930664,3,17,"[1, 3, 2]"
fake_vigo,3,bv,15,0.2,45,False,0,"[3]",random,3,raw_upper_bound,13,6,success_prob,0.997314453125,0.9692173781049468,0.9635281641556653,0.9692111594332066,0.01080942153930664,3,17,"[1, 3, 2]"
fake_vigo,3,bv,15,0.2,45,False,0,"[3]",random,3,raw_upper_bound,13,7,success_prob,0.9974365234375,0.9692173781049468,0.9635281641556653,0.9692111594332066,0.01080942153930664,3,17,"[1, 3, 2]"
fake_vigo,3,bv,15,0.2,45,False,0,"[3]",random,3,raw_upper_bound,13,8,success_prob,0.9974365234375,0.9692173781049468,0.9635281641556653,0.9692111594332066,0.01080942153930664,3,17,"[1, 3, 2]"
fake_vigo,3,bv,15,0.2,45,False,0,"[3]",random,3,raw_upper_bound,13,9,success_prob,0.997314453125,0.9692173781049468,0.9635281641556653,0.9692111594332066,0.01080942153930664,3,17,"[1, 3, 2]"
fake_vigo,3,bv,15,0.2,45,False,0,"[3]",random,3,raw_upper_bound,13,10,success_prob,0.99658203125,0.9692173781049468,0.9635281641556653,0.9692111594332066,0.01080942153930664,3,17,"[1, 3, 2]"
fake_vigo,3,bv,15,0.2,45,False,0,"[3]",random,3,raw_upper_bound,13,11,success_prob,0.997802734375,0.9692173781049468,0.9635281641556653,0.9692111594332066,0.01080942153930664,3,17,"[1, 3, 2]"
fake_vigo,3,bv,15,0.2,45,False,0,"[3]",random,3,raw_upper_bound,13,12,success_prob,0.99755859375,0.9692173781049468,0.9635281641556653,0.9692111594332066,0.01080942153930664,3,17,"[1, 3, 2]"
fake_vigo,3,bv,15,0.2,45,False,0,"[3]",random,3,raw_upper_bound,13,13,success_prob,0.9969482421875,0.9692173781049468,0.9635281641556653,0.9692111594332066,0.01080942153930664,3,17,"[1, 3, 2]"
fake_vigo,3,bv,15,0.2,45,False,0,"[3]",random,3,raw_upper_bound,13,14,success_prob,0.9969482421875,0.9692173781049468,0.9635281641556653,0.9692111594332066,0.01080942153930664,3,17,"[1, 3, 2]"
fake_vigo,3,bv,15,0.2,45,False,0,"[3]",random,3,raw_upper_bound,13,15,success_prob,0.99658203125,0.9692173781049468,0.9635281641556653,0.9692111594332066,0.01080942153930664,3,17,"[1, 3, 2]"
fake_vigo,3,bv,15,0.2,45,False,0,"[3]",random,3,raw_upper_bound,13,16,success_prob,0.9967041015625,0.9692173781049468,0.9635281641556653,0.9692111594332066,0.01080942153930664,3,17,"[1, 3, 2]"
fake_vigo,3,bv,15,0.2,45,False,0,"[3]",random,3,raw_upper_bound,13,17,success_prob,0.997314453125,0.9692173781049468,0.9635281641556653,0.9692111594332066,0.01080942153930664,3,17,"[1, 3, 2]"
fake_vigo,3,bv,15,0.2,45,False,0,"[3]",random,3,raw_upper_bound,13,18,success_prob,0.996826171875,0.9692173781049468,0.9635281641556653,0.9692111594332066,0.01080942153930664,3,17,"[1, 3, 2]"
fake_vigo,3,bv,15,0.2,45,False,0,"[3]",random,3,raw_upper_bound,13,19,success_prob,0.998046875,0.9692173781049468,0.9635281641556653,0.9692111594332066,0.01080942153930664,3,17,"[1, 3, 2]"
fake_vigo,3,bv,15,0.2,45,False,0,"[3]",random,3,raw_upper_bound,14,0,success_prob,0.9976806640625,0.9496618688187151,0.9440874438514822,0.9496199930675235,0.013057947158813477,5,12,"[2, 1, 3]"
fake_vigo,3,bv,15,0.2,45,False,0,"[3]",random,3,raw_upper_bound,14,1,success_prob,0.9957275390625,0.9496618688187151,0.9440874438514822,0.9496199930675235,0.013057947158813477,5,12,"[2, 1, 3]"
fake_vigo,3,bv,15,0.2,45,False,0,"[3]",random,3,raw_upper_bound,14,2,success_prob,0.997314453125,0.9496618688187151,0.9440874438514822,0.9496199930675235,0.013057947158813477,5,12,"[2, 1, 3]"
fake_vigo,3,bv,15,0.2,45,False,0,"[3]",random,3,raw_upper_bound,14,3,success_prob,0.997802734375,0.9496618688187151,0.9440874438514822,0.9496199930675235,0.013057947158813477,5,12,"[2, 1, 3]"
fake_vigo,3,bv,15,0.2,45,False,0,"[3]",random,3,raw_upper_bound,14,4,success_prob,0.996826171875,0.9496618688187151,0.9440874438514822,0.9496199930675235,0.013057947158813477,5,12,"[2, 1, 3]"
fake_vigo,3,bv,15,0.2,45,False,0,"[3]",random,3,raw_upper_bound,14,5,success_prob,0.99853515625,0.9496618688187151,0.9440874438514822,0.9496199930675235,0.013057947158813477,5,12,"[2, 1, 3]"
fake_vigo,3,bv,15,0.2,45,False,0,"[3]",random,3,raw_upper_bound,14,6,success_prob,0.997314453125,0.9496618688187151,0.9440874438514822,0.9496199930675235,0.013057947158813477,5,12,"[2, 1, 3]"
fake_vigo,3,bv,15,0.2,45,False,0,"[3]",random,3,raw_upper_bound,14,7,success_prob,0.997314453125,0.9496618688187151,0.9440874438514822,0.9496199930675235,0.013057947158813477,5,12,"[2, 1, 3]"
fake_vigo,3,bv,15,0.2,45,False,0,"[3]",random,3,raw_upper_bound,14,8,success_prob,0.997802734375,0.9496618688187151,0.9440874438514822,0.9496199930675235,0.013057947158813477,5,12,"[2, 1, 3]"
fake_vigo,3,bv,15,0.2,45,False,0,"[3]",random,3,raw_upper_bound,14,9,success_prob,0.9976806640625,0.9496618688187151,0.9440874438514822,0.9496199930675235,0.013057947158813477,5,12,"[2, 1, 3]"
fake_vigo,3,bv,15,0.2,45,False,0,"[3]",random,3,raw_upper_bound,14,10,success_prob,0.995849609375,0.9496618688187151,0.9440874438514822,0.9496199930675235,0.013057947158813477,5,12,"[2, 1, 3]"
fake_vigo,3,bv,15,0.2,45,False,0,"[3]",random,3,raw_upper_bound,14,11,success_prob,0.996826171875,0.9496618688187151,0.9440874438514822,0.9496199930675235,0.013057947158813477,5,12,"[2, 1, 3]"
fake_vigo,3,bv,15,0.2,45,False,0,"[3]",random,3,raw_upper_bound,14,12,success_prob,0.997314453125,0.9496618688187151,0.9440874438514822,0.9496199930675235,0.013057947158813477,5,12,"[2, 1, 3]"
fake_vigo,3,bv,15,0.2,45,False,0,"[3]",random,3,raw_upper_bound,14,13,success_prob,0.9967041015625,0.9496618688187151,0.9440874438514822,0.9496199930675235,0.013057947158813477,5,12,"[2, 1, 3]"
fake_vigo,3,bv,15,0.2,45,False,0,"[3]",random,3,raw_upper_bound,14,14,success_prob,0.99658203125,0.9496618688187151,0.9440874438514822,0.9496199930675235,0.013057947158813477,5,12,"[2, 1, 3]"
fake_vigo,3,bv,15,0.2,45,False,0,"[3]",random,3,raw_upper_bound,14,15,success_prob,0.996826171875,0.9496618688187151,0.9440874438514822,0.9496199930675235,0.013057947158813477,5,12,"[2, 1, 3]"
fake_vigo,3,bv,15,0.2,45,False,0,"[3]",random,3,raw_upper_bound,14,16,success_prob,0.9967041015625,0.9496618688187151,0.9440874438514822,0.9496199930675235,0.013057947158813477,5,12,"[2, 1, 3]"
fake_vigo,3,bv,15,0.2,45,False,0,"[3]",random,3,raw_upper_bound,14,17,success_prob,0.9974365234375,0.9496618688187151,0.9440874438514822,0.9496199930675235,0.013057947158813477,5,12,"[2, 1, 3]"
fake_vigo,3,bv,15,0.2,45,False,0,"[3]",random,3,raw_upper_bound,14,18,success_prob,0.9964599609375,0.9496618688187151,0.9440874438514822,0.9496199930675235,0.013057947158813477,5,12,"[2, 1, 3]"
fake_vigo,3,bv,15,0.2,45,False,0,"[3]",random,3,raw_upper_bound,14,19,success_prob,0.9971923828125,0.9496618688187151,0.9440874438514822,0.9496199930675235,0.013057947158813477,5,12,"[2, 1, 3]"
fake_vigo,3,bv,15,0.2,45,False,0,"[3]",random,3,raw_upper_bound,15,0,success_prob,0.9976806640625,0.9797261197090644,0.9739752204447297,0.9797198339447317,0.009778499603271484,2,9,"[2, 3, 1]"
fake_vigo,3,bv,15,0.2,45,False,0,"[3]",random,3,raw_upper_bound,15,1,success_prob,0.9957275390625,0.9797261197090644,0.9739752204447297,0.9797198339447317,0.009778499603271484,2,9,"[2, 3, 1]"
fake_vigo,3,bv,15,0.2,45,False,0,"[3]",random,3,raw_upper_bound,15,2,success_prob,0.997314453125,0.9797261197090644,0.9739752204447297,0.9797198339447317,0.009778499603271484,2,9,"[2, 3, 1]"
fake_vigo,3,bv,15,0.2,45,False,0,"[3]",random,3,raw_upper_bound,15,3,success_prob,0.997802734375,0.9797261197090644,0.9739752204447297,0.9797198339447317,0.009778499603271484,2,9,"[2, 3, 1]"
fake_vigo,3,bv,15,0.2,45,False,0,"[3]",random,3,raw_upper_bound,15,4,success_prob,0.996826171875,0.9797261197090644,0.9739752204447297,0.9797198339447317,0.009778499603271484,2,9,"[2, 3, 1]"
fake_vigo,3,bv,15,0.2,45,False,0,"[3]",random,3,raw_upper_bound,15,5,success_prob,0.99853515625,0.9797261197090644,0.9739752204447297,0.9797198339447317,0.009778499603271484,2,9,"[2, 3, 1]"
fake_vigo,3,bv,15,0.2,45,False,0,"[3]",random,3,raw_upper_bound,15,6,success_prob,0.997314453125,0.9797261197090644,0.9739752204447297,0.9797198339447317,0.009778499603271484,2,9,"[2, 3, 1]"
fake_vigo,3,bv,15,0.2,45,False,0,"[3]",random,3,raw_upper_bound,15,7,success_prob,0.997314453125,0.9797261197090644,0.9739752204447297,0.9797198339447317,0.009778499603271484,2,9,"[2, 3, 1]"
fake_vigo,3,bv,15,0.2,45,False,0,"[3]",random,3,raw_upper_bound,15,8,success_prob,0.997802734375,0.9797261197090644,0.9739752204447297,0.9797198339447317,0.009778499603271484,2,9,"[2, 3, 1]"
fake_vigo,3,bv,15,0.2,45,False,0,"[3]",random,3,raw_upper_bound,15,9,success_prob,0.9976806640625,0.9797261197090644,0.9739752204447297,0.9797198339447317,0.009778499603271484,2,9,"[2, 3, 1]"
fake_vigo,3,bv,15,0.2,45,False,0,"[3]",random,3,raw_upper_bound,15,10,success_prob,0.995849609375,0.9797261197090644,0.9739752204447297,0.9797198339447317,0.009778499603271484,2,9,"[2, 3, 1]"
fake_vigo,3,bv,15,0.2,45,False,0,"[3]",random,3,raw_upper_bound,15,11,success_prob,0.996826171875,0.9797261197090644,0.9739752204447297,0.9797198339447317,0.009778499603271484,2,9,"[2, 3, 1]"
fake_vigo,3,bv,15,0.2,45,False,0,"[3]",random,3,raw_upper_bound,15,12,success_prob,0.997314453125,0.9797261197090644,0.9739752204447297,0.9797198339447317,0.009778499603271484,2,9,"[2, 3, 1]"
fake_vigo,3,bv,15,0.2,45,False,0,"[3]",random,3,raw_upper_bound,15,13,success_prob,0.9967041015625,0.9797261197090644,0.9739752204447297,0.9797198339447317,0.009778499603271484,2,9,"[2, 3, 1]"
fake_vigo,3,bv,15,0.2,45,False,0,"[3]",random,3,raw_upper_bound,15,14,success_prob,0.99658203125,0.9797261197090644,0.9739752204447297,0.9797198339447317,0.009778499603271484,2,9,"[2, 3, 1]"
fake_vigo,3,bv,15,0.2,45,False,0,"[3]",random,3,raw_upper_bound,15,15,success_prob,0.996826171875,0.9797261197090644,0.9739752204447297,0.9797198339447317,0.009778499603271484,2,9,"[2, 3, 1]"
fake_vigo,3,bv,15,0.2,45,False,0,"[3]",random,3,raw_upper_bound,15,16,success_prob,0.9967041015625,0.9797261197090644,0.9739752204447297,0.9797198339447317,0.009778499603271484,2,9,"[2, 3, 1]"
fake_vigo,3,bv,15,0.2,45,False,0,"[3]",random,3,raw_upper_bound,15,17,success_prob,0.9974365234375,0.9797261197090644,0.9739752204447297,0.9797198339447317,0.009778499603271484,2,9,"[2, 3, 1]"
fake_vigo,3,bv,15,0.2,45,False,0,"[3]",random,3,raw_upper_bound,15,18,success_prob,0.9964599609375,0.9797261197090644,0.9739752204447297,0.9797198339447317,0.009778499603271484,2,9,"[2, 3, 1]"
fake_vigo,3,bv,15,0.2,45,False,0,"[3]",random,3,raw_upper_bound,15,19,success_prob,0.9971923828125,0.9797261197090644,0.9739752204447297,0.9797198339447317,0.009778499603271484,2,9,"[2, 3, 1]"
fake_vigo,3,bv,15,0.2,45,False,0,"[3]",random,3,raw_upper_bound,16,0,success_prob,0.9964599609375,0.9463193254306976,0.9407645208756642,0.9463132530199732,0.01138925552368164,5,12,"[3, 1, 2]"
fake_vigo,3,bv,15,0.2,45,False,0,"[3]",random,3,raw_upper_bound,16,1,success_prob,0.997314453125,0.9463193254306976,0.9407645208756642,0.9463132530199732,0.01138925552368164,5,12,"[3, 1, 2]"
fake_vigo,3,bv,15,0.2,45,False,0,"[3]",random,3,raw_upper_bound,16,2,success_prob,0.9962158203125,0.9463193254306976,0.9407645208756642,0.9463132530199732,0.01138925552368164,5,12,"[3, 1, 2]"
fake_vigo,3,bv,15,0.2,45,False,0,"[3]",random,3,raw_upper_bound,16,3,success_prob,0.9974365234375,0.9463193254306976,0.9407645208756642,0.9463132530199732,0.01138925552368164,5,12,"[3, 1, 2]"
fake_vigo,3,bv,15,0.2,45,False,0,"[3]",random,3,raw_upper_bound,16,4,success_prob,0.9970703125,0.9463193254306976,0.9407645208756642,0.9463132530199732,0.01138925552368164,5,12,"[3, 1, 2]"
fake_vigo,3,bv,15,0.2,45,False,0,"[3]",random,3,raw_upper_bound,16,5,success_prob,0.99658203125,0.9463193254306976,0.9407645208756642,0.9463132530199732,0.01138925552368164,5,12,"[3, 1, 2]"
fake_vigo,3,bv,15,0.2,45,False,0,"[3]",random,3,raw_upper_bound,16,6,success_prob,0.9962158203125,0.9463193254306976,0.9407645208756642,0.9463132530199732,0.01138925552368164,5,12,"[3, 1, 2]"
fake_vigo,3,bv,15,0.2,45,False,0,"[3]",random,3,raw_upper_bound,16,7,success_prob,0.99609375,0.9463193254306976,0.9407645208756642,0.9463132530199732,0.01138925552368164,5,12,"[3, 1, 2]"
fake_vigo,3,bv,15,0.2,45,False,0,"[3]",random,3,raw_upper_bound,16,8,success_prob,0.9970703125,0.9463193254306976,0.9407645208756642,0.9463132530199732,0.01138925552368164,5,12,"[3, 1, 2]"
fake_vigo,3,bv,15,0.2,45,False,0,"[3]",random,3,raw_upper_bound,16,9,success_prob,0.998046875,0.9463193254306976,0.9407645208756642,0.9463132530199732,0.01138925552368164,5,12,"[3, 1, 2]"
fake_vigo,3,bv,15,0.2,45,False,0,"[3]",random,3,raw_upper_bound,16,10,success_prob,0.9967041015625,0.9463193254306976,0.9407645208756642,0.9463132530199732,0.01138925552368164,5,12,"[3, 1, 2]"
fake_vigo,3,bv,15,0.2,45,False,0,"[3]",random,3,raw_upper_bound,16,11,success_prob,0.99658203125,0.9463193254306976,0.9407645208756642,0.9463132530199732,0.01138925552368164,5,12,"[3, 1, 2]"
fake_vigo,3,bv,15,0.2,45,False,0,"[3]",random,3,raw_upper_bound,16,12,success_prob,0.997314453125,0.9463193254306976,0.9407645208756642,0.9463132530199732,0.01138925552368164,5,12,"[3, 1, 2]"
fake_vigo,3,bv,15,0.2,45,False,0,"[3]",random,3,raw_upper_bound,16,13,success_prob,0.9971923828125,0.9463193254306976,0.9407645208756642,0.9463132530199732,0.01138925552368164,5,12,"[3, 1, 2]"
fake_vigo,3,bv,15,0.2,45,False,0,"[3]",random,3,raw_upper_bound,16,14,success_prob,0.9954833984375,0.9463193254306976,0.9407645208756642,0.9463132530199732,0.01138925552368164,5,12,"[3, 1, 2]"
fake_vigo,3,bv,15,0.2,45,False,0,"[3]",random,3,raw_upper_bound,16,15,success_prob,0.997802734375,0.9463193254306976,0.9407645208756642,0.9463132530199732,0.01138925552368164,5,12,"[3, 1, 2]"
fake_vigo,3,bv,15,0.2,45,False,0,"[3]",random,3,raw_upper_bound,16,16,success_prob,0.9970703125,0.9463193254306976,0.9407645208756642,0.9463132530199732,0.01138925552368164,5,12,"[3, 1, 2]"
fake_vigo,3,bv,15,0.2,45,False,0,"[3]",random,3,raw_upper_bound,16,17,success_prob,0.9967041015625,0.9463193254306976,0.9407645208756642,0.9463132530199732,0.01138925552368164,5,12,"[3, 1, 2]"
fake_vigo,3,bv,15,0.2,45,False,0,"[3]",random,3,raw_upper_bound,16,18,success_prob,0.9970703125,0.9463193254306976,0.9407645208756642,0.9463132530199732,0.01138925552368164,5,12,"[3, 1, 2]"
fake_vigo,3,bv,15,0.2,45,False,0,"[3]",random,3,raw_upper_bound,16,19,success_prob,0.9964599609375,0.9463193254306976,0.9407645208756642,0.9463132530199732,0.01138925552368164,5,12,"[3, 1, 2]"
fake_vigo,3,bv,15,0.2,45,False,0,"[3]",random,3,raw_upper_bound,17,0,success_prob,0.9964599609375,0.9797261197090644,0.9739752204447297,0.9797198339447319,0.010561943054199219,2,9,"[3, 2, 1]"
fake_vigo,3,bv,15,0.2,45,False,0,"[3]",random,3,raw_upper_bound,17,1,success_prob,0.997314453125,0.9797261197090644,0.9739752204447297,0.9797198339447319,0.010561943054199219,2,9,"[3, 2, 1]"
fake_vigo,3,bv,15,0.2,45,False,0,"[3]",random,3,raw_upper_bound,17,2,success_prob,0.9962158203125,0.9797261197090644,0.9739752204447297,0.9797198339447319,0.010561943054199219,2,9,"[3, 2, 1]"
fake_vigo,3,bv,15,0.2,45,False,0,"[3]",random,3,raw_upper_bound,17,3,success_prob,0.9974365234375,0.9797261197090644,0.9739752204447297,0.9797198339447319,0.010561943054199219,2,9,"[3, 2, 1]"
fake_vigo,3,bv,15,0.2,45,False,0,"[3]",random,3,raw_upper_bound,17,4,success_prob,0.9970703125,0.9797261197090644,0.9739752204447297,0.9797198339447319,0.010561943054199219,2,9,"[3, 2, 1]"
fake_vigo,3,bv,15,0.2,45,False,0,"[3]",random,3,raw_upper_bound,17,5,success_prob,0.99658203125,0.9797261197090644,0.9739752204447297,0.9797198339447319,0.010561943054199219,2,9,"[3, 2, 1]"
fake_vigo,3,bv,15,0.2,45,False,0,"[3]",random,3,raw_upper_bound,17,6,success_prob,0.9962158203125,0.9797261197090644,0.9739752204447297,0.9797198339447319,0.010561943054199219,2,9,"[3, 2, 1]"
fake_vigo,3,bv,15,0.2,45,False,0,"[3]",random,3,raw_upper_bound,17,7,success_prob,0.99609375,0.9797261197090644,0.9739752204447297,0.9797198339447319,0.010561943054199219,2,9,"[3, 2, 1]"
fake_vigo,3,bv,15,0.2,45,False,0,"[3]",random,3,raw_upper_bound,17,8,success_prob,0.9970703125,0.9797261197090644,0.9739752204447297,0.9797198339447319,0.010561943054199219,2,9,"[3, 2, 1]"
fake_vigo,3,bv,15,0.2,45,False,0,"[3]",random,3,raw_upper_bound,17,9,success_prob,0.998046875,0.9797261197090644,0.9739752204447297,0.9797198339447319,0.010561943054199219,2,9,"[3, 2, 1]"
fake_vigo,3,bv,15,0.2,45,False,0,"[3]",random,3,raw_upper_bound,17,10,success_prob,0.9967041015625,0.9797261197090644,0.9739752204447297,0.9797198339447319,0.010561943054199219,2,9,"[3, 2, 1]"
fake_vigo,3,bv,15,0.2,45,False,0,"[3]",random,3,raw_upper_bound,17,11,success_prob,0.99658203125,0.9797261197090644,0.9739752204447297,0.9797198339447319,0.010561943054199219,2,9,"[3, 2, 1]"
fake_vigo,3,bv,15,0.2,45,False,0,"[3]",random,3,raw_upper_bound,17,12,success_prob,0.997314453125,0.9797261197090644,0.9739752204447297,0.9797198339447319,0.010561943054199219,2,9,"[3, 2, 1]"
fake_vigo,3,bv,15,0.2,45,False,0,"[3]",random,3,raw_upper_bound,17,13,success_prob,0.9971923828125,0.9797261197090644,0.9739752204447297,0.9797198339447319,0.010561943054199219,2,9,"[3, 2, 1]"
fake_vigo,3,bv,15,0.2,45,False,0,"[3]",random,3,raw_upper_bound,17,14,success_prob,0.9954833984375,0.9797261197090644,0.9739752204447297,0.9797198339447319,0.010561943054199219,2,9,"[3, 2, 1]"
fake_vigo,3,bv,15,0.2,45,False,0,"[3]",random,3,raw_upper_bound,17,15,success_prob,0.997802734375,0.9797261197090644,0.9739752204447297,0.9797198339447319,0.010561943054199219,2,9,"[3, 2, 1]"
fake_vigo,3,bv,15,0.2,45,False,0,"[3]",random,3,raw_upper_bound,17,16,success_prob,0.9970703125,0.9797261197090644,0.9739752204447297,0.9797198339447319,0.010561943054199219,2,9,"[3, 2, 1]"
fake_vigo,3,bv,15,0.2,45,False,0,"[3]",random,3,raw_upper_bound,17,17,success_prob,0.9967041015625,0.9797261197090644,0.9739752204447297,0.9797198339447319,0.010561943054199219,2,9,"[3, 2, 1]"
fake_vigo,3,bv,15,0.2,45,False,0,"[3]",random,3,raw_upper_bound,17,18,success_prob,0.9970703125,0.9797261197090644,0.9739752204447297,0.9797198339447319,0.010561943054199219,2,9,"[3, 2, 1]"
fake_vigo,3,bv,15,0.2,45,False,0,"[3]",random,3,raw_upper_bound,17,19,success_prob,0.9964599609375,0.9797261197090644,0.9739752204447297,0.9797198339447319,0.010561943054199219,2,9,"[3, 2, 1]"
fake_vigo,3,bv,15,0.2,45,False,0,"[3]",random,3,raw_upper_bound,18,0,success_prob,0.9962158203125,0.9521710717744769,0.9465819869536857,0.9521255818828392,0.012520313262939453,5,12,"[1, 3, 4]"
fake_vigo,3,bv,15,0.2,45,False,0,"[3]",random,3,raw_upper_bound,18,1,success_prob,0.9951171875,0.9521710717744769,0.9465819869536857,0.9521255818828392,0.012520313262939453,5,12,"[1, 3, 4]"
fake_vigo,3,bv,15,0.2,45,False,0,"[3]",random,3,raw_upper_bound,18,2,success_prob,0.9962158203125,0.9521710717744769,0.9465819869536857,0.9521255818828392,0.012520313262939453,5,12,"[1, 3, 4]"
fake_vigo,3,bv,15,0.2,45,False,0,"[3]",random,3,raw_upper_bound,18,3,success_prob,0.9964599609375,0.9521710717744769,0.9465819869536857,0.9521255818828392,0.012520313262939453,5,12,"[1, 3, 4]"
fake_vigo,3,bv,15,0.2,45,False,0,"[3]",random,3,raw_upper_bound,18,4,success_prob,0.995361328125,0.9521710717744769,0.9465819869536857,0.9521255818828392,0.012520313262939453,5,12,"[1, 3, 4]"
fake_vigo,3,bv,15,0.2,45,False,0,"[3]",random,3,raw_upper_bound,18,5,success_prob,0.996826171875,0.9521710717744769,0.9465819869536857,0.9521255818828392,0.012520313262939453,5,12,"[1, 3, 4]"
fake_vigo,3,bv,15,0.2,45,False,0,"[3]",random,3,raw_upper_bound,18,6,success_prob,0.9952392578125,0.9521710717744769,0.9465819869536857,0.9521255818828392,0.012520313262939453,5,12,"[1, 3, 4]"
fake_vigo,3,bv,15,0.2,45,False,0,"[3]",random,3,raw_upper_bound,18,7,success_prob,0.995849609375,0.9521710717744769,0.9465819869536857,0.9521255818828392,0.012520313262939453,5,12,"[1, 3, 4]"
fake_vigo,3,bv,15,0.2,45,False,0,"[3]",random,3,raw_upper_bound,18,8,success_prob,0.9967041015625,0.9521710717744769,0.9465819869536857,0.9521255818828392,0.012520313262939453,5,12,"[1, 3, 4]"
fake_vigo,3,bv,15,0.2,45,False,0,"[3]",random,3,raw_upper_bound,18,9,success_prob,0.9959716796875,0.9521710717744769,0.9465819869536857,0.9521255818828392,0.012520313262939453,5,12,"[1, 3, 4]"
fake_vigo,3,bv,15,0.2,45,False,0,"[3]",random,3,raw_upper_bound,18,10,success_prob,0.9942626953125,0.9521710717744769,0.9465819869536857,0.9521255818828392,0.012520313262939453,5,12,"[1, 3, 4]"
fake_vigo,3,bv,15,0.2,45,False,0,"[3]",random,3,raw_upper_bound,18,11,success_prob,0.99462890625,0.9521710717744769,0.9465819869536857,0.9521255818828392,0.012520313262939453,5,12,"[1, 3, 4]"
fake_vigo,3,bv,15,0.2,45,False,0,"[3]",random,3,raw_upper_bound,18,12,success_prob,0.9967041015625,0.9521710717744769,0.9465819869536857,0.9521255818828392,0.012520313262939453,5,12,"[1, 3, 4]"
fake_vigo,3,bv,15,0.2,45,False,0,"[3]",random,3,raw_upper_bound,18,13,success_prob,0.9951171875,0.9521710717744769,0.9465819869536857,0.9521255818828392,0.012520313262939453,5,12,"[1, 3, 4]"
fake_vigo,3,bv,15,0.2,45,False,0,"[3]",random,3,raw_upper_bound,18,14,success_prob,0.9952392578125,0.9521710717744769,0.9465819869536857,0.9521255818828392,0.012520313262939453,5,12,"[1, 3, 4]"
fake_vigo,3,bv,15,0.2,45,False,0,"[3]",random,3,raw_upper_bound,18,15,success_prob,0.99560546875,0.9521710717744769,0.9465819869536857,0.9521255818828392,0.012520313262939453,5,12,"[1, 3, 4]"
fake_vigo,3,bv,15,0.2,45,False,0,"[3]",random,3,raw_upper_bound,18,16,success_prob,0.995361328125,0.9521710717744769,0.9465819869536857,0.9521255818828392,0.012520313262939453,5,12,"[1, 3, 4]"
fake_vigo,3,bv,15,0.2,45,False,0,"[3]",random,3,raw_upper_bound,18,17,success_prob,0.9962158203125,0.9521710717744769,0.9465819869536857,0.9521255818828392,0.012520313262939453,5,12,"[1, 3, 4]"
fake_vigo,3,bv,15,0.2,45,False,0,"[3]",random,3,raw_upper_bound,18,18,success_prob,0.9954833984375,0.9521710717744769,0.9465819869536857,0.9521255818828392,0.012520313262939453,5,12,"[1, 3, 4]"
fake_vigo,3,bv,15,0.2,45,False,0,"[3]",random,3,raw_upper_bound,18,19,success_prob,0.9959716796875,0.9521710717744769,0.9465819869536857,0.9521255818828392,0.012520313262939453,5,12,"[1, 3, 4]"
fake_vigo,3,bv,15,0.2,45,False,0,"[3]",random,3,raw_upper_bound,19,0,success_prob,0.9962158203125,0.969850740362079,0.9641578788458296,0.9698215099672179,0.012872695922851562,2,9,"[1, 4, 3]"
fake_vigo,3,bv,15,0.2,45,False,0,"[3]",random,3,raw_upper_bound,19,1,success_prob,0.9951171875,0.969850740362079,0.9641578788458296,0.9698215099672179,0.012872695922851562,2,9,"[1, 4, 3]"
fake_vigo,3,bv,15,0.2,45,False,0,"[3]",random,3,raw_upper_bound,19,2,success_prob,0.9962158203125,0.969850740362079,0.9641578788458296,0.9698215099672179,0.012872695922851562,2,9,"[1, 4, 3]"
fake_vigo,3,bv,15,0.2,45,False,0,"[3]",random,3,raw_upper_bound,19,3,success_prob,0.9964599609375,0.969850740362079,0.9641578788458296,0.9698215099672179,0.012872695922851562,2,9,"[1, 4, 3]"
fake_vigo,3,bv,15,0.2,45,False,0,"[3]",random,3,raw_upper_bound,19,4,success_prob,0.995361328125,0.969850740362079,0.9641578788458296,0.9698215099672179,0.012872695922851562,2,9,"[1, 4, 3]"
fake_vigo,3,bv,15,0.2,45,False,0,"[3]",random,3,raw_upper_bound,19,5,success_prob,0.996826171875,0.969850740362079,0.9641578788458296,0.9698215099672179,0.012872695922851562,2,9,"[1, 4, 3]"
fake_vigo,3,bv,15,0.2,45,False,0,"[3]",random,3,raw_upper_bound,19,6,success_prob,0.9952392578125,0.969850740362079,0.9641578788458296,0.9698215099672179,0.012872695922851562,2,9,"[1, 4, 3]"
fake_vigo,3,bv,15,0.2,45,False,0,"[3]",random,3,raw_upper_bound,19,7,success_prob,0.995849609375,0.969850740362079,0.9641578788458296,0.9698215099672179,0.012872695922851562,2,9,"[1, 4, 3]"
fake_vigo,3,bv,15,0.2,45,False,0,"[3]",random,3,raw_upper_bound,19,8,success_prob,0.9967041015625,0.969850740362079,0.9641578788458296,0.9698215099672179,0.012872695922851562,2,9,"[1, 4, 3]"
fake_vigo,3,bv,15,0.2,45,False,0,"[3]",random,3,raw_upper_bound,19,9,success_prob,0.9959716796875,0.969850740362079,0.9641578788458296,0.9698215099672179,0.012872695922851562,2,9,"[1, 4, 3]"
fake_vigo,3,bv,15,0.2,45,False,0,"[3]",random,3,raw_upper_bound,19,10,success_prob,0.9942626953125,0.969850740362079,0.9641578788458296,0.9698215099672179,0.012872695922851562,2,9,"[1, 4, 3]"
fake_vigo,3,bv,15,0.2,45,False,0,"[3]",random,3,raw_upper_bound,19,11,success_prob,0.99462890625,0.969850740362079,0.9641578788458296,0.9698215099672179,0.012872695922851562,2,9,"[1, 4, 3]"
fake_vigo,3,bv,15,0.2,45,False,0,"[3]",random,3,raw_upper_bound,19,12,success_prob,0.9967041015625,0.969850740362079,0.9641578788458296,0.9698215099672179,0.012872695922851562,2,9,"[1, 4, 3]"
fake_vigo,3,bv,15,0.2,45,False,0,"[3]",random,3,raw_upper_bound,19,13,success_prob,0.9951171875,0.969850740362079,0.9641578788458296,0.9698215099672179,0.012872695922851562,2,9,"[1, 4, 3]"
fake_vigo,3,bv,15,0.2,45,False,0,"[3]",random,3,raw_upper_bound,19,14,success_prob,0.9952392578125,0.969850740362079,0.9641578788458296,0.9698215099672179,0.012872695922851562,2,9,"[1, 4, 3]"
fake_vigo,3,bv,15,0.2,45,False,0,"[3]",random,3,raw_upper_bound,19,15,success_prob,0.99560546875,0.969850740362079,0.9641578788458296,0.9698215099672179,0.012872695922851562,2,9,"[1, 4, 3]"
fake_vigo,3,bv,15,0.2,45,False,0,"[3]",random,3,raw_upper_bound,19,16,success_prob,0.995361328125,0.969850740362079,0.9641578788458296,0.9698215099672179,0.012872695922851562,2,9,"[1, 4, 3]"
fake_vigo,3,bv,15,0.2,45,False,0,"[3]",random,3,raw_upper_bound,19,17,success_prob,0.9962158203125,0.969850740362079,0.9641578788458296,0.9698215099672179,0.012872695922851562,2,9,"[1, 4, 3]"
fake_vigo,3,bv,15,0.2,45,False,0,"[3]",random,3,raw_upper_bound,19,18,success_prob,0.9954833984375,0.969850740362079,0.9641578788458296,0.9698215099672179,0.012872695922851562,2,9,"[1, 4, 3]"
fake_vigo,3,bv,15,0.2,45,False,0,"[3]",random,3,raw_upper_bound,19,19,success_prob,0.9959716796875,0.969850740362079,0.9641578788458296,0.9698215099672179,0.012872695922851562,2,9,"[1, 4, 3]"
fake_vigo,3,bv,15,0.2,45,False,0,"[3]",random,3,raw_upper_bound,20,0,success_prob,0.995361328125,0.9749459432061744,0.9692231737020446,0.9749223099794523,0.012570858001708984,3,16,"[3, 1, 4]"
fake_vigo,3,bv,15,0.2,45,False,0,"[3]",random,3,raw_upper_bound,20,1,success_prob,0.9959716796875,0.9749459432061744,0.9692231737020446,0.9749223099794523,0.012570858001708984,3,16,"[3, 1, 4]"
fake_vigo,3,bv,15,0.2,45,False,0,"[3]",random,3,raw_upper_bound,20,2,success_prob,0.9951171875,0.9749459432061744,0.9692231737020446,0.9749223099794523,0.012570858001708984,3,16,"[3, 1, 4]"
fake_vigo,3,bv,15,0.2,45,False,0,"[3]",random,3,raw_upper_bound,20,3,success_prob,0.9952392578125,0.9749459432061744,0.9692231737020446,0.9749223099794523,0.012570858001708984,3,16,"[3, 1, 4]"
fake_vigo,3,bv,15,0.2,45,False,0,"[3]",random,3,raw_upper_bound,20,4,success_prob,0.9947509765625,0.9749459432061744,0.9692231737020446,0.9749223099794523,0.012570858001708984,3,16,"[3, 1, 4]"
fake_vigo,3,bv,15,0.2,45,False,0,"[3]",random,3,raw_upper_bound,20,5,success_prob,0.9952392578125,0.9749459432061744,0.9692231737020446,0.9749223099794523,0.012570858001708984,3,16,"[3, 1, 4]"
fake_vigo,3,bv,15,0.2,45,False,0,"[3]",random,3,raw_upper_bound,20,6,success_prob,0.9954833984375,0.9749459432061744,0.9692231737020446,0.9749223099794523,0.012570858001708984,3,16,"[3, 1, 4]"
fake_vigo,3,bv,15,0.2,45,False,0,"[3]",random,3,raw_upper_bound,20,7,success_prob,0.995849609375,0.9749459432061744,0.9692231737020446,0.9749223099794523,0.012570858001708984,3,16,"[3, 1, 4]"
fake_vigo,3,bv,15,0.2,45,False,0,"[3]",random,3,raw_upper_bound,20,8,success_prob,0.9952392578125,0.9749459432061744,0.9692231737020446,0.9749223099794523,0.012570858001708984,3,16,"[3, 1, 4]"
fake_vigo,3,bv,15,0.2,45,False,0,"[3]",random,3,raw_upper_bound,20,9,success_prob,0.995849609375,0.9749459432061744,0.9692231737020446,0.9749223099794523,0.012570858001708984,3,16,"[3, 1, 4]"
fake_vigo,3,bv,15,0.2,45,False,0,"[3]",random,3,raw_upper_bound,20,10,success_prob,0.9959716796875,0.9749459432061744,0.9692231737020446,0.9749223099794523,0.012570858001708984,3,16,"[3, 1, 4]"
fake_vigo,3,bv,15,0.2,45,False,0,"[3]",random,3,raw_upper_bound,20,11,success_prob,0.9951171875,0.9749459432061744,0.9692231737020446,0.9749223099794523,0.012570858001708984,3,16,"[3, 1, 4]"
fake_vigo,3,bv,15,0.2,45,False,0,"[3]",random,3,raw_upper_bound,20,12,success_prob,0.9959716796875,0.9749459432061744,0.9692231737020446,0.9749223099794523,0.012570858001708984,3,16,"[3, 1, 4]"
fake_vigo,3,bv,15,0.2,45,False,0,"[3]",random,3,raw_upper_bound,20,13,success_prob,0.9959716796875,0.9749459432061744,0.9692231737020446,0.9749223099794523,0.012570858001708984,3,16,"[3, 1, 4]"
fake_vigo,3,bv,15,0.2,45,False,0,"[3]",random,3,raw_upper_bound,20,14,success_prob,0.993896484375,0.9749459432061744,0.9692231737020446,0.9749223099794523,0.012570858001708984,3,16,"[3, 1, 4]"
fake_vigo,3,bv,15,0.2,45,False,0,"[3]",random,3,raw_upper_bound,20,15,success_prob,0.995361328125,0.9749459432061744,0.9692231737020446,0.9749223099794523,0.012570858001708984,3,16,"[3, 1, 4]"
fake_vigo,3,bv,15,0.2,45,False,0,"[3]",random,3,raw_upper_bound,20,16,success_prob,0.9957275390625,0.9749459432061744,0.9692231737020446,0.9749223099794523,0.012570858001708984,3,16,"[3, 1, 4]"
fake_vigo,3,bv,15,0.2,45,False,0,"[3]",random,3,raw_upper_bound,20,17,success_prob,0.9957275390625,0.9749459432061744,0.9692231737020446,0.9749223099794523,0.012570858001708984,3,16,"[3, 1, 4]"
fake_vigo,3,bv,15,0.2,45,False,0,"[3]",random,3,raw_upper_bound,20,18,success_prob,0.994873046875,0.9749459432061744,0.9692231737020446,0.9749223099794523,0.012570858001708984,3,16,"[3, 1, 4]"
fake_vigo,3,bv,15,0.2,45,False,0,"[3]",random,3,raw_upper_bound,20,19,success_prob,0.9952392578125,0.9749459432061744,0.9692231737020446,0.9749223099794523,0.012570858001708984,3,16,"[3, 1, 4]"
fake_vigo,3,bv,15,0.2,45,False,0,"[3]",random,3,raw_upper_bound,21,0,success_prob,0.9962158203125,0.9700377745116253,0.9643438151362231,0.9700127742701108,0.011379003524780273,3,16,"[3, 4, 1]"
fake_vigo,3,bv,15,0.2,45,False,0,"[3]",random,3,raw_upper_bound,21,1,success_prob,0.9954833984375,0.9700377745116253,0.9643438151362231,0.9700127742701108,0.011379003524780273,3,16,"[3, 4, 1]"
fake_vigo,3,bv,15,0.2,45,False,0,"[3]",random,3,raw_upper_bound,21,2,success_prob,0.9951171875,0.9700377745116253,0.9643438151362231,0.9700127742701108,0.011379003524780273,3,16,"[3, 4, 1]"
fake_vigo,3,bv,15,0.2,45,False,0,"[3]",random,3,raw_upper_bound,21,3,success_prob,0.994873046875,0.9700377745116253,0.9643438151362231,0.9700127742701108,0.011379003524780273,3,16,"[3, 4, 1]"
fake_vigo,3,bv,15,0.2,45,False,0,"[3]",random,3,raw_upper_bound,21,4,success_prob,0.9951171875,0.9700377745116253,0.9643438151362231,0.9700127742701108,0.011379003524780273,3,16,"[3, 4, 1]"
fake_vigo,3,bv,15,0.2,45,False,0,"[3]",random,3,raw_upper_bound,21,5,success_prob,0.99658203125,0.9700377745116253,0.9643438151362231,0.9700127742701108,0.011379003524780273,3,16,"[3, 4, 1]"
fake_vigo,3,bv,15,0.2,45,False,0,"[3]",random,3,raw_upper_bound,21,6,success_prob,0.9954833984375,0.9700377745116253,0.9643438151362231,0.9700127742701108,0.011379003524780273,3,16,"[3, 4, 1]"
fake_vigo,3,bv,15,0.2,45,False,0,"[3]",random,3,raw_upper_bound,21,7,success_prob,0.996337890625,0.9700377745116253,0.9643438151362231,0.9700127742701108,0.011379003524780273,3,16,"[3, 4, 1]"
fake_vigo,3,bv,15,0.2,45,False,0,"[3]",random,3,raw_upper_bound,21,8,success_prob,0.9964599609375,0.9700377745116253,0.9643438151362231,0.9700127742701108,0.011379003524780273,3,16,"[3, 4, 1]"
fake_vigo,3,bv,15,0.2,45,False,0,"[3]",random,3,raw_upper_bound,21,9,success_prob,0.9957275390625,0.9700377745116253,0.9643438151362231,0.9700127742701108,0.011379003524780273,3,16,"[3, 4, 1]"
fake_vigo,3,bv,15,0.2,45,False,0,"[3]",random,3,raw_upper_bound,21,10,success_prob,0.995361328125,0.9700377745116253,0.9643438151362231,0.9700127742701108,0.011379003524780273,3,16,"[3, 4, 1]"
fake_vigo,3,bv,15,0.2,45,False,0,"[3]",random,3,raw_upper_bound,21,11,success_prob,0.9957275390625,0.9700377745116253,0.9643438151362231,0.9700127742701108,0.011379003524780273,3,16,"[3, 4, 1]"
fake_vigo,3,bv,15,0.2,45,False,0,"[3]",random,3,raw_upper_bound,21,12,success_prob,0.9962158203125,0.9700377745116253,0.9643438151362231,0.9700127742701108,0.011379003524780273,3,16,"[3, 4, 1]"
fake_vigo,3,bv,15,0.2,45,False,0,"[3]",random,3,raw_upper_bound,21,13,success_prob,0.995361328125,0.9700377745116253,0.9643438151362231,0.9700127742701108,0.011379003524780273,3,16,"[3, 4, 1]"
fake_vigo,3,bv,15,0.2,45,False,0,"[3]",random,3,raw_upper_bound,21,14,success_prob,0.9954833984375,0.9700377745116253,0.9643438151362231,0.9700127742701108,0.011379003524780273,3,16,"[3, 4, 1]"
fake_vigo,3,bv,15,0.2,45,False,0,"[3]",random,3,raw_upper_bound,21,15,success_prob,0.9951171875,0.9700377745116253,0.9643438151362231,0.9700127742701108,0.011379003524780273,3,16,"[3, 4, 1]"
fake_vigo,3,bv,15,0.2,45,False,0,"[3]",random,3,raw_upper_bound,21,16,success_prob,0.9959716796875,0.9700377745116253,0.9643438151362231,0.9700127742701108,0.011379003524780273,3,16,"[3, 4, 1]"
fake_vigo,3,bv,15,0.2,45,False,0,"[3]",random,3,raw_upper_bound,21,17,success_prob,0.996826171875,0.9700377745116253,0.9643438151362231,0.9700127742701108,0.011379003524780273,3,16,"[3, 4, 1]"
fake_vigo,3,bv,15,0.2,45,False,0,"[3]",random,3,raw_upper_bound,21,18,success_prob,0.9951171875,0.9700377745116253,0.9643438151362231,0.9700127742701108,0.011379003524780273,3,16,"[3, 4, 1]"
fake_vigo,3,bv,15,0.2,45,False,0,"[3]",random,3,raw_upper_bound,21,19,success_prob,0.9971923828125,0.9700377745116253,0.9643438151362231,0.9700127742701108,0.011379003524780273,3,16,"[3, 4, 1]"
fake_vigo,3,bv,15,0.2,45,False,0,"[3]",random,3,raw_upper_bound,22,0,success_prob,0.99560546875,0.9698507403620791,0.9641578788458297,0.9698215099672182,0.01214289665222168,2,9,"[4, 1, 3]"
fake_vigo,3,bv,15,0.2,45,False,0,"[3]",random,3,raw_upper_bound,22,1,success_prob,0.99560546875,0.9698507403620791,0.9641578788458297,0.9698215099672182,0.01214289665222168,2,9,"[4, 1, 3]"
fake_vigo,3,bv,15,0.2,45,False,0,"[3]",random,3,raw_upper_bound,22,2,success_prob,0.9951171875,0.9698507403620791,0.9641578788458297,0.9698215099672182,0.01214289665222168,2,9,"[4, 1, 3]"
fake_vigo,3,bv,15,0.2,45,False,0,"[3]",random,3,raw_upper_bound,22,3,success_prob,0.99609375,0.9698507403620791,0.9641578788458297,0.9698215099672182,0.01214289665222168,2,9,"[4, 1, 3]"
fake_vigo,3,bv,15,0.2,45,False,0,"[3]",random,3,raw_upper_bound,22,4,success_prob,0.9954833984375,0.9698507403620791,0.9641578788458297,0.9698215099672182,0.01214289665222168,2,9,"[4, 1, 3]"
fake_vigo,3,bv,15,0.2,45,False,0,"[3]",random,3,raw_upper_bound,22,5,success_prob,0.9957275390625,0.9698507403620791,0.9641578788458297,0.9698215099672182,0.01214289665222168,2,9,"[4, 1, 3]"
fake_vigo,3,bv,15,0.2,45,False,0,"[3]",random,3,raw_upper_bound,22,6,success_prob,0.99462890625,0.9698507403620791,0.9641578788458297,0.9698215099672182,0.01214289665222168,2,9,"[4, 1, 3]"
fake_vigo,3,bv,15,0.2,45,False,0,"[3]",random,3,raw_upper_bound,22,7,success_prob,0.9952392578125,0.9698507403620791,0.9641578788458297,0.9698215099672182,0.01214289665222168,2,9,"[4, 1, 3]"
fake_vigo,3,bv,15,0.2,45,False,0,"[3]",random,3,raw_upper_bound,22,8,success_prob,0.9959716796875,0.9698507403620791,0.9641578788458297,0.9698215099672182,0.01214289665222168,2,9,"[4, 1, 3]"
fake_vigo,3,bv,15,0.2,45,False,0,"[3]",random,3,raw_upper_bound,22,9,success_prob,0.9962158203125,0.9698507403620791,0.9641578788458297,0.9698215099672182,0.01214289665222168,2,9,"[4, 1, 3]"
fake_vigo,3,bv,15,0.2,45,False,0,"[3]",random,3,raw_upper_bound,22,10,success_prob,0.9949951171875,0.9698507403620791,0.9641578788458297,0.9698215099672182,0.01214289665222168,2,9,"[4, 1, 3]"
fake_vigo,3,bv,15,0.2,45,False,0,"[3]",random,3,raw_upper_bound,22,11,success_prob,0.9954833984375,0.9698507403620791,0.9641578788458297,0.9698215099672182,0.01214289665222168,2,9,"[4, 1, 3]"
fake_vigo,3,bv,15,0.2,45,False,0,"[3]",random,3,raw_upper_bound,22,12,success_prob,0.996337890625,0.9698507403620791,0.9641578788458297,0.9698215099672182,0.01214289665222168,2,9,"[4, 1, 3]"
fake_vigo,3,bv,15,0.2,45,False,0,"[3]",random,3,raw_upper_bound,22,13,success_prob,0.995849609375,0.9698507403620791,0.9641578788458297,0.9698215099672182,0.01214289665222168,2,9,"[4, 1, 3]"
fake_vigo,3,bv,15,0.2,45,False,0,"[3]",random,3,raw_upper_bound,22,14,success_prob,0.993896484375,0.9698507403620791,0.9641578788458297,0.9698215099672182,0.01214289665222168,2,9,"[4, 1, 3]"
fake_vigo,3,bv,15,0.2,45,False,0,"[3]",random,3,raw_upper_bound,22,15,success_prob,0.99560546875,0.9698507403620791,0.9641578788458297,0.9698215099672182,0.01214289665222168,2,9,"[4, 1, 3]"
fake_vigo,3,bv,15,0.2,45,False,0,"[3]",random,3,raw_upper_bound,22,16,success_prob,0.9952392578125,0.9698507403620791,0.9641578788458297,0.9698215099672182,0.01214289665222168,2,9,"[4, 1, 3]"
fake_vigo,3,bv,15,0.2,45,False,0,"[3]",random,3,raw_upper_bound,22,17,success_prob,0.995361328125,0.9698507403620791,0.9641578788458297,0.9698215099672182,0.01214289665222168,2,9,"[4, 1, 3]"
fake_vigo,3,bv,15,0.2,45,False,0,"[3]",random,3,raw_upper_bound,22,18,success_prob,0.995361328125,0.9698507403620791,0.9641578788458297,0.9698215099672182,0.01214289665222168,2,9,"[4, 1, 3]"
fake_vigo,3,bv,15,0.2,45,False,0,"[3]",random,3,raw_upper_bound,22,19,success_prob,0.99560546875,0.9698507403620791,0.9641578788458297,0.9698215099672182,0.01214289665222168,2,9,"[4, 1, 3]"
fake_vigo,3,bv,15,0.2,45,False,0,"[3]",random,3,raw_upper_bound,23,0,success_prob,0.99560546875,0.9473007877957055,0.9417402907267013,0.9472474988100656,0.013358354568481445,5,12,"[4, 3, 1]"
fake_vigo,3,bv,15,0.2,45,False,0,"[3]",random,3,raw_upper_bound,23,1,success_prob,0.99560546875,0.9473007877957055,0.9417402907267013,0.9472474988100656,0.013358354568481445,5,12,"[4, 3, 1]"
fake_vigo,3,bv,15,0.2,45,False,0,"[3]",random,3,raw_upper_bound,23,2,success_prob,0.9951171875,0.9473007877957055,0.9417402907267013,0.9472474988100656,0.013358354568481445,5,12,"[4, 3, 1]"
fake_vigo,3,bv,15,0.2,45,False,0,"[3]",random,3,raw_upper_bound,23,3,success_prob,0.99609375,0.9473007877957055,0.9417402907267013,0.9472474988100656,0.013358354568481445,5,12,"[4, 3, 1]"
fake_vigo,3,bv,15,0.2,45,False,0,"[3]",random,3,raw_upper_bound,23,4,success_prob,0.9954833984375,0.9473007877957055,0.9417402907267013,0.9472474988100656,0.013358354568481445,5,12,"[4, 3, 1]"
fake_vigo,3,bv,15,0.2,45,False,0,"[3]",random,3,raw_upper_bound,23,5,success_prob,0.9957275390625,0.9473007877957055,0.9417402907267013,0.9472474988100656,0.013358354568481445,5,12,"[4, 3, 1]"
fake_vigo,3,bv,15,0.2,45,False,0,"[3]",random,3,raw_upper_bound,23,6,success_prob,0.99462890625,0.9473007877957055,0.9417402907267013,0.9472474988100656,0.013358354568481445,5,12,"[4, 3, 1]"
fake_vigo,3,bv,15,0.2,45,False,0,"[3]",random,3,raw_upper_bound,23,7,success_prob,0.9952392578125,0.9473007877957055,0.9417402907267013,0.9472474988100656,0.013358354568481445,5,12,"[4, 3, 1]"
fake_vigo,3,bv,15,0.2,45,False,0,"[3]",random,3,raw_upper_bound,23,8,success_prob,0.9959716796875,0.9473007877957055,0.9417402907267013,0.9472474988100656,0.013358354568481445,5,12,"[4, 3, 1]"
fake_vigo,3,bv,15,0.2,45,False,0,"[3]",random,3,raw_upper_bound,23,9,success_prob,0.9962158203125,0.9473007877957055,0.9417402907267013,0.9472474988100656,0.013358354568481445,5,12,"[4, 3, 1]"
fake_vigo,3,bv,15,0.2,45,False,0,"[3]",random,3,raw_upper_bound,23,10,success_prob,0.9949951171875,0.9473007877957055,0.9417402907267013,0.9472474988100656,0.013358354568481445,5,12,"[4, 3, 1]"
fake_vigo,3,bv,15,0.2,45,False,0,"[3]",random,3,raw_upper_bound,23,11,success_prob,0.9954833984375,0.9473007877957055,0.9417402907267013,0.9472474988100656,0.013358354568481445,5,12,"[4, 3, 1]"
fake_vigo,3,bv,15,0.2,45,False,0,"[3]",random,3,raw_upper_bound,23,12,success_prob,0.996337890625,0.9473007877957055,0.9417402907267013,0.9472474988100656,0.013358354568481445,5,12,"[4, 3, 1]"
fake_vigo,3,bv,15,0.2,45,False,0,"[3]",random,3,raw_upper_bound,23,13,success_prob,0.995849609375,0.9473007877957055,0.9417402907267013,0.9472474988100656,0.013358354568481445,5,12,"[4, 3, 1]"
fake_vigo,3,bv,15,0.2,45,False,0,"[3]",random,3,raw_upper_bound,23,14,success_prob,0.993896484375,0.9473007877957055,0.9417402907267013,0.9472474988100656,0.013358354568481445,5,12,"[4, 3, 1]"
fake_vigo,3,bv,15,0.2,45,False,0,"[3]",random,3,raw_upper_bound,23,15,success_prob,0.99560546875,0.9473007877957055,0.9417402907267013,0.9472474988100656,0.013358354568481445,5,12,"[4, 3, 1]"
fake_vigo,3,bv,15,0.2,45,False,0,"[3]",random,3,raw_upper_bound,23,16,success_prob,0.9952392578125,0.9473007877957055,0.9417402907267013,0.9472474988100656,0.013358354568481445,5,12,"[4, 3, 1]"
fake_vigo,3,bv,15,0.2,45,False,0,"[3]",random,3,raw_upper_bound,23,17,success_prob,0.995361328125,0.9473007877957055,0.9417402907267013,0.9472474988100656,0.013358354568481445,5,12,"[4, 3, 1]"
fake_vigo,3,bv,15,0.2,45,False,0,"[3]",random,3,raw_upper_bound,23,18,success_prob,0.995361328125,0.9473007877957055,0.9417402907267013,0.9472474988100656,0.013358354568481445,5,12,"[4, 3, 1]"
fake_vigo,3,bv,15,0.2,45,False,0,"[3]",random,3,raw_upper_bound,23,19,success_prob,0.99560546875,0.9473007877957055,0.9417402907267013,0.9472474988100656,0.013358354568481445,5,12,"[4, 3, 1]"
fake_vigo,3,bv,15,0.2,45,False,0,"[3]",esp_thermal,3,raw_upper_bound,0,0,success_prob,0.9976806640625,0.9797261197090644,0.9739752204447297,0.9797198339447317,0.3046226501464844,2,9,"[2, 3, 1]"
fake_vigo,3,bv,15,0.2,45,False,0,"[3]",esp_thermal,3,raw_upper_bound,0,1,success_prob,0.9957275390625,0.9797261197090644,0.9739752204447297,0.9797198339447317,0.3046226501464844,2,9,"[2, 3, 1]"
fake_vigo,3,bv,15,0.2,45,False,0,"[3]",esp_thermal,3,raw_upper_bound,0,2,success_prob,0.997314453125,0.9797261197090644,0.9739752204447297,0.9797198339447317,0.3046226501464844,2,9,"[2, 3, 1]"
fake_vigo,3,bv,15,0.2,45,False,0,"[3]",esp_thermal,3,raw_upper_bound,0,3,success_prob,0.997802734375,0.9797261197090644,0.9739752204447297,0.9797198339447317,0.3046226501464844,2,9,"[2, 3, 1]"
fake_vigo,3,bv,15,0.2,45,False,0,"[3]",esp_thermal,3,raw_upper_bound,0,4,success_prob,0.996826171875,0.9797261197090644,0.9739752204447297,0.9797198339447317,0.3046226501464844,2,9,"[2, 3, 1]"
fake_vigo,3,bv,15,0.2,45,False,0,"[3]",esp_thermal,3,raw_upper_bound,0,5,success_prob,0.99853515625,0.9797261197090644,0.9739752204447297,0.9797198339447317,0.3046226501464844,2,9,"[2, 3, 1]"
fake_vigo,3,bv,15,0.2,45,False,0,"[3]",esp_thermal,3,raw_upper_bound,0,6,success_prob,0.997314453125,0.9797261197090644,0.9739752204447297,0.9797198339447317,0.3046226501464844,2,9,"[2, 3, 1]"
fake_vigo,3,bv,15,0.2,45,False,0,"[3]",esp_thermal,3,raw_upper_bound,0,7,success_prob,0.997314453125,0.9797261197090644,0.9739752204447297,0.9797198339447317,0.3046226501464844,2,9,"[2, 3, 1]"
fake_vigo,3,bv,15,0.2,45,False,0,"[3]",esp_thermal,3,raw_upper_bound,0,8,success_prob,0.997802734375,0.9797261197090644,0.9739752204447297,0.9797198339447317,0.3046226501464844,2,9,"[2, 3, 1]"
fake_vigo,3,bv,15,0.2,45,False,0,"[3]",esp_thermal,3,raw_upper_bound,0,9,success_prob,0.9976806640625,0.9797261197090644,0.9739752204447297,0.9797198339447317,0.3046226501464844,2,9,"[2, 3, 1]"
fake_vigo,3,bv,15,0.2,45,False,0,"[3]",esp_thermal,3,raw_upper_bound,0,10,success_prob,0.995849609375,0.9797261197090644,0.9739752204447297,0.9797198339447317,0.3046226501464844,2,9,"[2, 3, 1]"
fake_vigo,3,bv,15,0.2,45,False,0,"[3]",esp_thermal,3,raw_upper_bound,0,11,success_prob,0.996826171875,0.9797261197090644,0.9739752204447297,0.9797198339447317,0.3046226501464844,2,9,"[2, 3, 1]"
fake_vigo,3,bv,15,0.2,45,False,0,"[3]",esp_thermal,3,raw_upper_bound,0,12,success_prob,0.997314453125,0.9797261197090644,0.9739752204447297,0.9797198339447317,0.3046226501464844,2,9,"[2, 3, 1]"
fake_vigo,3,bv,15,0.2,45,False,0,"[3]",esp_thermal,3,raw_upper_bound,0,13,success_prob,0.9967041015625,0.9797261197090644,0.9739752204447297,0.9797198339447317,0.3046226501464844,2,9,"[2, 3, 1]"
fake_vigo,3,bv,15,0.2,45,False,0,"[3]",esp_thermal,3,raw_upper_bound,0,14,success_prob,0.99658203125,0.9797261197090644,0.9739752204447297,0.9797198339447317,0.3046226501464844,2,9,"[2, 3, 1]"
fake_vigo,3,bv,15,0.2,45,False,0,"[3]",esp_thermal,3,raw_upper_bound,0,15,success_prob,0.996826171875,0.9797261197090644,0.9739752204447297,0.9797198339447317,0.3046226501464844,2,9,"[2, 3, 1]"
fake_vigo,3,bv,15,0.2,45,False,0,"[3]",esp_thermal,3,raw_upper_bound,0,16,success_prob,0.9967041015625,0.9797261197090644,0.9739752204447297,0.9797198339447317,0.3046226501464844,2,9,"[2, 3, 1]"
fake_vigo,3,bv,15,0.2,45,False,0,"[3]",esp_thermal,3,raw_upper_bound,0,17,success_prob,0.9974365234375,0.9797261197090644,0.9739752204447297,0.9797198339447317,0.3046226501464844,2,9,"[2, 3, 1]"
fake_vigo,3,bv,15,0.2,45,False,0,"[3]",esp_thermal,3,raw_upper_bound,0,18,success_prob,0.9964599609375,0.9797261197090644,0.9739752204447297,0.9797198339447317,0.3046226501464844,2,9,"[2, 3, 1]"
fake_vigo,3,bv,15,0.2,45,False,0,"[3]",esp_thermal,3,raw_upper_bound,0,19,success_prob,0.9971923828125,0.9797261197090644,0.9739752204447297,0.9797198339447317,0.3046226501464844,2,9,"[2, 3, 1]"
